model,split_type,family_RMSE,family_nRMSE,folds
GQ1,leave_D,0.12745191960932253,0.26429969331602987,5
GQ1,leave_N,0.11373729988857134,0.23585940150048484,9
GQ1,leave_Q,0.11954107629696906,0.24789481320331594,10
GQ1,leave_cell,0.10850564137893735,0.22501040256921007,45
GQ2,leave_D,0.07333816176583716,0.1520828695439621,5
GQ2,leave_N,0.0746429617439115,0.1547886603637544,9
GQ2,leave_Q,0.07108649103330972,0.14741353317084285,10
GQ2,leave_cell,0.0687698773445934,0.14260952324038234,45
GQ3,leave_D,0.07661888802879063,0.1588861797476087,5
GQ3,leave_N,0.07597413398591238,0.15754913989509534,9
GQ3,leave_Q,0.07310489306079569,0.1515991353845107,10
GQ3,leave_cell,0.07182950494558,0.1489543365557157,45
GQ4,leave_D,0.08407536774515396,0.1743488366325967,5
GQ4,leave_N,0.0810509441714609,0.1680770266399728,9
GQ4,leave_Q,0.09170146050481501,0.19016322360892735,10
GQ4,leave_cell,0.07849713932594073,0.16278114848035816,45
