N_params_B,D_tokens_B,Q_score,val_loss,delta_loss,model,split_type,held_out_level,classic_prediction,quality_delta_prediction,predicted,residual
0.07,10.0,0.1,3.7216,0.6091000000000002,GQ2,leave_cell,N0.07_D10.0,3.215117849650817,0.3224443448084944,3.537562194459311,-0.1840378055406888
0.07,10.0,0.2,3.6004,0.4879000000000002,GQ2,leave_cell,N0.07_D10.0,3.215117849650817,0.2865929246251369,3.501710774275954,-0.0986892257240459
0.07,10.0,0.3,3.6507,0.5382000000000002,GQ2,leave_cell,N0.07_D10.0,3.215117849650817,0.2507447347934027,3.46586258444422,-0.1848374155557803
0.07,10.0,0.4,3.5704,0.4579,GQ2,leave_cell,N0.07_D10.0,3.215117849650817,0.2149002394125126,3.4300180890633296,-0.1403819109366701
0.07,10.0,0.6,3.5458,0.4333,GQ2,leave_cell,N0.07_D10.0,3.215117849650817,0.1432250670328353,3.3583429166836525,-0.1874570833163473
0.07,10.0,0.8,3.353,0.2405000000000003,GQ2,leave_cell,N0.07_D10.0,3.215117849650817,0.0715768536623564,3.2866947033131737,-0.0663052966868265
0.07,10.0,0.9,3.2211,0.1086,GQ2,leave_cell,N0.07_D10.0,3.215117849650817,0.0357705957926195,3.2508884454434366,0.0297884454434367
0.07,10.0,1.0,3.1125,0.0,GQ2,leave_cell,N0.07_D10.0,3.215117849650817,0.0,3.215117849650817,0.1026178496508172
0.07,10.0,0.5,3.568,0.4555000000000002,GQ2,leave_cell,N0.07_D10.0,3.215117849650817,0.1790600591198758,3.394177908770693,-0.1738220912293071
0.07,10.0,0.7,3.4466,0.3341000000000003,GQ2,leave_cell,N0.07_D10.0,3.215117849650817,0.1073965843207348,3.322514433971552,-0.1240855660284481
0.07,50.0,0.1,3.5105,0.5183,GQ2,leave_cell,N0.07_D50.0,2.9789906607198824,0.3224014912153626,3.301392151935245,-0.2091078480647548
0.07,50.0,0.2,3.4001,0.4079000000000001,GQ2,leave_cell,N0.07_D50.0,2.9789906607198824,0.2870894165297338,3.266080077249616,-0.134019922750384
0.07,50.0,0.3,3.3596,0.3673999999999999,GQ2,leave_cell,N0.07_D50.0,2.9789906607198824,0.2517104284892147,3.2307010892090973,-0.1288989107909026
0.07,50.0,0.4,3.2727,0.2804999999999999,GQ2,leave_cell,N0.07_D50.0,2.9789906607198824,0.2162547504124262,3.1952454111323085,-0.0774545888676914
0.07,50.0,0.6,3.0798,0.0876000000000001,GQ2,leave_cell,N0.07_D50.0,2.9789906607198824,0.1450555234705823,3.1240461841904645,0.0442461841904644
0.07,50.0,0.8,3.1431,0.1509,GQ2,leave_cell,N0.07_D50.0,2.9789906607198824,0.0732911200408024,3.052281780760685,-0.0908182192393152
0.07,50.0,0.9,3.0628,0.0706000000000002,GQ2,leave_cell,N0.07_D50.0,2.9789906607198824,0.0370312563652544,3.016021917085137,-0.0467780829148631
0.07,50.0,1.0,2.9922,0.0,GQ2,leave_cell,N0.07_D50.0,2.9789906607198824,0.0,2.9789906607198824,-0.0132093392801175
0.07,50.0,0.5,3.1892,0.197,GQ2,leave_cell,N0.07_D50.0,2.9789906607198824,0.1807092775599673,3.1596999382798496,-0.0295000617201504
0.07,50.0,0.7,3.1419,0.1497000000000001,GQ2,leave_cell,N0.07_D50.0,2.9789906607198824,0.1092654212170365,3.088256081936919,-0.0536439180630812
0.07,150.0,0.1,3.384,0.4186999999999998,GQ2,leave_cell,N0.07_D150.0,2.869145956904044,0.3221269058887724,3.191272862792816,-0.1927271372071839
0.07,150.0,0.2,3.2214,0.2561,GQ2,leave_cell,N0.07_D150.0,2.869145956904044,0.2867637955002057,3.155909752404249,-0.0654902475957506
0.07,150.0,0.3,3.3529,0.3875999999999999,GQ2,leave_cell,N0.07_D150.0,2.869145956904044,0.2513443355756505,3.120490292479694,-0.2324097075203059
0.07,150.0,0.4,3.1687,0.2033999999999998,GQ2,leave_cell,N0.07_D150.0,2.869145956904044,0.2158603138017902,3.0850062707058337,-0.0836937292941661
0.07,150.0,0.6,3.1017,0.1364,GQ2,leave_cell,N0.07_D150.0,2.869145956904044,0.144650056306369,3.0137960132104125,-0.0879039867895876
0.07,150.0,0.8,3.0179,0.0525999999999999,GQ2,leave_cell,N0.07_D150.0,2.869145956904044,0.0729647156222715,2.942110672526315,-0.0757893274736849
0.07,150.0,0.9,2.7658,-0.1995,GQ2,leave_cell,N0.07_D150.0,2.869145956904044,0.0368050304423181,2.905950987346362,0.1401509873463617
0.07,150.0,1.0,2.9653,0.0,GQ2,leave_cell,N0.07_D150.0,2.869145956904044,0.0,2.869145956904044,-0.0961540430959564
0.07,150.0,0.5,3.1305,0.1652,GQ2,leave_cell,N0.07_D150.0,2.869145956904044,0.1803007262136332,3.0494466831176767,-0.0810533168823233
0.07,150.0,0.7,3.0551,0.0897999999999998,GQ2,leave_cell,N0.07_D150.0,2.869145956904044,0.1088847582424925,2.978030715146536,-0.0770692848534637
0.07,300.0,0.1,3.2863,0.4493,GQ2,leave_cell,N0.07_D300.0,2.81533908735193,0.3229078885310849,3.138246975883015,-0.1480530241169853
0.07,300.0,0.2,3.1355,0.2984999999999997,GQ2,leave_cell,N0.07_D300.0,2.81533908735193,0.2873225013393203,3.1026615886912503,-0.0328384113087496
0.07,300.0,0.3,3.1588,0.3217999999999996,GQ2,leave_cell,N0.07_D300.0,2.81533908735193,0.2516984247530383,3.067037512104968,-0.0917624878950316
0.07,300.0,0.4,3.2809,0.4438999999999997,GQ2,leave_cell,N0.07_D300.0,2.81533908735193,0.2160300443147675,3.0313691316666973,-0.2495308683333026
0.07,300.0,0.6,3.0098,0.1727999999999996,GQ2,leave_cell,N0.07_D300.0,2.81533908735193,0.1445272218617471,2.959866309213677,-0.0499336907863225
0.07,300.0,0.8,2.8391,0.0020999999999999,GQ2,leave_cell,N0.07_D300.0,2.81533908735193,0.0726992065073468,2.888038293859277,0.0489382938592766
0.07,300.0,0.9,2.858,0.0209999999999999,GQ2,leave_cell,N0.07_D300.0,2.81533908735193,0.0365687138984349,2.851907801250365,-0.0060921987496351
0.07,300.0,1.0,2.837,0.0,GQ2,leave_cell,N0.07_D300.0,2.81533908735193,0.0,2.81533908735193,-0.0216609126480702
0.07,300.0,0.5,3.1769,0.3398999999999996,GQ2,leave_cell,N0.07_D300.0,2.81533908735193,0.1803098414750055,2.9956489288269355,-0.1812510711730643
0.07,300.0,0.7,2.9398,0.1027999999999997,GQ2,leave_cell,N0.07_D300.0,2.81533908735193,0.1086661225554724,2.9240052099074023,-0.0157947900925976
0.07,600.0,0.1,3.1971,0.4500999999999999,GQ2,leave_cell,N0.07_D600.0,2.7710204892724097,0.3232950628152355,3.0943155520876453,-0.1027844479123545
0.07,600.0,0.2,3.1469,0.3999000000000001,GQ2,leave_cell,N0.07_D600.0,2.7710204892724097,0.2875800632399112,3.058600552512321,-0.088299447487679
0.07,600.0,0.3,3.1946,0.4476,GQ2,leave_cell,N0.07_D600.0,2.7710204892724097,0.2518377319131457,3.0228582211855555,-0.1717417788144444
0.07,600.0,0.4,3.1242,0.3772000000000002,GQ2,leave_cell,N0.07_D600.0,2.7710204892724097,0.2160641133773329,2.987084602649743,-0.1371153973502572
0.07,600.0,0.6,2.9753,0.2282999999999999,GQ2,leave_cell,N0.07_D600.0,2.7710204892724097,0.1443996721849504,2.91542016145736,-0.0598798385426397
0.07,600.0,0.8,2.8695,0.1225,GQ2,leave_cell,N0.07_D600.0,2.7710204892724097,0.0725059487511349,2.8435264380235448,-0.0259735619764551
0.07,600.0,0.9,2.8303,0.0832999999999999,GQ2,leave_cell,N0.07_D600.0,2.7710204892724097,0.0364066796326849,2.8074271689050945,-0.0228728310949053
0.07,600.0,1.0,2.747,0.0,GQ2,leave_cell,N0.07_D600.0,2.7710204892724097,0.0,2.7710204892724097,0.0240204892724098
0.07,600.0,0.5,3.0404,0.2934000000000001,GQ2,leave_cell,N0.07_D600.0,2.7710204892724097,0.1802539127146889,2.951274401987099,-0.0891255980129011
0.07,600.0,0.7,2.9333,0.1863000000000001,GQ2,leave_cell,N0.07_D600.0,2.7710204892724097,0.1084900906937726,2.8795105799661824,-0.0537894200338175
0.16,10.0,0.1,3.4765,0.4643999999999999,GQ2,leave_cell,N0.16_D10.0,3.000925809889329,0.32281136578817,3.3237371756775,-0.1527628243225005
0.16,10.0,0.2,3.4324,0.4202999999999997,GQ2,leave_cell,N0.16_D10.0,3.000925809889329,0.2870607255923249,3.287986535481654,-0.1444134645183457
0.16,10.0,0.3,3.46,0.4478999999999997,GQ2,leave_cell,N0.16_D10.0,3.000925809889329,0.2512945358543255,3.252220345743655,-0.207779654256345
0.16,10.0,0.4,3.2484,0.2362999999999999,GQ2,leave_cell,N0.16_D10.0,3.000925809889329,0.2155105525575105,3.21643636244684,-0.0319636375531602
0.16,10.0,0.6,3.269,0.2568999999999999,GQ2,leave_cell,N0.16_D10.0,3.000925809889329,0.1438759696401791,3.1448017795295087,-0.1241982204704914
0.16,10.0,0.8,3.2072,0.1950999999999996,GQ2,leave_cell,N0.16_D10.0,3.000925809889329,0.0721112043355581,3.073037014224888,-0.1341629857751121
0.16,10.0,0.9,3.0024,-0.0097,GQ2,leave_cell,N0.16_D10.0,3.000925809889329,0.0361424204731994,3.0370682303625287,0.0346682303625285
0.16,10.0,1.0,3.0121,0.0,GQ2,leave_cell,N0.16_D10.0,3.000925809889329,0.0,3.000925809889329,-0.0111741901106707
0.16,10.0,0.5,3.2494,0.2372999999999998,GQ2,leave_cell,N0.16_D10.0,3.000925809889329,0.1797057729429197,3.180631582832249,-0.0687684171677509
0.16,10.0,0.7,3.2288,0.2166999999999999,GQ2,leave_cell,N0.16_D10.0,3.000925809889329,0.1080147402711492,3.1089405501604785,-0.1198594498395215
0.16,50.0,0.1,3.2175,0.4244999999999996,GQ2,leave_cell,N0.16_D50.0,2.764798620958395,0.3232034391565768,3.088002060114972,-0.1294979398850282
0.16,50.0,0.2,3.1458,0.3527999999999998,GQ2,leave_cell,N0.16_D50.0,2.764798620958395,0.2882410741690945,3.0530396951274894,-0.0927603048725105
0.16,50.0,0.3,3.0796,0.2865999999999999,GQ2,leave_cell,N0.16_D50.0,2.764798620958395,0.2531557876269268,3.0179544085853216,-0.0616455914146785
0.16,50.0,0.4,3.002,0.2089999999999996,GQ2,leave_cell,N0.16_D50.0,2.764798620958395,0.2179293744319171,2.982727995390312,-0.0192720046096877
0.16,50.0,0.6,2.8375,0.0444999999999997,GQ2,leave_cell,N0.16_D50.0,2.764798620958395,0.1469452564125671,2.911743877370962,0.0742438773709621
0.16,50.0,0.8,2.894,0.1009999999999999,GQ2,leave_cell,N0.16_D50.0,2.764798620958395,0.074912669696366,2.839711290654761,-0.0542887093452391
0.16,50.0,0.9,2.6326,-0.1604000000000001,GQ2,leave_cell,N0.16_D50.0,2.764798620958395,0.0381904677840072,2.802989088742402,0.170389088742402
0.16,50.0,1.0,2.793,0.0,GQ2,leave_cell,N0.16_D50.0,2.764798620958395,0.0,2.764798620958395,-0.0282013790416053
0.16,50.0,0.5,2.9246,0.1315999999999997,GQ2,leave_cell,N0.16_D50.0,2.764798620958395,0.182537386031442,2.9473360069898367,0.0227360069898368
0.16,50.0,0.7,2.8275,0.0344999999999999,GQ2,leave_cell,N0.16_D50.0,2.764798620958395,0.1111003624242045,2.875898983382599,0.048398983382599
0.16,150.0,0.1,3.1249,0.4591999999999996,GQ2,leave_cell,N0.16_D150.0,2.654953917142556,0.32364661924433,2.978600536386886,-0.1462994636131136
0.16,150.0,0.2,2.9746,0.3088999999999999,GQ2,leave_cell,N0.16_D150.0,2.654953917142556,0.2880087126398249,2.942962629782381,-0.0316373702176191
0.16,150.0,0.3,3.0125,0.3468,GQ2,leave_cell,N0.16_D150.0,2.654953917142556,0.2523282510036306,2.9072821681461867,-0.1052178318538135
0.16,150.0,0.4,2.9738,0.3081,GQ2,leave_cell,N0.16_D150.0,2.654953917142556,0.2165990533186348,2.871552970461191,-0.1022470295388093
0.16,150.0,0.6,2.8802,0.2144999999999997,GQ2,leave_cell,N0.16_D150.0,2.654953917142556,0.1449579482957962,2.7999118654383524,-0.0802881345616475
0.16,150.0,0.8,2.725,0.0592999999999999,GQ2,leave_cell,N0.16_D150.0,2.654953917142556,0.0729589274627421,2.727912844605298,0.0029128446052979
0.16,150.0,0.9,2.7204,0.0546999999999999,GQ2,leave_cell,N0.16_D150.0,2.654953917142556,0.0367210295061001,2.6916749466486563,-0.0287250533513439
0.16,150.0,1.0,2.6657,0.0,GQ2,leave_cell,N0.16_D150.0,2.654953917142556,0.0,2.654953917142556,-0.0107460828574441
0.16,150.0,0.5,2.8925,0.2267999999999999,GQ2,leave_cell,N0.16_D150.0,2.654953917142556,0.1808128412961678,2.835766758438724,-0.0567332415612762
0.16,150.0,0.7,2.7914,0.1256999999999997,GQ2,leave_cell,N0.16_D150.0,2.654953917142556,0.1090166824610829,2.7639705996036392,-0.0274294003963606
0.16,300.0,0.1,2.9719,0.3648000000000002,GQ2,leave_cell,N0.16_D300.0,2.601147047590442,0.3248553678922113,2.926002415482653,-0.045897584517347
0.16,300.0,0.2,2.9407,0.3336000000000001,GQ2,leave_cell,N0.16_D300.0,2.601147047590442,0.2889874258812825,2.8901344734717247,-0.0505655265282753
0.16,300.0,0.3,2.956,0.3489,GQ2,leave_cell,N0.16_D300.0,2.601147047590442,0.2530894671990042,2.854236514789446,-0.101763485210554
0.16,300.0,0.4,2.8482,0.2410999999999998,GQ2,leave_cell,N0.16_D300.0,2.601147047590442,0.2171571451826747,2.8183041927731165,-0.0298958072268833
0.16,300.0,0.6,2.8081,0.201,GQ2,leave_cell,N0.16_D300.0,2.601147047590442,0.1451637570586067,2.7463108046490485,-0.0617891953509515
0.16,300.0,0.8,2.6978,0.0907,GQ2,leave_cell,N0.16_D300.0,2.601147047590442,0.0729184541476447,2.6740655017380868,-0.0237344982619132
0.16,300.0,0.9,2.6348,0.0276999999999998,GQ2,leave_cell,N0.16_D300.0,2.601147047590442,0.0366282952647437,2.6377753428551856,0.0029753428551857
0.16,300.0,1.0,2.6071,0.0,GQ2,leave_cell,N0.16_D300.0,2.601147047590442,0.0,2.601147047590442,-0.005952952409558
0.16,300.0,0.5,2.8079,0.2008000000000001,GQ2,leave_cell,N0.16_D300.0,2.601147047590442,0.18118464074528,2.782331688335722,-0.0255683116642781
0.16,300.0,0.7,2.7592,0.1520999999999999,GQ2,leave_cell,N0.16_D300.0,2.601147047590442,0.1090820715493287,2.7102291191397705,-0.0489708808602293
0.16,600.0,0.1,2.98,0.4018999999999999,GQ2,leave_cell,N0.16_D600.0,2.556828449510922,0.3239248338099202,2.8807532833208422,-0.0992467166791577
0.16,600.0,0.2,2.9212,0.3430999999999997,GQ2,leave_cell,N0.16_D600.0,2.556828449510922,0.2883436727645936,2.845172122275516,-0.076027877724484
0.16,600.0,0.3,2.8818,0.3037000000000001,GQ2,leave_cell,N0.16_D600.0,2.556828449510922,0.2527085334970672,2.8095369830079893,-0.0722630169920108
0.16,600.0,0.4,2.8627,0.2845999999999997,GQ2,leave_cell,N0.16_D600.0,2.556828449510922,0.2170115543592037,2.773840003870126,-0.0888599961298739
0.16,600.0,0.6,2.7288,0.1507,GQ2,leave_cell,N0.16_D600.0,2.556828449510922,0.145385625953682,2.702214075464604,-0.0265859245353961
0.16,600.0,0.8,2.658,0.0798999999999998,GQ2,leave_cell,N0.16_D600.0,2.556828449510922,0.0733048172386995,2.630133266749622,-0.0278667332503781
0.16,600.0,0.9,2.5923,0.0141999999999997,GQ2,leave_cell,N0.16_D600.0,2.556828449510922,0.0369609869968239,2.593789436507746,0.0014894365077462
0.16,600.0,1.0,2.5781,0.0,GQ2,leave_cell,N0.16_D600.0,2.556828449510922,0.0,2.556828449510922,-0.0212715504890779
0.16,600.0,0.5,2.7776,0.1995,GQ2,leave_cell,N0.16_D600.0,2.556828449510922,0.1812422021967486,2.738070651707671,-0.0395293482923291
0.16,600.0,0.7,2.6652,0.0870999999999999,GQ2,leave_cell,N0.16_D600.0,2.556828449510922,0.1094192924963272,2.666247742007249,0.0010477420072492
0.41,10.0,0.1,3.228,0.2722000000000002,GQ2,leave_cell,N0.41_D10.0,2.820219653037917,0.3240894113901202,3.144309064428037,-0.0836909355719632
0.41,10.0,0.2,3.2291,0.2732999999999999,GQ2,leave_cell,N0.41_D10.0,2.820219653037917,0.2881814381451721,3.1084010911830893,-0.1206989088169105
0.41,10.0,0.3,3.2054,0.2496,GQ2,leave_cell,N0.41_D10.0,2.820219653037917,0.2522599415377544,3.0724795945756718,-0.1329204054243287
0.41,10.0,0.4,3.0181,0.0623,GQ2,leave_cell,N0.41_D10.0,2.820219653037917,0.2163229709274145,3.0365426239653317,0.0184426239653312
0.41,10.0,0.6,3.0836,0.1278000000000001,GQ2,leave_cell,N0.41_D10.0,2.820219653037917,0.1443911035233828,2.9646107565613,-0.1189892434387003
0.41,10.0,0.8,2.9795,0.0236999999999998,GQ2,leave_cell,N0.41_D10.0,2.820219653037917,0.0723460570912885,2.892565710129205,-0.0869342898707943
0.41,10.0,0.9,2.8227,-0.1330999999999997,GQ2,leave_cell,N0.41_D10.0,2.820219653037917,0.0362484380889047,2.8564680911268217,0.0337680911268214
0.41,10.0,1.0,2.9558,0.0,GQ2,leave_cell,N0.41_D10.0,2.820219653037917,0.0,2.820219653037917,-0.1355803469620831
0.41,10.0,0.5,3.0802,0.1244,GQ2,leave_cell,N0.41_D10.0,2.820219653037917,0.180367916305591,3.000587569343508,-0.0796124306564922
0.41,10.0,0.7,3.027,0.0712000000000001,GQ2,leave_cell,N0.41_D10.0,2.820219653037917,0.1083869686080589,2.928606621645976,-0.0983933783540242
0.41,50.0,0.1,2.976,0.3713000000000002,GQ2,leave_cell,N0.41_D50.0,2.5840924641069822,0.3240316851840704,2.908124149291053,-0.0678758507089472
0.41,50.0,0.2,2.9489,0.3442000000000003,GQ2,leave_cell,N0.41_D50.0,2.5840924641069822,0.2886845338330188,2.872776997940001,-0.0761230020599992
0.41,50.0,0.3,2.9676,0.3629000000000002,GQ2,leave_cell,N0.41_D50.0,2.5840924641069822,0.2532516640396846,2.837344128146667,-0.1302558718533331
0.41,50.0,0.4,2.8049,0.2002000000000001,GQ2,leave_cell,N0.41_D50.0,2.5840924641069822,0.2177204956262739,2.8018129597332564,-0.0030870402667435
0.41,50.0,0.6,2.6958,0.0911000000000004,GQ2,leave_cell,N0.41_D50.0,2.5840924641069822,0.1462888241587329,2.7303812882657152,0.034581288265715
0.41,50.0,0.8,2.6518,0.0471000000000003,GQ2,leave_cell,N0.41_D50.0,2.5840924641069822,0.0741308160489232,2.6582232801559056,0.0064232801559054
0.41,50.0,0.9,2.6355,0.0308000000000001,GQ2,leave_cell,N0.41_D50.0,2.5840924641069822,0.0375652611857516,2.6216577252927338,-0.0138422747072661
0.41,50.0,1.0,2.6047,0.0,GQ2,leave_cell,N0.41_D50.0,2.5840924641069822,0.0,2.5840924641069822,-0.0206075358930175
0.41,50.0,0.5,2.7517,0.1470000000000002,GQ2,leave_cell,N0.41_D50.0,2.5840924641069822,0.1820741555628341,2.7661666196698165,0.0144666196698164
0.41,50.0,0.7,2.6453,0.0406000000000004,GQ2,leave_cell,N0.41_D50.0,2.5840924641069822,0.1103283050100873,2.6944207691170696,0.0491207691170694
0.41,150.0,0.1,2.8727,0.4659,GQ2,leave_cell,N0.41_D150.0,2.4742477602911435,0.3246958907280703,2.798943651019214,-0.0737563489807859
0.41,150.0,0.2,2.8815,0.4746999999999999,GQ2,leave_cell,N0.41_D150.0,2.4742477602911435,0.2891145402580483,2.763362300549192,-0.1181376994508083
0.41,150.0,0.3,2.7186,0.3117999999999998,GQ2,leave_cell,N0.41_D150.0,2.4742477602911435,0.2534681243593337,2.727715884650477,0.0091158846504773
0.41,150.0,0.4,2.6566,0.2498,GQ2,leave_cell,N0.41_D150.0,2.4742477602911435,0.2177471416541219,2.6919949019452654,0.0353949019452652
0.41,150.0,0.6,2.6516,0.2448000000000001,GQ2,leave_cell,N0.41_D150.0,2.4742477602911435,0.1460253087657609,2.6202730690569043,-0.0313269309430959
0.41,150.0,0.8,2.5539,0.1471,GQ2,leave_cell,N0.41_D150.0,2.4742477602911435,0.0737541279698478,2.548001888260991,-0.0058981117390088
0.41,150.0,0.9,2.5112,0.1044,GQ2,leave_cell,N0.41_D150.0,2.4742477602911435,0.0372515657632915,2.511499326054435,0.000299326054435
0.41,150.0,1.0,2.4068,0.0,GQ2,leave_cell,N0.41_D150.0,2.4742477602911435,0.0,2.4742477602911435,0.0674477602911434
0.41,150.0,0.5,2.6432,0.2364000000000001,GQ2,leave_cell,N0.41_D150.0,2.4742477602911435,0.1819388574098476,2.656186617700991,0.0129866177009909
0.41,150.0,0.7,2.605,0.1981999999999999,GQ2,leave_cell,N0.41_D150.0,2.4742477602911435,0.10997922679546,2.584226987086604,-0.0207730129133962
0.41,300.0,0.1,2.8085,0.4293999999999998,GQ2,leave_cell,N0.41_D300.0,2.4204408907390293,0.3245829637201807,2.7450238544592103,-0.0634761455407897
0.41,300.0,0.2,2.7682,0.3891,GQ2,leave_cell,N0.41_D300.0,2.4204408907390293,0.2888886920014725,2.709329582740502,-0.0588704172594982
0.41,300.0,0.3,2.6832,0.3040999999999996,GQ2,leave_cell,N0.41_D300.0,2.4204408907390293,0.2531456445418264,2.673586535280856,-0.0096134647191439
0.41,300.0,0.4,2.7891,0.4099999999999997,GQ2,leave_cell,N0.41_D300.0,2.4204408907390293,0.2173467264394159,2.637787617178445,-0.1513123828215548
0.41,300.0,0.6,2.5211,0.1419999999999999,GQ2,leave_cell,N0.41_D300.0,2.4204408907390293,0.1455393682789065,2.565980259017936,0.0448802590179355
0.41,300.0,0.8,2.549,0.1698999999999997,GQ2,leave_cell,N0.41_D300.0,2.4204408907390293,0.0733213459214084,2.4937622366604377,-0.0552377633395622
0.41,300.0,0.9,2.432,0.0528999999999997,GQ2,leave_cell,N0.41_D300.0,2.4204408907390293,0.0369385949059804,2.45737948564501,0.02537948564501
0.41,300.0,1.0,2.3791,0.0,GQ2,leave_cell,N0.41_D300.0,2.4204408907390293,0.0,2.4204408907390293,0.0413408907390291
0.41,300.0,0.5,2.6321,0.2529999999999996,GQ2,leave_cell,N0.41_D300.0,2.4204408907390293,0.1814824335136662,2.601923324252696,-0.0301766757473043
0.41,300.0,0.7,2.5426,0.1634999999999999,GQ2,leave_cell,N0.41_D300.0,2.4204408907390293,0.1094972082303577,2.529938098969387,-0.0126619010306132
0.41,600.0,0.1,2.6695,0.2763,GQ2,leave_cell,N0.41_D600.0,2.3761222926595096,0.3263054122092536,2.702427704868763,0.0329277048687628
0.41,600.0,0.2,2.7354,0.3421999999999996,GQ2,leave_cell,N0.41_D600.0,2.3761222926595096,0.2903079731530028,2.6664302658125125,-0.0689697341874873
0.41,600.0,0.3,2.6187,0.2254999999999998,GQ2,leave_cell,N0.41_D600.0,2.3761222926595096,0.2542763670955922,2.6303986597551017,0.0116986597551016
0.41,600.0,0.4,2.5858,0.1925999999999996,GQ2,leave_cell,N0.41_D600.0,2.3761222926595096,0.2182056416540206,2.5943279343135304,0.0085279343135304
0.41,600.0,0.6,2.5121,0.1189,GQ2,leave_cell,N0.41_D600.0,2.3761222926595096,0.1459175982625414,2.522039890922051,0.0099398909220509
0.41,600.0,0.8,2.4741,0.0808999999999997,GQ2,leave_cell,N0.41_D600.0,2.3761222926595096,0.0733426135405754,2.449464906200085,-0.0246350937999149
0.41,600.0,0.9,2.471,0.0777999999999998,GQ2,leave_cell,N0.41_D600.0,2.3761222926595096,0.0368642235413155,2.4129865162008253,-0.0580134837991748
0.41,600.0,1.0,2.3932,0.0,GQ2,leave_cell,N0.41_D600.0,2.3761222926595096,0.0,2.3761222926595096,-0.0170777073404906
0.41,600.0,0.5,2.5369,0.1436999999999999,GQ2,leave_cell,N0.41_D600.0,2.3761222926595096,0.1820891659622062,2.558211458621716,0.0213114586217155
0.41,600.0,0.7,2.4873,0.0940999999999996,GQ2,leave_cell,N0.41_D600.0,2.3761222926595096,0.1096767781183557,2.485799070777865,-0.0015009292221344
0.7,10.0,0.1,3.1919,0.3614999999999999,GQ2,leave_cell,N0.7_D10.0,2.7405172186643,0.3239684145856534,3.0644856332499533,-0.1274143667500467
0.7,10.0,0.2,3.1552,0.3247999999999997,GQ2,leave_cell,N0.7_D10.0,2.7405172186643,0.2881618752941405,3.02867909395844,-0.1265209060415597
0.7,10.0,0.3,3.0155,0.1850999999999998,GQ2,leave_cell,N0.7_D10.0,2.7405172186643,0.2523302038009782,2.992847422465278,-0.0226525775347217
0.7,10.0,0.4,3.0148,0.1844000000000001,GQ2,leave_cell,N0.7_D10.0,2.7405172186643,0.2164697649270309,2.9569869835913307,-0.0578130164086694
0.7,10.0,0.6,2.9615,0.1311,GQ2,leave_cell,N0.7_D10.0,2.7405172186643,0.1446411348078349,2.8851583534721343,-0.0763416465278656
0.7,10.0,0.8,2.8692,0.0388000000000001,GQ2,leave_cell,N0.7_D10.0,2.7405172186643,0.0726017550279444,2.813118973692244,-0.0560810263077562
0.7,10.0,0.9,2.7928,-0.0375999999999998,GQ2,leave_cell,N0.7_D10.0,2.7405172186643,0.0364420179649484,2.776959236629248,-0.0158407633707522
0.7,10.0,1.0,2.8304,0.0,GQ2,leave_cell,N0.7_D10.0,2.7405172186643,0.0,2.7405172186643,-0.0898827813357003
0.7,10.0,0.5,2.9761,0.1457000000000001,GQ2,leave_cell,N0.7_D10.0,2.7405172186643,0.1805756928521374,2.921092911516437,-0.0550070884835629
0.7,10.0,0.7,2.9524,0.1219999999999998,GQ2,leave_cell,N0.7_D10.0,2.7405172186643,0.1086557075555917,2.8491729262198917,-0.1032270737801086
0.7,50.0,0.1,2.8444,0.2862999999999998,GQ2,leave_cell,N0.7_D50.0,2.504390029733365,0.3258496754495023,2.8302397051828674,-0.0141602948171324
0.7,50.0,0.2,2.8069,0.2488000000000001,GQ2,leave_cell,N0.7_D50.0,2.504390029733365,0.2899770390630911,2.794367068796456,-0.0125329312035442
0.7,50.0,0.3,2.7973,0.2391999999999998,GQ2,leave_cell,N0.7_D50.0,2.504390029733365,0.2540605318604778,2.758450561593843,-0.038849438406157
0.7,50.0,0.4,2.7324,0.1743000000000001,GQ2,leave_cell,N0.7_D50.0,2.504390029733365,0.2180937801525095,2.7224838098858744,-0.0099161901141258
0.7,50.0,0.6,2.6134,0.0552999999999999,GQ2,leave_cell,N0.7_D50.0,2.504390029733365,0.1459719021527226,2.650361931886088,0.0369619318860876
0.7,50.0,0.8,2.6409,0.0827999999999997,GQ2,leave_cell,N0.7_D50.0,2.504390029733365,0.0734809772764388,2.577871007009804,-0.0630289929901959
0.7,50.0,0.9,2.5496,-0.0085000000000001,GQ2,leave_cell,N0.7_D50.0,2.504390029733365,0.0369896804924235,2.5413797102257885,-0.0082202897742114
0.7,50.0,1.0,2.5581,0.0,GQ2,leave_cell,N0.7_D50.0,2.504390029733365,0.0,2.504390029733365,-0.053709970266635
0.7,50.0,0.5,2.6726,0.1145,GQ2,leave_cell,N0.7_D50.0,2.504390029733365,0.1820682473146598,2.686458277048025,0.0138582770480248
0.7,50.0,0.7,2.606,0.0478999999999998,GQ2,leave_cell,N0.7_D50.0,2.504390029733365,0.1097864990945472,2.614176528827912,0.0081765288279123
0.7,150.0,0.1,2.7893,0.4350999999999998,GQ2,leave_cell,N0.7_D150.0,2.3945453259175262,0.3256811096900193,2.7202264356075454,-0.0690735643924544
0.7,150.0,0.2,2.6375,0.2833000000000001,GQ2,leave_cell,N0.7_D150.0,2.3945453259175262,0.2898349161407574,2.684380242058284,0.0468802420582834
0.7,150.0,0.3,2.6856,0.3313999999999999,GQ2,leave_cell,N0.7_D150.0,2.3945453259175262,0.2539438450543583,2.6484891709718843,-0.0371108290281156
0.7,150.0,0.4,2.5991,0.2448999999999999,GQ2,leave_cell,N0.7_D150.0,2.3945453259175262,0.2180013748822298,2.612546700799756,0.013446700799756
0.7,150.0,0.6,2.5608,0.2065999999999999,GQ2,leave_cell,N0.7_D150.0,2.3945453259175262,0.1459237212000906,2.540469047117617,-0.0203309528823831
0.7,150.0,0.8,2.5043,0.1501000000000001,GQ2,leave_cell,N0.7_D150.0,2.3945453259175262,0.0734684857587708,2.4680138116762973,-0.0362861883237028
0.7,150.0,0.9,2.4035,0.0493000000000001,GQ2,leave_cell,N0.7_D150.0,2.3945453259175262,0.0369893143849141,2.4315346403024405,0.0280346403024402
0.7,150.0,1.0,2.3542,0.0,GQ2,leave_cell,N0.7_D150.0,2.3945453259175262,0.0,2.3945453259175262,0.0403453259175261
0.7,150.0,0.5,2.5964,0.2421999999999999,GQ2,leave_cell,N0.7_D150.0,2.3945453259175262,0.1819987706672605,2.5765440965847866,-0.0198559034152134
0.7,150.0,0.7,2.5081,0.1539000000000001,GQ2,leave_cell,N0.7_D150.0,2.3945453259175262,0.1097575553460983,2.5043028812636248,-0.0037971187363754
0.7,300.0,0.1,2.6722,0.3572999999999999,GQ2,leave_cell,N0.7_D300.0,2.340738456365412,0.3263369329594902,2.667075389324902,-0.0051246106750979
0.7,300.0,0.2,2.6214,0.3064999999999998,GQ2,leave_cell,N0.7_D300.0,2.340738456365412,0.2903416557229143,2.6310801120883265,0.0096801120883265
0.7,300.0,0.3,2.5759,0.2609999999999997,GQ2,leave_cell,N0.7_D300.0,2.340738456365412,0.254311468904758,2.59504992527017,0.0191499252701703
0.7,300.0,0.4,2.5792,0.2643,GQ2,leave_cell,N0.7_D300.0,2.340738456365412,0.2182413115995228,2.558979767964935,-0.020220232035065
0.7,300.0,0.6,2.4842,0.1692999999999997,GQ2,leave_cell,N0.7_D300.0,2.340738456365412,0.1459512095573702,2.4866896659227824,0.0024896659227824
0.7,300.0,0.8,2.4416,0.1267,GQ2,leave_cell,N0.7_D300.0,2.340738456365412,0.0733678931403098,2.414106349505722,-0.0274936504942782
0.7,300.0,0.9,2.4128,0.0978999999999996,GQ2,leave_cell,N0.7_D300.0,2.340738456365412,0.0368811451455086,2.3776196015109208,-0.035180398489079
0.7,300.0,1.0,2.3149,0.0,GQ2,leave_cell,N0.7_D300.0,2.340738456365412,0.0,2.340738456365412,0.0258384563654119
0.7,300.0,0.5,2.5359,0.2209999999999996,GQ2,leave_cell,N0.7_D300.0,2.340738456365412,0.1821244074735219,2.522862863838934,-0.0130371361610657
0.7,300.0,0.7,2.4237,0.1088,GQ2,leave_cell,N0.7_D300.0,2.340738456365412,0.1097072458446527,2.450445702210065,0.0267457022100647
0.7,600.0,0.1,2.5974,0.2934999999999998,GQ2,leave_cell,N0.7_D600.0,2.2964198582858923,0.3265051798928205,2.622925038178713,0.0255250381787131
0.7,600.0,0.2,2.5998,0.2959,GQ2,leave_cell,N0.7_D600.0,2.2964198582858923,0.2902700034676082,2.5866898617535004,-0.0131101382464997
0.7,600.0,0.3,2.5611,0.2572000000000001,GQ2,leave_cell,N0.7_D600.0,2.2964198582858923,0.2540290910189062,2.5504489493047986,-0.0106510506952015
0.7,600.0,0.4,2.5225,0.2185999999999999,GQ2,leave_cell,N0.7_D600.0,2.2964198582858923,0.2177816167096328,2.514201474995525,-0.0082985250044749
0.7,600.0,0.6,2.51,0.2060999999999997,GQ2,leave_cell,N0.7_D600.0,2.2964198582858923,0.1452621137350119,2.441681972020904,-0.0683180279790955
0.7,600.0,0.8,2.4421,0.1381999999999998,GQ2,leave_cell,N0.7_D600.0,2.2964198582858923,0.0726946685316667,2.369114526817559,-0.0729854731824408
0.7,600.0,0.9,2.2624,-0.0415,GQ2,leave_cell,N0.7_D600.0,2.2964198582858923,0.0363791679540678,2.33279902623996,0.07039902623996
0.7,600.0,1.0,2.3039,0.0,GQ2,leave_cell,N0.7_D600.0,2.2964198582858923,0.0,2.2964198582858923,-0.0074801417141077
0.7,600.0,0.5,2.4897,0.1857999999999999,GQ2,leave_cell,N0.7_D600.0,2.2964198582858923,0.1815264758306159,2.4779463341165084,-0.0117536658834915
0.7,600.0,0.7,2.48,0.1760999999999999,GQ2,leave_cell,N0.7_D600.0,2.2964198582858923,0.1089861770005446,2.405406035286437,-0.0745939647135629
1.0,10.0,0.1,3.0483,0.3655999999999997,GQ2,leave_cell,N1.0_D10.0,2.694882193690538,0.3266088896683984,3.0214910833589363,-0.0268089166410634
1.0,10.0,0.2,2.968,0.2852999999999999,GQ2,leave_cell,N1.0_D10.0,2.694882193690538,0.2907446666323595,2.9856268603228977,0.0176268603228977
1.0,10.0,0.3,2.8948,0.2120999999999999,GQ2,leave_cell,N1.0_D10.0,2.694882193690538,0.2548244892762362,2.949706682966774,0.0549066829667741
1.0,10.0,0.4,2.8223,0.1395999999999997,GQ2,leave_cell,N1.0_D10.0,2.694882193690538,0.2188402051755999,2.913722398866138,0.091422398866138
1.0,10.0,0.6,2.8442,0.1614999999999997,GQ2,leave_cell,N1.0_D10.0,2.694882193690538,0.1466311448225484,2.8415133385130864,-0.0026866614869134
1.0,10.0,0.8,2.7546,0.0718999999999998,GQ2,leave_cell,N1.0_D10.0,2.694882193690538,0.0739504283294673,2.768832622020005,0.0142326220200055
1.0,10.0,0.9,2.7505,0.0678,GQ2,leave_cell,N1.0_D10.0,2.694882193690538,0.0372953908034327,2.73217758449397,-0.0183224155060295
1.0,10.0,1.0,2.6827,0.0,GQ2,leave_cell,N1.0_D10.0,2.694882193690538,0.0,2.694882193690538,0.0121821936905379
1.0,10.0,0.5,2.848,0.1652999999999997,GQ2,leave_cell,N1.0_D10.0,2.694882193690538,0.1827808910382883,2.8776630847288263,0.0296630847288263
1.0,10.0,0.7,2.8028,0.1200999999999998,GQ2,leave_cell,N1.0_D10.0,2.694882193690538,0.1103675956975513,2.805249789388089,0.0024497893880894
1.0,50.0,0.1,2.8264,0.2648999999999999,GQ2,leave_cell,N1.0_D50.0,2.4587550047596034,0.3256538618675279,2.7844088666271314,-0.0419911333728686
1.0,50.0,0.2,2.8076,0.2460999999999997,GQ2,leave_cell,N1.0_D50.0,2.4587550047596034,0.2897640317178273,2.748519036477431,-0.059080963522569
1.0,50.0,0.3,2.6823,0.1208,GQ2,leave_cell,N1.0_D50.0,2.4587550047596034,0.2538354224526741,2.7125904272122776,0.0302904272122774
1.0,50.0,0.4,2.6528,0.0912999999999999,GQ2,leave_cell,N1.0_D50.0,2.4587550047596034,0.2178624069152622,2.6766174116748656,0.0238174116748655
1.0,50.0,0.6,2.6707,0.1091999999999999,GQ2,leave_cell,N1.0_D50.0,2.4587550047596034,0.1457499323813304,2.6045049371409337,-0.0661950628590664
1.0,50.0,0.8,2.4922,-0.0693000000000001,GQ2,leave_cell,N1.0_D50.0,2.4587550047596034,0.0733115240812527,2.5320665288408564,0.0398665288408564
1.0,50.0,0.9,2.5805,0.0189999999999996,GQ2,leave_cell,N1.0_D50.0,2.4587550047596034,0.0368753485871568,2.49563035334676,-0.0848696466532397
1.0,50.0,1.0,2.5615,0.0,GQ2,leave_cell,N1.0_D50.0,2.4587550047596034,0.0,2.4587550047596034,-0.1027449952403967
1.0,50.0,0.5,2.6594,0.0979000000000001,GQ2,leave_cell,N1.0_D50.0,2.4587550047596034,0.181837449609221,2.6405924543688246,-0.0188075456311755
1.0,50.0,0.7,2.5754,0.0139,GQ2,leave_cell,N1.0_D50.0,2.4587550047596034,0.1095837564382556,2.568338761197859,-0.0070612388021409
1.0,150.0,0.1,2.6482,0.3142,GQ2,leave_cell,N1.0_D150.0,2.3489103009437646,0.3263892791861853,2.67529958012995,0.02709958012995
1.0,150.0,0.2,2.6343,0.3003,GQ2,leave_cell,N1.0_D150.0,2.3489103009437646,0.2905308745046647,2.6394411754484293,0.0051411754484291
1.0,150.0,0.3,2.6133,0.2793000000000001,GQ2,leave_cell,N1.0_D150.0,2.3489103009437646,0.2546189311352771,2.6035292320790417,-0.0097707679209584
1.0,150.0,0.4,2.5016,0.1675999999999997,GQ2,leave_cell,N1.0_D150.0,2.3489103009437646,0.2186456530252507,2.567555953969016,0.0659559539690155
1.0,150.0,0.6,2.5859,0.2519,GQ2,leave_cell,N1.0_D150.0,2.3489103009437646,0.1464690314156059,2.4953793323593705,-0.0905206676406296
1.0,150.0,0.8,2.3211,-0.0129000000000001,GQ2,leave_cell,N1.0_D150.0,2.3489103009437646,0.0738412989683177,2.4227515999120826,0.1016515999120826
1.0,150.0,0.9,2.3833,0.0493000000000001,GQ2,leave_cell,N1.0_D150.0,2.3489103009437646,0.0372265548603029,2.386136855804068,0.0028368558040674
1.0,150.0,1.0,2.334,0.0,GQ2,leave_cell,N1.0_D150.0,2.3489103009437646,0.0,2.3489103009437646,0.0149103009437645
1.0,150.0,0.5,2.5142,0.1802000000000001,GQ2,leave_cell,N1.0_D150.0,2.3489103009437646,0.1826005951993009,2.531510896143065,0.0173108961430652
1.0,150.0,0.7,2.4391,0.1050999999999997,GQ2,leave_cell,N1.0_D150.0,2.3489103009437646,0.1102286188221519,2.4591389197659166,0.0200389197659167
1.0,300.0,0.1,2.6943,0.3523,GQ2,leave_cell,N1.0_D300.0,2.2951034313916505,0.3259325932868878,2.6210360246785385,-0.0732639753214616
1.0,300.0,0.2,2.5728,0.2307999999999999,GQ2,leave_cell,N1.0_D300.0,2.2951034313916505,0.290067063214896,2.5851704946065466,0.0123704946065466
1.0,300.0,0.3,2.4688,0.1267999999999998,GQ2,leave_cell,N1.0_D300.0,2.2951034313916505,0.2541555322957714,2.549258963687422,0.080458963687422
1.0,300.0,0.4,2.5249,0.1829,GQ2,leave_cell,N1.0_D300.0,2.2951034313916505,0.2181913140091348,2.513294745400785,-0.0116052545992149
1.0,300.0,0.6,2.4469,0.1048999999999997,GQ2,leave_cell,N1.0_D300.0,2.2951034313916505,0.1460653229826834,2.441168754374334,-0.0057312456256659
1.0,300.0,0.8,2.4239,0.0819,GQ2,leave_cell,N1.0_D300.0,2.2951034313916505,0.0735522273420941,2.368655658733745,-0.0552443412662553
1.0,300.0,0.9,2.2509,-0.0910999999999999,GQ2,leave_cell,N1.0_D300.0,2.2951034313916505,0.0370377447330498,2.3321411761247,0.0812411761247
1.0,300.0,1.0,2.342,0.0,GQ2,leave_cell,N1.0_D300.0,2.2951034313916505,0.0,2.2951034313916505,-0.0468965686083495
1.0,300.0,0.5,2.4767,0.1347,GQ2,leave_cell,N1.0_D300.0,2.2951034313916505,0.1821654521134069,2.4772688835050576,0.0005688835050574
1.0,300.0,0.7,2.4565,0.1145,GQ2,leave_cell,N1.0_D300.0,2.2951034313916505,0.1098717806824877,2.404975212074138,-0.051524787925862
1.0,600.0,0.1,2.6008,0.3092999999999999,GQ2,leave_cell,N1.0_D600.0,2.2507848333121308,0.3268475429720223,2.577632376284153,-0.0231676237158469
1.0,600.0,0.2,2.4894,0.1978999999999997,GQ2,leave_cell,N1.0_D600.0,2.2507848333121308,0.2908019478964607,2.5415867812085917,0.0521867812085914
1.0,600.0,0.3,2.4439,0.1524000000000001,GQ2,leave_cell,N1.0_D600.0,2.2507848333121308,0.2547206018983304,2.5055054352104613,0.0616054352104611
1.0,600.0,0.4,2.4229,0.1313999999999997,GQ2,leave_cell,N1.0_D600.0,2.2507848333121308,0.2185983211346687,2.4693831544467995,0.0464831544467996
1.0,600.0,0.6,2.4336,0.1421000000000001,GQ2,leave_cell,N1.0_D600.0,2.2507848333121308,0.1462003525202761,2.3969851858324067,-0.0366148141675934
1.0,600.0,0.8,2.3549,0.0634000000000001,GQ2,leave_cell,N1.0_D600.0,2.2507848333121308,0.0735020629389434,2.324286896251074,-0.0306131037489261
1.0,600.0,0.9,2.2636,-0.0279000000000002,GQ2,leave_cell,N1.0_D600.0,2.2507848333121308,0.0369530795456265,2.2877379128577573,0.0241379128577574
1.0,600.0,1.0,2.2915,0.0,GQ2,leave_cell,N1.0_D600.0,2.2507848333121308,0.0,2.2507848333121308,-0.0407151666878693
1.0,600.0,0.5,2.4351,0.1435999999999997,GQ2,leave_cell,N1.0_D600.0,2.2507848333121308,0.182428164485085,2.433212997797216,-0.0018870022027841
1.0,600.0,0.7,2.359,0.0674999999999999,GQ2,leave_cell,N1.0_D600.0,2.2507848333121308,0.1099000603036128,2.360684893615744,0.0016848936157436
2.8,10.0,0.1,2.9592,0.4752,GQ2,leave_cell,N2.8_D10.0,2.5903359925021143,0.3258145259368797,2.916150518438994,-0.043049481561006
2.8,10.0,0.2,2.8431,0.3591000000000002,GQ2,leave_cell,N2.8_D10.0,2.5903359925021143,0.2901303471455679,2.880466339647682,0.0373663396476819
2.8,10.0,0.3,2.8867,0.4026999999999998,GQ2,leave_cell,N2.8_D10.0,2.5903359925021143,0.2543783244030141,2.8447143169051285,-0.0419856830948712
2.8,10.0,0.4,2.771,0.2869999999999999,GQ2,leave_cell,N2.8_D10.0,2.5903359925021143,0.2185485445315119,2.8088845370336264,0.0378845370336264
2.8,10.0,0.6,2.7064,0.2223999999999999,GQ2,leave_cell,N2.8_D10.0,2.5903359925021143,0.1465971051459366,2.736933097648051,0.0305330976480511
2.8,10.0,0.8,2.651,0.1669999999999998,GQ2,leave_cell,N2.8_D10.0,2.5903359925021143,0.0740726071870937,2.664408599689208,0.0134085996892081
2.8,10.0,0.9,2.6397,0.1556999999999999,GQ2,leave_cell,N2.8_D10.0,2.5903359925021143,0.0374274180246019,2.627763410526716,-0.0119365894732839
2.8,10.0,1.0,2.484,0.0,GQ2,leave_cell,N2.8_D10.0,2.5903359925021143,0.0,2.5903359925021143,0.1063359925021143
2.8,10.0,0.5,2.7452,0.2612000000000001,GQ2,leave_cell,N2.8_D10.0,2.5903359925021143,0.1826277197326628,2.772963712234777,0.0277637122347771
2.8,10.0,0.7,2.671,0.1869999999999998,GQ2,leave_cell,N2.8_D10.0,2.5903359925021143,0.1104282412280803,2.7007642337301947,0.0297642337301948
2.8,50.0,0.1,2.5785,0.2801,GQ2,leave_cell,N2.8_D50.0,2.35420880357118,0.3282151100792112,2.682423913650391,0.1039239136503908
2.8,50.0,0.2,2.4874,0.189,GQ2,leave_cell,N2.8_D50.0,2.35420880357118,0.2918791126799305,2.64608791625111,0.1586879162511101
2.8,50.0,0.3,2.5971,0.2987000000000002,GQ2,leave_cell,N2.8_D50.0,2.35420880357118,0.2555255756132859,2.6097343791844656,0.0126343791844654
2.8,50.0,0.4,2.5963,0.2978999999999998,GQ2,leave_cell,N2.8_D50.0,2.35420880357118,0.2191519666294339,2.5733607702006136,-0.0229392297993862
2.8,50.0,0.6,2.5446,0.2461999999999999,GQ2,leave_cell,N2.8_D50.0,2.35420880357118,0.1463295960565545,2.500538399627734,-0.0440616003722658
2.8,50.0,0.8,2.3227,0.0243000000000002,GQ2,leave_cell,N2.8_D50.0,2.35420880357118,0.0733603390988611,2.4275691426700408,0.1048691426700405
2.8,50.0,0.9,2.3871,0.0887000000000002,GQ2,leave_cell,N2.8_D50.0,2.35420880357118,0.0367782013873661,2.390987004958546,0.0038870049585457
2.8,50.0,1.0,2.2984,0.0,GQ2,leave_cell,N2.8_D50.0,2.35420880357118,0.0,2.35420880357118,0.0558088035711796
2.8,50.0,0.5,2.5569,0.2585000000000002,GQ2,leave_cell,N2.8_D50.0,2.35420880357118,0.1827548970897592,2.536963700660939,-0.019936299339061
2.8,50.0,0.7,2.4459,0.1474999999999999,GQ2,leave_cell,N2.8_D50.0,2.35420880357118,0.1098688373328387,2.4640776409040184,0.0181776409040184
2.8,150.0,0.1,2.4446,0.1981999999999999,GQ2,leave_cell,N2.8_D150.0,2.244364099755341,0.3282401586590351,2.572604258414376,0.1280042584143763
2.8,150.0,0.2,2.4506,0.2042000000000001,GQ2,leave_cell,N2.8_D150.0,2.244364099755341,0.2921346460251812,2.536498745780522,0.085898745780522
2.8,150.0,0.3,2.3889,0.1425,GQ2,leave_cell,N2.8_D150.0,2.244364099755341,0.2559809888536551,2.500345088608996,0.1114450886089959
2.8,150.0,0.4,2.5101,0.2637,GQ2,leave_cell,N2.8_D150.0,2.244364099755341,0.2197721860139901,2.464136285769331,-0.0459637142306688
2.8,150.0,0.6,2.2938,0.0474000000000001,GQ2,leave_cell,N2.8_D150.0,2.244364099755341,0.147147789419454,2.391511889174795,0.097711889174795
2.8,150.0,0.8,2.2577,0.0112999999999998,GQ2,leave_cell,N2.8_D150.0,2.244364099755341,0.0741181240419036,2.3184822237972447,0.0607822237972448
2.8,150.0,0.9,2.2652,0.0188000000000001,GQ2,leave_cell,N2.8_D150.0,2.244364099755341,0.0373331895311825,2.2816972892865235,0.0164972892865233
2.8,150.0,1.0,2.2464,0.0,GQ2,leave_cell,N2.8_D150.0,2.244364099755341,0.0,2.244364099755341,-0.002035900244659
2.8,150.0,0.5,2.4226,0.1762000000000001,GQ2,leave_cell,N2.8_D150.0,2.244364099755341,0.1834988593026252,2.427862959057966,0.005262959057966
2.8,150.0,0.7,2.2944,0.048,GQ2,leave_cell,N2.8_D150.0,2.244364099755341,0.1106989252656194,2.3550630250209603,0.0606630250209603
2.8,300.0,0.1,2.446,0.3189000000000002,GQ2,leave_cell,N2.8_D300.0,2.1905572302032272,0.3282491948047764,2.518806425008004,0.0728064250080033
2.8,300.0,0.2,2.3643,0.2372,GQ2,leave_cell,N2.8_D300.0,2.1905572302032272,0.2919721655631306,2.482529395766358,0.1182293957663578
2.8,300.0,0.3,2.3988,0.2717,GQ2,leave_cell,N2.8_D300.0,2.1905572302032272,0.2556693242961287,2.446226554499356,0.0474265544993559
2.8,300.0,0.4,2.3719,0.2448000000000001,GQ2,leave_cell,N2.8_D300.0,2.1905572302032272,0.219336937187472,2.4098941673906995,0.0379941673906993
2.8,300.0,0.6,2.3342,0.2071,GQ2,leave_cell,N2.8_D300.0,2.1905572302032272,0.1465614928420261,2.3371187230452533,0.0029187230452532
2.8,300.0,0.8,2.2389,0.1118000000000001,GQ2,leave_cell,N2.8_D300.0,2.1905572302032272,0.0735695854522775,2.264126815655505,0.0252268156555048
2.8,300.0,0.9,2.2601,0.133,GQ2,leave_cell,N2.8_D300.0,2.1905572302032272,0.0369297814771436,2.227487011680371,-0.0326129883196291
2.8,300.0,1.0,2.1271,0.0,GQ2,leave_cell,N2.8_D300.0,2.1905572302032272,0.0,2.1905572302032272,0.0634572302032272
2.8,300.0,0.5,2.3363,0.2092,GQ2,leave_cell,N2.8_D300.0,2.1905572302032272,0.182970006331124,2.3735272365343514,0.0372272365343513
2.8,300.0,0.7,2.2804,0.1533000000000002,GQ2,leave_cell,N2.8_D300.0,2.1905572302032272,0.1101007313063303,2.300657961509557,0.0202579615095572
2.8,600.0,0.1,2.4515,0.258,GQ2,leave_cell,N2.8_D600.0,2.146238632123707,0.3269964711052396,2.4732351032289466,0.0217351032289467
2.8,600.0,0.2,2.4042,0.2107000000000001,GQ2,leave_cell,N2.8_D600.0,2.146238632123707,0.2909281113471059,2.437166743470813,0.0329667434708129
2.8,600.0,0.3,2.3538,0.1603000000000003,GQ2,leave_cell,N2.8_D600.0,2.146238632123707,0.2548248153430951,2.401063447466802,0.0472634474668018
2.8,600.0,0.4,2.3322,0.1387,GQ2,leave_cell,N2.8_D600.0,2.146238632123707,0.2186815183748062,2.3649201504985133,0.0327201504985135
2.8,600.0,0.6,2.2986,0.1051000000000002,GQ2,leave_cell,N2.8_D600.0,2.146238632123707,0.1462450231254023,2.292483655249109,-0.0061163447508905
2.8,600.0,0.8,2.2378,0.0443000000000002,GQ2,leave_cell,N2.8_D600.0,2.146238632123707,0.0735150917177334,2.2197537238414404,-0.0180462761585595
2.8,600.0,0.9,2.1287,-0.0647999999999999,GQ2,leave_cell,N2.8_D600.0,2.146238632123707,0.0369548897785911,2.1831935219022984,0.0544935219022986
2.8,600.0,1.0,2.1935,0.0,GQ2,leave_cell,N2.8_D600.0,2.146238632123707,0.0,2.146238632123707,-0.0472613678762927
2.8,600.0,0.5,2.322,0.1285000000000002,GQ2,leave_cell,N2.8_D600.0,2.146238632123707,0.1824914390129781,2.328730071136685,0.0067300711366851
2.8,600.0,0.7,2.2877,0.0942000000000002,GQ2,leave_cell,N2.8_D600.0,2.146238632123707,0.10992778787769,2.256166420001397,-0.0315335799986029
4.0,10.0,0.1,2.855,0.3698000000000001,GQ2,leave_cell,N4.0_D10.0,2.561851269890209,0.3267857745009114,2.8886370443911207,0.0336370443911206
4.0,10.0,0.2,2.872,0.3868,GQ2,leave_cell,N4.0_D10.0,2.561851269890209,0.2909819652012838,2.852833235091493,-0.0191667649085069
4.0,10.0,0.3,2.8016,0.3164000000000002,GQ2,leave_cell,N4.0_D10.0,2.561851269890209,0.2551118234122825,2.816963093302492,0.0153630933024917
4.0,10.0,0.4,2.6993,0.2141000000000001,GQ2,leave_cell,N4.0_D10.0,2.561851269890209,0.2191656607694285,2.781016930659637,0.0817169306596374
4.0,10.0,0.6,2.631,0.1457999999999999,GQ2,leave_cell,N4.0_D10.0,2.561851269890209,0.1469879982807093,2.7088392681709186,0.0778392681709188
4.0,10.0,0.8,2.6463,0.1611000000000002,GQ2,leave_cell,N4.0_D10.0,2.561851269890209,0.0742502086808866,2.636101478571096,-0.0101985214289044
4.0,10.0,0.9,2.6487,0.1634999999999999,GQ2,leave_cell,N4.0_D10.0,2.561851269890209,0.0375070995839171,2.5993583694741265,-0.0493416305258733
4.0,10.0,1.0,2.4852,0.0,GQ2,leave_cell,N4.0_D10.0,2.561851269890209,0.0,2.561851269890209,0.0766512698902093
4.0,10.0,0.5,2.6556,0.1704000000000003,GQ2,leave_cell,N4.0_D10.0,2.561851269890209,0.1831304915560566,2.7449817614462657,0.0893817614462655
4.0,10.0,0.7,2.6349,0.1497000000000001,GQ2,leave_cell,N4.0_D10.0,2.561851269890209,0.1107103725348857,2.672561642425095,0.0376616424250948
4.0,50.0,0.1,2.5657,0.1552000000000002,GQ2,leave_cell,N4.0_D50.0,2.325724080959275,0.3275154988884778,2.6532395798477526,0.0875395798477525
4.0,50.0,0.2,2.6024,0.1918999999999999,GQ2,leave_cell,N4.0_D50.0,2.325724080959275,0.2912728924721442,2.61699697343142,0.0145969734314195
4.0,50.0,0.3,2.5078,0.0973000000000001,GQ2,leave_cell,N4.0_D50.0,2.325724080959275,0.2550106800722063,2.580734761031481,0.0729347610314814
4.0,50.0,0.4,2.5793,0.1688,GQ2,leave_cell,N4.0_D50.0,2.325724080959275,0.2187260297144348,2.5444501106737096,-0.0348498893262902
4.0,50.0,0.6,2.4706,0.0601000000000002,GQ2,leave_cell,N4.0_D50.0,2.325724080959275,0.1460727087328779,2.471796789692153,0.0011967896921527
4.0,50.0,0.8,2.4391,0.0285999999999999,GQ2,leave_cell,N4.0_D50.0,2.325724080959275,0.0732551390397607,2.398979219999036,-0.0401207800009641
4.0,50.0,0.9,2.3223,-0.0882,GQ2,leave_cell,N4.0_D50.0,2.325724080959275,0.0367372895476869,2.3624613705069617,0.0401613705069618
4.0,50.0,1.0,2.4105,0.0,GQ2,leave_cell,N4.0_D50.0,2.325724080959275,0.0,2.325724080959275,-0.0847759190407249
4.0,50.0,0.5,2.5028,0.0923000000000002,GQ2,leave_cell,N4.0_D50.0,2.325724080959275,0.1824151514124686,2.5081392323717435,0.0053392323717433
4.0,50.0,0.7,2.4309,0.0203999999999999,GQ2,leave_cell,N4.0_D50.0,2.325724080959275,0.109690618167741,2.435414699127016,0.0045146991270161
4.0,150.0,0.1,2.494,0.2838000000000003,GQ2,leave_cell,N4.0_D150.0,2.215879377143436,0.3273958454655042,2.54327522260894,0.0492752226089399
4.0,150.0,0.2,2.4505,0.2402999999999999,GQ2,leave_cell,N4.0_D150.0,2.215879377143436,0.2912049010556896,2.5070842781991254,0.0565842781991254
4.0,150.0,0.3,2.4411,0.2309000000000001,GQ2,leave_cell,N4.0_D150.0,2.215879377143436,0.2549892942504075,2.4708686713938435,0.0297686713938434
4.0,150.0,0.4,2.3929,0.1827,GQ2,leave_cell,N4.0_D150.0,2.215879377143436,0.2187454584442006,2.4346248355876363,0.0417248355876362
4.0,150.0,0.6,2.3873,0.1771000000000002,GQ2,leave_cell,N4.0_D150.0,2.215879377143436,0.1461520549288862,2.362031432072322,-0.0252685679276782
4.0,150.0,0.8,2.2679,0.0577,GQ2,leave_cell,N4.0_D150.0,2.215879377143436,0.0733518669586239,2.2892312441020595,0.0213312441020594
4.0,150.0,0.9,2.2339,0.0237000000000002,GQ2,leave_cell,N4.0_D150.0,2.215879377143436,0.0368143738309644,2.2526937509744003,0.0187937509744
4.0,150.0,1.0,2.2102,0.0,GQ2,leave_cell,N4.0_D150.0,2.215879377143436,0.0,2.215879377143436,0.0056793771434358
4.0,150.0,0.5,2.4064,0.1962000000000001,GQ2,leave_cell,N4.0_D150.0,2.215879377143436,0.1824686197195882,2.398347996863024,-0.0080520031369761
4.0,150.0,0.7,2.3547,0.1444999999999998,GQ2,leave_cell,N4.0_D150.0,2.215879377143436,0.1097855775849985,2.3256649547284343,-0.0290350452715655
4.0,300.0,0.1,2.4125,0.2150000000000003,GQ2,leave_cell,N4.0_D300.0,2.162072507591322,0.328108541217698,2.49018104880902,0.07768104880902
4.0,300.0,0.2,2.3793,0.1818000000000004,GQ2,leave_cell,N4.0_D300.0,2.162072507591322,0.2920924457245072,2.4541649533158294,0.0748649533158292
4.0,300.0,0.3,2.2697,0.0722,GQ2,leave_cell,N4.0_D300.0,2.162072507591322,0.2560184766871302,2.4180909842784524,0.1483909842784525
4.0,300.0,0.4,2.3711,0.1736000000000004,GQ2,leave_cell,N4.0_D300.0,2.162072507591322,0.2198781987295676,2.3819507063208896,0.0108507063208893
4.0,300.0,0.6,2.2294,0.0319000000000002,GQ2,leave_cell,N4.0_D300.0,2.162072507591322,0.1473488684480227,2.309421376039345,0.0800213760393449
4.0,300.0,0.8,2.1962,-0.0012999999999996,GQ2,leave_cell,N4.0_D300.0,2.162072507591322,0.0743315664294533,2.236404074020776,0.0402040740207754
4.0,300.0,0.9,2.1753,-0.0221999999999997,GQ2,leave_cell,N4.0_D300.0,2.162072507591322,0.0374972799319816,2.199569787523304,0.0242697875233037
4.0,300.0,1.0,2.1975,0.0,GQ2,leave_cell,N4.0_D300.0,2.162072507591322,0.0,2.162072507591322,-0.0354274924086777
4.0,300.0,0.5,2.2988,0.1013000000000001,GQ2,leave_cell,N4.0_D300.0,2.162072507591322,0.1836603088197348,2.345732816411057,0.0469328164110569
4.0,300.0,0.7,2.2329,0.0354000000000001,GQ2,leave_cell,N4.0_D300.0,2.162072507591322,0.1109196908493444,2.2729921984406665,0.0400921984406665
4.0,600.0,0.1,2.2637,0.153,GQ2,leave_cell,N4.0_D600.0,2.1177539095118023,0.3291551882592928,2.446909097771095,0.1832090977710949
4.0,600.0,0.2,2.2681,0.1573999999999999,GQ2,leave_cell,N4.0_D600.0,2.1177539095118023,0.2924380901736282,2.41019199968543,0.1420919996854306
4.0,600.0,0.3,2.403,0.2923,GQ2,leave_cell,N4.0_D600.0,2.1177539095118023,0.255740260205969,2.3734941697177714,-0.0295058302822286
4.0,600.0,0.4,2.3312,0.2204999999999999,GQ2,leave_cell,N4.0_D600.0,2.1177539095118023,0.2190644562757732,2.3368183657875754,0.0056183657875754
4.0,600.0,0.6,2.2966,0.1859000000000001,GQ2,leave_cell,N4.0_D600.0,2.1177539095118023,0.145795168100454,2.2635490776122564,-0.0330509223877437
4.0,600.0,0.8,2.16,0.0493000000000001,GQ2,leave_cell,N4.0_D600.0,2.1177539095118023,0.0726862599493084,2.19044016946111,0.0304401694611105
4.0,600.0,0.9,2.1978,0.0870999999999999,GQ2,leave_cell,N4.0_D600.0,2.1177539095118023,0.0362377742297893,2.153991683741592,-0.0438083162584082
4.0,600.0,1.0,2.1107,0.0,GQ2,leave_cell,N4.0_D600.0,2.1177539095118023,0.0,2.1177539095118023,0.0070539095118022
4.0,600.0,0.5,2.3211,0.2103999999999999,GQ2,leave_cell,N4.0_D600.0,2.1177539095118023,0.1824143646545028,2.300168274166305,-0.0209317258336949
4.0,600.0,0.7,2.2154,0.1046999999999998,GQ2,leave_cell,N4.0_D600.0,2.1177539095118023,0.1092147032166643,2.2269686127284665,0.0115686127284666
6.9,10.0,0.1,2.7585,0.2905999999999999,GQ2,leave_cell,N6.9_D10.0,2.524466954645701,0.3284606187506929,2.8529275733963946,0.0944275733963944
6.9,10.0,0.2,2.6605,0.1925999999999996,GQ2,leave_cell,N6.9_D10.0,2.524466954645701,0.2925785603745163,2.817045515020218,0.1565455150202179
6.9,10.0,0.3,2.72,0.2521,GQ2,leave_cell,N6.9_D10.0,2.524466954645701,0.2566162582743612,2.7810832129200627,0.0610832129200624
6.9,10.0,0.4,2.6823,0.2143999999999999,GQ2,leave_cell,N6.9_D10.0,2.524466954645701,0.2205619543784152,2.745028909024117,0.0627289090241167
6.9,10.0,0.6,2.5269,0.0589999999999997,GQ2,leave_cell,N6.9_D10.0,2.524466954645701,0.1481077880942265,2.672574742739928,0.1456747427399278
6.9,10.0,0.8,2.5341,0.0661999999999998,GQ2,leave_cell,N6.9_D10.0,2.524466954645701,0.0749744508486375,2.599441405494339,0.065341405494339
6.9,10.0,0.9,2.5395,0.0715999999999996,GQ2,leave_cell,N6.9_D10.0,2.524466954645701,0.0379532255014068,2.5624201801471083,0.0229201801471083
6.9,10.0,1.0,2.4679,0.0,GQ2,leave_cell,N6.9_D10.0,2.524466954645701,0.0,2.524466954645701,0.0565669546457012
6.9,10.0,0.5,2.6118,0.1438999999999999,GQ2,leave_cell,N6.9_D10.0,2.524466954645701,0.1843998817789507,2.708866836424652,0.097066836424652
6.9,10.0,0.7,2.5613,0.0933999999999999,GQ2,leave_cell,N6.9_D10.0,2.524466954645701,0.1116518693608695,2.636118824006571,0.074818824006571
6.9,50.0,0.1,2.5548,0.2916000000000003,GQ2,leave_cell,N6.9_D50.0,2.288339765714767,0.3277223552479593,2.616062120962726,0.0612621209627257
6.9,50.0,0.2,2.4799,0.2167000000000003,GQ2,leave_cell,N6.9_D50.0,2.288339765714767,0.2916498960217888,2.579989661736556,0.1000896617365554
6.9,50.0,0.3,2.4833,0.2200999999999999,GQ2,leave_cell,N6.9_D50.0,2.288339765714767,0.255532486210861,2.543872251925628,0.0605722519256279
6.9,50.0,0.4,2.4979,0.2347000000000001,GQ2,leave_cell,N6.9_D50.0,2.288339765714767,0.2193635939735781,2.507703359688345,0.0098033596883451
6.9,50.0,0.6,2.4093,0.1461000000000001,GQ2,leave_cell,N6.9_D50.0,2.288339765714767,0.1468327857115402,2.435172551426307,0.0258725514263069
6.9,50.0,0.8,2.2784,0.0152000000000001,GQ2,leave_cell,N6.9_D50.0,2.288339765714767,0.0739237944326246,2.362263560147392,0.0838635601473916
6.9,50.0,0.9,2.347,0.0838000000000001,GQ2,leave_cell,N6.9_D50.0,2.288339765714767,0.0372173514030624,2.325557117117829,-0.0214428828821708
6.9,50.0,1.0,2.2632,0.0,GQ2,leave_cell,N6.9_D50.0,2.288339765714767,0.0,2.288339765714767,0.0251397657147669
6.9,50.0,0.5,2.4529,0.1897000000000002,GQ2,leave_cell,N6.9_D50.0,2.288339765714767,0.1831344706260893,2.471474236340856,0.0185742363408558
6.9,50.0,0.7,2.3751,0.1119000000000003,GQ2,leave_cell,N6.9_D50.0,2.288339765714767,0.1104398390885398,2.3987796048033068,0.0236796048033065
6.9,150.0,0.1,2.3272,0.1766000000000001,GQ2,leave_cell,N6.9_D150.0,2.178495061898928,0.329357105463224,2.507852167362152,0.1806521673621519
6.9,150.0,0.2,2.3658,0.2152000000000002,GQ2,leave_cell,N6.9_D150.0,2.178495061898928,0.2931119445390285,2.4716070064379565,0.1058070064379563
6.9,150.0,0.3,2.3708,0.2202000000000001,GQ2,leave_cell,N6.9_D150.0,2.178495061898928,0.2568206645537955,2.4353157264527234,0.0645157264527234
6.9,150.0,0.4,2.3438,0.1932,GQ2,leave_cell,N6.9_D150.0,2.178495061898928,0.2204765623809742,2.3989716242799024,0.0551716242799025
6.9,150.0,0.6,2.2064,0.0558,GQ2,leave_cell,N6.9_D150.0,2.178495061898928,0.1475903016908175,2.326085363589746,0.1196853635897459
6.9,150.0,0.8,2.2296,0.0790000000000001,GQ2,leave_cell,N6.9_D150.0,2.178495061898928,0.0743159654835768,2.252811027382505,0.023211027382505
6.9,150.0,0.9,2.2482,0.0976000000000003,GQ2,leave_cell,N6.9_D150.0,2.178495061898928,0.037420227904445,2.215915289803373,-0.032284710196627
6.9,150.0,1.0,2.1506,0.0,GQ2,leave_cell,N6.9_D150.0,2.178495061898928,0.0,2.178495061898928,0.0278950618989282
6.9,150.0,0.5,2.2227,0.0721000000000002,GQ2,leave_cell,N6.9_D150.0,2.178495061898928,0.1840706596428395,2.362565721541768,0.1398657215417675
6.9,150.0,0.7,2.2344,0.0838000000000001,GQ2,leave_cell,N6.9_D150.0,2.178495061898928,0.1110162958685893,2.289511357767517,0.0551113577675175
6.9,300.0,0.1,2.3408,0.2045000000000003,GQ2,leave_cell,N6.9_D300.0,2.124688192346814,0.3280973075490585,2.4527854998958727,0.1119854998958724
6.9,300.0,0.2,2.3195,0.1832000000000002,GQ2,leave_cell,N6.9_D300.0,2.124688192346814,0.2921154114494513,2.416803603796265,0.0973036037962651
6.9,300.0,0.3,2.3002,0.1638999999999999,GQ2,leave_cell,N6.9_D300.0,2.124688192346814,0.2560713683684243,2.380759560715238,0.0805595607152382
6.9,300.0,0.4,2.3167,0.1804000000000001,GQ2,leave_cell,N6.9_D300.0,2.124688192346814,0.219956110859037,2.344644303205851,0.0279443032058508
6.9,300.0,0.6,2.2275,0.0912000000000001,GQ2,leave_cell,N6.9_D300.0,2.124688192346814,0.1474583594289292,2.272146551775743,0.044646551775743
6.9,300.0,0.8,2.1189,-0.0173999999999998,GQ2,leave_cell,N6.9_D300.0,2.124688192346814,0.0744362225107521,2.199124414857566,0.0802244148575659
6.9,300.0,0.9,2.1052,-0.0310999999999999,GQ2,leave_cell,N6.9_D300.0,2.124688192346814,0.0375750228276525,2.1622632151744665,0.0570632151744665
6.9,300.0,1.0,2.1363,0.0,GQ2,leave_cell,N6.9_D300.0,2.124688192346814,0.0,2.124688192346814,-0.0116118076531859
6.9,300.0,0.5,2.2738,0.1375000000000001,GQ2,leave_cell,N6.9_D300.0,2.124688192346814,0.1837574872310693,2.308445679577883,0.0346456795778831
6.9,300.0,0.7,2.1672,0.0308999999999999,GQ2,leave_cell,N6.9_D300.0,2.124688192346814,0.1110327150926573,2.2357209074394717,0.0685209074394714
6.9,600.0,0.1,2.2081,0.1589,GQ2,leave_cell,N6.9_D600.0,2.080369594267294,0.3294217084439463,2.4097913027112403,0.2016913027112403
6.9,600.0,0.2,2.2684,0.2192000000000002,GQ2,leave_cell,N6.9_D600.0,2.080369594267294,0.2931324910769751,2.373502085344269,0.105102085344269
6.9,600.0,0.3,2.2487,0.1995,GQ2,leave_cell,N6.9_D600.0,2.080369594267294,0.2568019712207564,2.3371715654880507,0.0884715654880508
6.9,600.0,0.4,2.2425,0.1933000000000002,GQ2,leave_cell,N6.9_D600.0,2.080369594267294,0.2204241526288937,2.300793746896188,0.0582937468961879
6.9,600.0,0.6,2.1582,0.1089999999999999,GQ2,leave_cell,N6.9_D600.0,2.080369594267294,0.1474912120748511,2.227860806342145,0.0696608063421453
6.9,600.0,0.8,2.1315,0.0823,GQ2,leave_cell,N6.9_D600.0,2.080369594267294,0.0742110079963681,2.154580602263662,0.0230806022636622
6.9,600.0,0.9,2.0744,0.0251999999999998,GQ2,leave_cell,N6.9_D600.0,2.080369594267294,0.0373396735328345,2.117709267800129,0.043309267800129
6.9,600.0,1.0,2.0492,0.0,GQ2,leave_cell,N6.9_D600.0,2.080369594267294,0.0,2.080369594267294,0.0311695942672942
6.9,600.0,0.5,2.2022,0.153,GQ2,leave_cell,N6.9_D600.0,2.080369594267294,0.1839910050038541,2.264360599271148,0.0621605992711482
6.9,600.0,0.7,2.1051,0.0559000000000002,GQ2,leave_cell,N6.9_D600.0,2.080369594267294,0.1109076149230772,2.191277209190371,0.0861772091903709
11.97,10.0,0.1,2.77,0.3515999999999999,GQ2,leave_cell,N11.97_D10.0,2.4931150862800413,0.3281797847437787,2.82129487102382,0.0512948710238201
11.97,10.0,0.2,2.6684,0.25,GQ2,leave_cell,N11.97_D10.0,2.4931150862800413,0.2916726627585159,2.784787749038557,0.1163877490385569
11.97,10.0,0.3,2.6888,0.2704,GQ2,leave_cell,N11.97_D10.0,2.4931150862800413,0.2551712269733527,2.748286313253394,0.059486313253394
11.97,10.0,0.4,2.7027,0.2843,GQ2,leave_cell,N11.97_D10.0,2.4931150862800413,0.218676293856097,2.7117913801361384,0.0090913801361383
11.97,10.0,0.6,2.6784,0.2599999999999998,GQ2,leave_cell,N11.97_D10.0,2.4931150862800413,0.1457107467236969,2.638825833003738,-0.0395741669962617
11.97,10.0,0.8,2.6185,0.2000999999999999,GQ2,leave_cell,N11.97_D10.0,2.4931150862800413,0.0727926351066901,2.5659077213867314,-0.0525922786132686
11.97,10.0,0.9,2.4891,0.0706999999999999,GQ2,leave_cell,N11.97_D10.0,2.4931150862800413,0.0363649754387951,2.5294800617188367,0.0403800617188365
11.97,10.0,1.0,2.4184,0.0,GQ2,leave_cell,N11.97_D10.0,2.4931150862800413,0.0,2.4931150862800413,0.0747150862800412
11.97,10.0,0.5,2.6862,0.2677999999999998,GQ2,leave_cell,N11.97_D10.0,2.4931150862800413,0.1821889551807418,2.675304041460783,-0.0108959585392169
11.97,10.0,0.7,2.6556,0.2372,GQ2,leave_cell,N11.97_D10.0,2.4931150862800413,0.1092439921081091,2.6023590783881505,-0.0532409216118496
11.97,50.0,0.1,2.4506,0.1067,GQ2,leave_cell,N11.97_D50.0,2.2569878973491067,0.3288972457925947,2.5858851431417014,0.1352851431417012
11.97,50.0,0.2,2.4199,0.076,GQ2,leave_cell,N11.97_D50.0,2.2569878973491067,0.2928461606207435,2.54983405796985,0.1299340579698498
11.97,50.0,0.3,2.4152,0.0712999999999999,GQ2,leave_cell,N11.97_D50.0,2.2569878973491067,0.2567303760936615,2.5137182734427683,0.0985182734427683
11.97,50.0,0.4,2.3833,0.0394000000000001,GQ2,leave_cell,N11.97_D50.0,2.2569878973491067,0.2205404469946285,2.4775283443437357,0.094228344343735
11.97,50.0,0.6,2.3437,-0.0001999999999999,GQ2,leave_cell,N11.97_D50.0,2.2569878973491067,0.1478823230744295,2.404870220423536,0.061170220423536
11.97,50.0,0.8,2.2204,-0.1234999999999999,GQ2,leave_cell,N11.97_D50.0,2.2569878973491067,0.0746780542778298,2.3316659516269365,0.1112659516269363
11.97,50.0,0.9,2.296,-0.0479000000000002,GQ2,leave_cell,N11.97_D50.0,2.2569878973491067,0.0377111454214556,2.2946990427705622,-0.0013009572294375
11.97,50.0,1.0,2.3439,0.0,GQ2,leave_cell,N11.97_D50.0,2.2569878973491067,0.0,2.2569878973491067,-0.0869121026508934
11.97,50.0,0.5,2.3931,0.0491999999999999,GQ2,leave_cell,N11.97_D50.0,2.2569878973491067,0.1842637143674537,2.4412516117165604,0.0481516117165603
11.97,50.0,0.7,2.2717,-0.0722,GQ2,leave_cell,N11.97_D50.0,2.2569878973491067,0.1113691692740894,2.3683570666231963,0.0966570666231962
11.97,150.0,0.1,2.4214,0.2169000000000003,GQ2,leave_cell,N11.97_D150.0,2.147143193533268,0.3283916896502591,2.475534883183527,0.0541348831835266
11.97,150.0,0.2,2.3485,0.1440000000000001,GQ2,leave_cell,N11.97_D150.0,2.147143193533268,0.29225918972246,2.439402383255728,0.0909023832557278
11.97,150.0,0.3,2.3316,0.1271,GQ2,leave_cell,N11.97_D150.0,2.147143193533268,0.2560798685823382,2.403223062115606,0.0716230621156062
11.97,150.0,0.4,2.2453,0.0407999999999999,GQ2,leave_cell,N11.97_D150.0,2.147143193533268,0.2198469197024196,2.3669901132356874,0.1216901132356875
11.97,150.0,0.6,2.2154,0.0108999999999999,GQ2,leave_cell,N11.97_D150.0,2.147143193533268,0.1471799367216539,2.294323130254922,0.078923130254922
11.97,150.0,0.8,2.2885,0.084,GQ2,leave_cell,N11.97_D150.0,2.147143193533268,0.0741189140843133,2.2212621076175814,-0.0672378923824186
11.97,150.0,0.9,2.1844,-0.0200999999999997,GQ2,leave_cell,N11.97_D150.0,2.147143193533268,0.0373258308666575,2.1844690243999256,6.902439992551024e-05
11.97,150.0,1.0,2.2045,0.0,GQ2,leave_cell,N11.97_D150.0,2.147143193533268,0.0,2.147143193533268,-0.057356806466732
11.97,150.0,0.5,2.2142,0.0097,GQ2,leave_cell,N11.97_D150.0,2.147143193533268,0.1835512259567334,2.330694419490001,0.1164944194900012
11.97,150.0,0.7,2.2419,0.0373999999999998,GQ2,leave_cell,N11.97_D150.0,2.147143193533268,0.1107135613459412,2.257856754879209,0.0159567548792094
11.97,300.0,0.1,2.2899,0.1959999999999997,GQ2,leave_cell,N11.97_D300.0,2.0933363239811538,0.3288378803110451,2.4221742042921988,0.1322742042921989
11.97,300.0,0.2,2.2886,0.1947000000000001,GQ2,leave_cell,N11.97_D300.0,2.0933363239811538,0.2926356510639983,2.385971975045152,0.097371975045152
11.97,300.0,0.3,2.2767,0.1827999999999998,GQ2,leave_cell,N11.97_D300.0,2.0933363239811538,0.2563892300067036,2.3497255539878577,0.0730255539878577
11.97,300.0,0.4,2.2501,0.1562000000000001,GQ2,leave_cell,N11.97_D300.0,2.0933363239811538,0.220092196938225,2.313428520919379,0.0633285209193785
11.97,300.0,0.6,2.1351,0.0411999999999999,GQ2,leave_cell,N11.97_D300.0,2.0933363239811538,0.1473083791541135,2.2406447031352674,0.1055447031352674
11.97,300.0,0.8,2.1274,0.0335,GQ2,leave_cell,N11.97_D300.0,2.0933363239811538,0.0741528193510037,2.167489143332157,0.0400891433321572
11.97,300.0,0.9,2.2077,0.1137999999999999,GQ2,leave_cell,N11.97_D300.0,2.0933363239811538,0.0373274123934928,2.130663736374647,-0.0770362636253532
11.97,300.0,1.0,2.0939,0.0,GQ2,leave_cell,N11.97_D300.0,2.0933363239811538,0.0,2.0933363239811538,-0.0005636760188463
11.97,300.0,0.5,2.2109,0.1169999999999999,GQ2,leave_cell,N11.97_D300.0,2.0933363239811538,0.1837359529611355,2.277072276942289,0.0661722769422894
11.97,300.0,0.7,2.1378,0.0438999999999998,GQ2,leave_cell,N11.97_D300.0,2.0933363239811538,0.1107910969752192,2.204127420956373,0.0663274209563731
11.97,600.0,0.1,2.288,0.2688999999999999,GQ2,leave_cell,N11.97_D600.0,2.049017725901634,0.328761679180579,2.377779405082213,0.0897794050822131
11.97,600.0,0.2,2.2118,0.1927000000000003,GQ2,leave_cell,N11.97_D600.0,2.049017725901634,0.2930374742226651,2.342055200124299,0.1302552001242989
11.97,600.0,0.3,2.1456,0.1265,GQ2,leave_cell,N11.97_D600.0,2.049017725901634,0.2572085623362051,2.306226288237839,0.1606262882378391
11.97,600.0,0.4,2.141,0.1219000000000001,GQ2,leave_cell,N11.97_D600.0,2.049017725901634,0.221259511400303,2.270277237301937,0.1292772373019368
11.97,600.0,0.6,2.0709,0.0518,GQ2,leave_cell,N11.97_D600.0,2.049017725901634,0.1489096037808314,2.1979273296824653,0.1270273296824653
11.97,600.0,0.8,2.0161,-0.0030000000000001,GQ2,leave_cell,N11.97_D600.0,2.049017725901634,0.0756697420935152,2.124687467995149,0.1085874679951492
11.97,600.0,0.9,2.0573,0.0382000000000002,GQ2,leave_cell,N11.97_D600.0,2.049017725901634,0.038452253737285,2.087469979638919,0.0301699796389187
11.97,600.0,1.0,2.0191,0.0,GQ2,leave_cell,N11.97_D600.0,2.049017725901634,0.0,2.049017725901634,0.0299177259016341
11.97,600.0,0.5,2.0954,0.0763000000000002,GQ2,leave_cell,N11.97_D600.0,2.049017725901634,0.1851696109967991,2.234187336898433,0.1387873368984329
11.97,600.0,0.7,2.0538,0.0346999999999999,GQ2,leave_cell,N11.97_D600.0,2.049017725901634,0.1124349923597967,2.1614527182614305,0.1076527182614306
