data_type,N_params_B,floor_rate,rows,floor_rate_pct
calibrated,0.07,0.0,88,0.0
calibrated,0.16,0.0,88,0.0
calibrated,0.41,0.022727272727272728,88,2.272727272727273
calibrated,0.7,0.075,120,7.5
calibrated,1.0,0.13333333333333333,120,13.333333333333334
calibrated,2.8,0.16666666666666666,120,16.666666666666664
calibrated,4.0,0.2,120,20.0
calibrated,6.9,0.23333333333333334,120,23.333333333333332
calibrated,12.0,0.25,120,25.0
extrapolated,20.0,0.25833333333333336,120,25.833333333333336
extrapolated,40.0,0.3,120,30.0
extrapolated,70.0,0.325,120,32.5
extrapolated,120.0,0.3333333333333333,120,33.33333333333333
extrapolated,300.0,0.3416666666666667,120,34.166666666666664
extrapolated,700.0,0.38333333333333336,120,38.333333333333336
