Q,target_loss,N_params_B,D_tokens_B,predicted_loss,node_kind
0.4,2.2,4.693866553580285,15957.542158370385,2.2,model_frontier_node
0.4,2.2,13.089312341464819,2181.4015608208024,2.2,model_frontier_node
0.4,2.2,36.695315303216184,848.1429036230796,2.2,model_frontier_node
0.4,2.2,102.32852553210436,494.57997039783214,2.2,model_frontier_node
0.4,2.2,286.87355079904495,352.6455317532916,2.2,model_frontier_node
0.4,2.2,799.9753435788745,283.1581246202323,2.2,model_frontier_node
0.4,2.5,0.4318903053912768,4088.8467148153886,2.5,model_frontier_node
0.4,2.5,1.902049192877664,146.05145171661079,2.5,model_frontier_node
0.4,2.5,8.42127276292012,47.75163299674057,2.5,model_frontier_node
0.4,2.5,37.08736885678282,27.963411219303925,2.5,model_frontier_node
0.4,2.5,164.20334992991155,20.94422113297756,2.5,model_frontier_node
0.4,2.5,723.153183350675,17.790775000386358,2.5000000000000004,model_frontier_node
0.5389559587975633,2.0,101.24680247374936,31414.703249006867,2.0,model_frontier_node
0.5389559587975633,2.0,157.3694450307725,19066.142858186853,2.0,model_frontier_node
0.5389559587975633,2.0,243.30543486220057,13088.919729746163,1.9999999999999998,model_frontier_node
0.5389559587975633,2.0,378.17333803862584,9710.844074005834,1.9999999999999998,model_frontier_node
0.5389559587975633,2.0,584.6854733889784,7670.9411160806385,2.0,model_frontier_node
0.5389559587975633,2.0,908.785524250349,6320.4248531515,2.0,model_frontier_node
0.5389559587975633,2.2,2.6583174525573456,12673.233896604443,2.2,model_frontier_node
0.5389559587975633,2.2,8.28809335830984,1224.2538473359168,2.2,model_frontier_node
0.5389559587975633,2.2,25.840590050663934,446.51276069762844,2.2,model_frontier_node
0.5389559587975633,2.2,80.56570616413048,257.0842942007669,2.2,model_frontier_node
0.5389559587975633,2.2,251.18749211991138,184.5218192446341,2.2,model_frontier_node
0.5389559587975633,2.2,783.1515318558934,149.73019974092867,2.2,model_frontier_node
0.5389559587975633,2.5,0.33466003906317676,3300.8305214235834,2.5,model_frontier_node
0.5389559587975633,2.5,1.5460425645402223,105.42751180466173,2.5,model_frontier_node
0.5389559587975633,2.5,7.180368539634688,34.35604380807014,2.5,model_frontier_node
0.5389559587975633,2.5,33.34817135536521,20.228689197425506,2.5,model_frontier_node
0.5389559587975633,2.5,154.88070377002958,15.277203699944673,2.5,model_frontier_node
0.5389559587975633,2.5,715.5086729945883,13.066743906668192,2.5,model_frontier_node
0.8,2.0,10.360436011978983,20756.09807575952,2.0,model_frontier_node
0.8,2.0,24.897086403396436,4471.671941321708,2.0,model_frontier_node
0.8,2.0,59.830002391934514,1962.4320604038692,2.0,model_frontier_node
0.8,2.0,143.01507360327707,1183.6339938427243,2.0,model_frontier_node
0.8,2.0,343.67845526693776,845.7791806511451,2.0,model_frontier_node
0.8,2.0,825.8911290869818,671.6718282238273,2.0,model_frontier_node
0.8,2.2,1.1603944647587465,8037.702202928442,2.2,model_frontier_node
0.8,2.2,4.243111450484563,481.99043409267557,2.2,model_frontier_node
0.8,2.2,15.515409050987122,164.6230914957875,2.2,model_frontier_node
0.8,2.2,56.43315365356841,94.93611031836662,2.2,model_frontier_node
0.8,2.2,206.3541043382989,69.24131404791882,2.2,model_frontier_node
0.8,2.2,754.5567387331181,57.30064904150984,2.2,model_frontier_node
0.8,2.5,0.1956708633640274,4174.659216683605,2.5,model_frontier_node
0.8,2.5,0.5940670341943172,135.23400366537027,2.5,model_frontier_node
0.8,2.5,1.8132281187533772,38.180961961630786,2.5,model_frontier_node
0.8,2.5,5.505055951133453,19.716205022016428,2.5,model_frontier_node
0.8,2.5,16.802686685760033,13.311035484486032,2.5,model_frontier_node
0.8,2.5,51.01384066229297,10.418820039769425,2.5,model_frontier_node
