N_params_B,D_tokens_B,Q_A,p_scenario,s_Q,mixture_strength_profile,lambda0_B_loss_units,R_p,prediction,irreducible_loss_E,physical_lower_bound_status,N_support,D_support,Q_support,p_support,support_flag,evidence_type,dL_dN_analytic,dL_dD_analytic,dL_dQ_analytic,analytic_role,dL_dN,dL_dD,dL_dQ,epsilon_N,epsilon_D,epsilon_Q,epsilon_N_total,epsilon_D_total,epsilon_Q_total,epsilon_N_reducible,epsilon_D_reducible,epsilon_Q_reducible,reducible_elasticity_status,max_analytic_fd_abs_error,share_N,share_D,share_Q,elasticity_sum,dominant_factor
0.07,10.0,0.4,p_ref,0.5,0.0,0.0,0.0,3.4083740991420086,1.6897975628980857,PASS,outside_supported_boundary,observed_or_interpolated,observed_or_interpolated,within_registered_support,in_support,modeled_scenario,-4.245899422373904,-0.0182229855798718,-0.1803689107671394,analytic,-4.245899422526479,-0.0182229855805182,-0.1803689107624934,0.0872008033542066,0.0534653328843965,0.0211677363477087,0.0872008033542066,0.0534653328843965,0.0211677363477087,0.1729413577508946,0.1060353449276455,0.0419810015925629,defined,1.52575729828186e-10,0.5388291212502455,0.33037170791226983,0.13079917083748452,0.16183387258631182,参数
0.07,10.0,0.4,p_ref,1.0,0.0,0.0,0.0,3.433422154855564,1.6897975628980857,PASS,outside_supported_boundary,observed_or_interpolated,observed_or_interpolated,within_registered_support,in_support,modeled_scenario,-4.245899422373904,-0.0182229855798718,-0.3603069144897878,analytic,-4.245899422526479,-0.0182229855805182,-0.3603069144816067,0.086564641972888,0.0530752839546608,0.0419764186553126,0.086564641972888,0.0530752839546608,0.0419764186553126,0.1704569670259053,0.1045120931682906,0.0826569930576876,defined,1.52575729828186e-10,0.4766346452556938,0.2922384770851145,0.23112687765919163,0.1816163445828614,参数
0.07,10.0,0.4,p_ref,1.5,0.0,0.0,0.0,3.4584419936040485,1.6897975628980857,PASS,outside_supported_boundary,observed_or_interpolated,observed_or_interpolated,within_registered_support,in_support,modeled_scenario,-4.245899422373904,-0.0182229855798718,-0.5398855613428658,analytic,-4.245899422526479,-0.0182229855805182,-0.5398855613453365,0.0859383965746747,0.0526913148007668,0.0624426331097976,0.0859383965746747,0.0526913148007668,0.0624426331097976,0.1680456254614273,0.1030336299605708,0.1221015489540401,defined,1.52575729828186e-10,0.4274003806673847,0.26205152645760754,0.31054809287500784,0.20107234448523909,参数
0.07,10.0,0.5389559587975633,p_ref,0.5,0.0,0.0,0.0,3.3832940725378005,1.6897975628980857,PASS,outside_supported_boundary,observed_or_interpolated,observed_or_interpolated,within_registered_support,in_support,modeled_scenario,-4.245899422373904,-0.0182229855798718,-0.1806149651728727,analytic,-4.245899422526479,-0.0182229855805182,-0.1806149651625736,0.0878472143433617,0.0538616661449391,0.0287718151704638,0.0878472143433617,0.0538616661449391,0.0287718151704638,0.1755025521960387,0.1076056872676704,0.057480786744044,defined,1.52575729828186e-10,0.5152912709788404,0.31593997160094306,0.16876875742021652,0.17048069565876459,参数
0.07,10.0,0.5389559587975633,p_ref,1.0,0.0,0.0,0.0,3.3832940725378005,1.6897975628980857,PASS,outside_supported_boundary,observed_or_interpolated,observed_or_interpolated,within_registered_support,in_support,modeled_scenario,-4.245899422373904,-0.0182229855798718,-0.3612299303457454,analytic,-4.245899422526479,-0.0182229855805182,-0.3612299303473518,0.0878472143433617,0.0538616661449391,0.0575436303444647,0.0878472143433617,0.0538616661449391,0.0575436303444647,0.1755025521960387,0.1076056872676704,0.1149615734951546,defined,1.52575729828186e-10,0.44088385123082685,0.27031863197019235,0.2887975167989808,0.1992525108327655,参数
0.07,10.0,0.5389559587975633,p_ref,1.5,0.0,0.0,0.0,3.3832940725378005,1.6897975628980857,PASS,outside_supported_boundary,observed_or_interpolated,observed_or_interpolated,within_registered_support,in_support,modeled_scenario,-4.245899422373904,-0.0182229855798718,-0.5418448955186181,analytic,-4.245899422526479,-0.0182229855805182,-0.5418448955099254,0.0878472143433617,0.0538616661449391,0.0863154455149285,0.0878472143433617,0.0538616661449391,0.0863154455149285,0.1755025521960387,0.1076056872676704,0.1724423602391987,defined,1.52575729828186e-10,0.38525369588031405,0.23621017585718598,0.3785361282624999,0.2280243260032293,参数
0.07,10.0,0.8,p_ref,0.5,0.0,0.0,0.0,3.336073556082541,1.6897975628980857,PASS,outside_supported_boundary,observed_or_interpolated,observed_or_interpolated,within_registered_support,in_support,modeled_scenario,-4.245899422373904,-0.0182229855798718,-0.1811997165110454,analytic,-4.245899422526479,-0.0182229855805182,-0.1811997164988174,0.089090649405783,0.0546240521204724,0.0434522113383124,0.089090649405783,0.0546240521204724,0.0434522113383124,0.1805365326393073,0.1106921661736003,0.0880531416355362,defined,1.52575729828186e-10,0.4759957197683126,0.2918467334020616,0.23215754682962586,0.1871669128645678,参数
0.07,10.0,0.8,p_ref,1.0,0.0,0.0,0.0,3.288666518165815,1.6897975628980857,PASS,outside_supported_boundary,observed_or_interpolated,observed_or_interpolated,within_registered_support,in_support,modeled_scenario,-4.245899422373904,-0.0182229855798718,-0.3641718443337616,analytic,-4.245899422526479,-0.0182229855805182,-0.3641718443264583,0.0903749157706078,0.0554114729476485,0.088588330209794,0.0903749157706078,0.0554114729476485,0.088588330209794,0.1858895055768254,0.1139742285975328,0.1822147302950056,defined,1.52575729828186e-10,0.38560010304845044,0.23642256810410953,0.37797732884744006,0.23437471892805029,参数
0.07,10.0,0.8,p_ref,1.5,0.0,0.0,0.0,3.240931626472155,1.6897975628980857,PASS,outside_supported_boundary,observed_or_interpolated,observed_or_interpolated,within_registered_support,in_support,modeled_scenario,-4.245899422373904,-0.0182229855798718,-0.5518959115697479,analytic,-4.245899422526479,-0.0182229855805182,-0.5518959116182635,0.0917060258689808,0.0562276150217784,0.1362314236092706,0.0917060258689808,0.0562276150217784,0.1362314236092706,0.1916101042175721,0.1174816929655293,0.284641243889186,defined,1.52575729828186e-10,0.3227209721586701,0.1978695555722421,0.4794094722690879,0.28416506450002976,质量
0.07,150.0,0.4,p_ref,0.5,0.0,0.0,0.0,3.062402206395235,1.6897975628980857,PASS,outside_supported_boundary,observed_or_interpolated,observed_or_interpolated,within_registered_support,in_support,modeled_scenario,-4.245899422373904,-0.0005693325995224,-0.1803689107671394,analytic,-4.245899422526479,-0.0005693325995833,-0.1803689107624934,0.0970522287882962,0.0278865688377435,0.0235591406492364,0.0970522287882962,0.0278865688377435,0.0235591406492364,0.2165320953742429,0.0622173983907813,0.052562523846035,defined,1.52575729828186e-10,0.6535594360130906,0.18779094956893705,0.15864961441797226,0.1484979382752761,参数
0.07,150.0,0.4,p_ref,1.0,0.0,0.0,0.0,3.0874502621087907,1.6897975628980857,PASS,outside_supported_boundary,observed_or_interpolated,observed_or_interpolated,within_registered_support,in_support,modeled_scenario,-4.245899422373904,-0.0005693325995224,-0.3603069144897878,analytic,-4.245899422526479,-0.0005693325995833,-0.3603069144816067,0.0962648575183365,0.0276603289729333,0.046680190305059,0.0962648575183365,0.0276603289729333,0.046680190305059,0.2126515118846751,0.0611023682676865,0.1031177243631647,defined,1.52575729828186e-10,0.5642545347985068,0.16213046442231774,0.2736150007791753,0.1706053767963288,参数
0.07,150.0,0.4,p_ref,1.5,0.0,0.0,0.0,3.112470100857275,1.6897975628980857,PASS,outside_supported_boundary,observed_or_interpolated,observed_or_interpolated,within_registered_support,in_support,modeled_scenario,-4.245899422373904,-0.0005693325995224,-0.5398855613428658,analytic,-4.245899422526479,-0.0005693325995833,-0.5398855613453365,0.0954910247957053,0.0274379792159213,0.0693835498945528,0.0954910247957053,0.0274379792159213,0.0693835498945528,0.2089117148512635,0.0600277911176973,0.1517947516214229,defined,1.52575729828186e-10,0.4965407762318577,0.14267388508244266,0.36078533868569956,0.1923125539061794,参数
0.07,150.0,0.5389559587975633,p_ref,0.5,0.0,0.0,0.0,3.037322179791027,1.6897975628980857,PASS,outside_supported_boundary,observed_or_interpolated,observed_or_interpolated,within_registered_support,in_support,modeled_scenario,-4.245899422373904,-0.0005693325995224,-0.1806149651728727,analytic,-4.245899422526479,-0.0005693325995833,-0.1806149651625736,0.0978536164369966,0.028116836108369,0.0320491228655502,0.0978536164369966,0.028116836108369,0.0320491228655502,0.2205621744129269,0.063375383920191,0.0722387632122324,defined,1.52575729828186e-10,0.6192499643321848,0.17793261395149101,0.2028174217163242,0.1580195754109158,参数
0.07,150.0,0.5389559587975633,p_ref,1.0,0.0,0.0,0.0,3.037322179791027,1.6897975628980857,PASS,outside_supported_boundary,observed_or_interpolated,observed_or_interpolated,within_registered_support,in_support,modeled_scenario,-4.245899422373904,-0.0005693325995224,-0.3612299303457454,analytic,-4.245899422526479,-0.0005693325995833,-0.3612299303473518,0.0978536164369966,0.028116836108369,0.0640982457350404,0.0978536164369966,0.028116836108369,0.0640982457350404,0.2205621744129269,0.063375383920191,0.1444775264333457,defined,1.52575729828186e-10,0.5148328858055016,0.14792986095421445,0.3372372532402839,0.190068698280406,参数
0.07,150.0,0.5389559587975633,p_ref,1.5,0.0,0.0,0.0,3.037322179791027,1.6897975628980857,PASS,outside_supported_boundary,observed_or_interpolated,observed_or_interpolated,within_registered_support,in_support,modeled_scenario,-4.245899422373904,-0.0005693325995224,-0.5418448955186181,analytic,-4.245899422526479,-0.0005693325995833,-0.5418448955099254,0.0978536164369966,0.028116836108369,0.0961473686005906,0.0978536164369966,0.028116836108369,0.0961473686005906,0.2205621744129269,0.063375383920191,0.2167162896455781,defined,1.52575729828186e-10,0.44054824566596057,0.12658523284312745,0.43286652149091204,0.22211782114595618,参数
0.07,150.0,0.8,p_ref,0.5,0.0,0.0,0.0,2.990101663335768,1.6897975628980857,PASS,outside_supported_boundary,observed_or_interpolated,observed_or_interpolated,within_registered_support,in_support,modeled_scenario,-4.245899422373904,-0.0005693325995224,-0.1811997165110454,analytic,-4.245899422526479,-0.0005693325995833,-0.1811997164988174,0.0993989479425531,0.0285608649982242,0.0484798811279668,0.0993989479425531,0.0285608649982242,0.0484798811279668,0.228571885205016,0.0656768596736355,0.111481439726492,defined,1.52575729828186e-10,0.5633593306040616,0.1618732403100652,0.27476742908587315,0.1764396940687441,参数
0.07,150.0,0.8,p_ref,1.0,0.0,0.0,0.0,2.9426946254190414,1.6897975628980857,PASS,outside_supported_boundary,observed_or_interpolated,observed_or_interpolated,within_registered_support,in_support,modeled_scenario,-4.245899422373904,-0.0005693325995224,-0.3641718443337616,analytic,-4.245899422526479,-0.0005693325995833,-0.3641718443264583,0.1010002726784911,0.0290209827414006,0.099003638687001,0.1010002726784911,0.0290209827414006,0.099003638687001,0.2372205733955756,0.0681619364368732,0.2325310547659567,defined,1.52575729828186e-10,0.4410012853508898,0.12671540731225336,0.4322833073368569,0.2290248941068927,参数
0.07,150.0,0.8,p_ref,1.5,0.0,0.0,0.0,2.8949597337253814,1.6897975628980857,PASS,outside_supported_boundary,observed_or_interpolated,observed_or_interpolated,within_registered_support,in_support,modeled_scenario,-4.245899422373904,-0.0005693325995224,-0.5518959115697479,analytic,-4.245899422526479,-0.0005693325995833,-0.5518959116182635,0.1026656627083323,0.0294995087298163,0.1525122177524882,0.1026656627083323,0.0294995087298163,0.1525122177524882,0.2466165689326513,0.0708617412699528,0.3663546201350869,defined,1.52575729828186e-10,0.36063862676350916,0.10362434759460888,0.535737025641882,0.2846773891906368,质量
0.07,600.0,0.4,p_ref,0.5,0.0,0.0,0.0,2.9642767387636013,1.6897975628980857,PASS,outside_supported_boundary,observed_or_interpolated,observed_or_interpolated,within_registered_support,in_support,modeled_scenario,-4.245899422373904,-9.656119614207528e-05,-0.1803689107671394,analytic,-4.245899422526479,-9.656119615009118e-05,-0.1803689107624934,0.1002649164601348,0.019544975991081,0.0243390110516773,0.1002649164601348,0.019544975991081,0.0243390110516773,0.2332034647604283,0.0454591324732388,0.0566094493117166,defined,1.52575729828186e-10,0.6955648917448924,0.13558879406036362,0.16884631419474383,0.1441489035028931,参数
0.07,600.0,0.4,p_ref,1.0,0.0,0.0,0.0,2.989324794477157,1.6897975628980857,PASS,outside_supported_boundary,observed_or_interpolated,observed_or_interpolated,within_registered_support,in_support,modeled_scenario,-4.245899422373904,-9.656119614207528e-05,-0.3603069144897878,analytic,-4.245899422526479,-9.656119615009118e-05,-0.3603069144816067,0.099424779845255,0.019381205346804,0.0482124813131422,0.099424779845255,0.019381205346804,0.0482124813131422,0.2287085274971163,0.0445829192972394,0.1109039982313547,defined,1.52575729828186e-10,0.5952921370054536,0.11604229012724436,0.28866557286730204,0.1670184665052012,参数
0.07,600.0,0.4,p_ref,1.5,0.0,0.0,0.0,3.014344633225641,1.6897975628980857,PASS,outside_supported_boundary,observed_or_interpolated,observed_or_interpolated,within_registered_support,in_support,modeled_scenario,-4.245899422373904,-9.656119614207528e-05,-0.5398855613428658,analytic,-4.245899422526479,-9.656119615009118e-05,-0.5398855613453365,0.0985995285014264,0.0192203363382695,0.0716421812415797,0.0985995285014264,0.0192203363382695,0.0716421812415797,0.2243883711156855,0.043740776743953,0.1630400529931563,defined,1.52575729828186e-10,0.5204183663208678,0.1014468952268379,0.37813473845229445,0.1894620460812756,参数
0.07,600.0,0.5389559587975633,p_ref,0.5,0.0,0.0,0.0,2.939196712159393,1.6897975628980857,PASS,outside_supported_boundary,observed_or_interpolated,observed_or_interpolated,within_registered_support,in_support,modeled_scenario,-4.245899422373904,-9.656119614207528e-05,-0.1806149651728727,analytic,-4.245899422526479,-9.656119615009118e-05,-0.1806149651625736,0.1011204722526022,0.0197117523472899,0.0331190870347926,0.1011204722526022,0.0197117523472899,0.0331190870347926,0.2378847142264961,0.0463716641109521,0.077912260289225,defined,1.52575729828186e-10,0.6568341066983161,0.12803887240704034,0.21512702089464356,0.1539513116346847,参数
0.07,600.0,0.5389559587975633,p_ref,1.0,0.0,0.0,0.0,2.939196712159393,1.6897975628980857,PASS,outside_supported_boundary,observed_or_interpolated,observed_or_interpolated,within_registered_support,in_support,modeled_scenario,-4.245899422373904,-9.656119614207528e-05,-0.3612299303457454,analytic,-4.245899422526479,-9.656119615009118e-05,-0.3612299303473518,0.1011204722526022,0.0197117523472899,0.0662381740736569,0.1011204722526022,0.0197117523472899,0.0662381740736569,0.2378847142264961,0.0463716641109521,0.1558245205880285,defined,1.52575729828186e-10,0.5405476920432747,0.1053707721107084,0.35408153584601676,0.18707039867354902,参数
0.07,600.0,0.5389559587975633,p_ref,1.5,0.0,0.0,0.0,2.939196712159393,1.6897975628980857,PASS,outside_supported_boundary,observed_or_interpolated,observed_or_interpolated,within_registered_support,in_support,modeled_scenario,-4.245899422373904,-9.656119614207528e-05,-0.5418448955186181,analytic,-4.245899422526479,-9.656119615009118e-05,-0.5418448955099254,0.1011204722526022,0.0197117523472899,0.0993572611084495,0.1011204722526022,0.0197117523472899,0.0993572611084495,0.2378847142264961,0.0463716641109521,0.2337367808772536,defined,1.52575729828186e-10,0.45924296488227534,0.08952176932462468,0.45123526579309986,0.22018948570834163,参数
0.07,600.0,0.8,p_ref,0.5,0.0,0.0,0.0,2.891976195704134,1.6897975628980857,PASS,outside_supported_boundary,observed_or_interpolated,observed_or_interpolated,within_registered_support,in_support,modeled_scenario,-4.245899422373904,-9.656119614207528e-05,-0.1811997165110454,analytic,-4.245899422526479,-9.656119615009118e-05,-0.1811997164988174,0.1027715788319234,0.0200336080829836,0.0501248154858202,0.1027715788319234,0.0200336080829836,0.0501248154858202,0.2472286160028631,0.0481931021805158,0.1205808930913188,defined,1.52575729828186e-10,0.5942958272432848,0.11584807612828296,0.2898560966284322,0.1729300024007272,参数
0.07,600.0,0.8,p_ref,1.0,0.0,0.0,0.0,2.8445691577874075,1.6897975628980857,PASS,outside_supported_boundary,observed_or_interpolated,observed_or_interpolated,within_registered_support,in_support,modeled_scenario,-4.245899422373904,-9.656119614207528e-05,-0.3641718443337616,analytic,-4.245899422526479,-9.656119615009118e-05,-0.3641718443264583,0.1044843500335336,0.0203674843100385,0.1024188407104075,0.1044843500335336,0.0203674843100385,0.1024188407104075,0.2573781351154032,0.0501715819357399,0.2522901297109665,defined,1.52575729828186e-10,0.4597352914480378,0.08961774019107821,0.450646968360884,0.22727067505397958,参数
0.07,600.0,0.8,p_ref,1.5,0.0,0.0,0.0,2.7968342660937475,1.6897975628980857,PASS,outside_supported_boundary,observed_or_interpolated,observed_or_interpolated,within_registered_support,in_support,modeled_scenario,-4.245899422373904,-9.656119614207528e-05,-0.5518959115697479,analytic,-4.245899422526479,-9.656119615009118e-05,-0.5518959116182635,0.1062676337958207,0.0207151057867197,0.157863029156627,0.1062676337958207,0.0207151057867197,0.157863029156627,0.2684761568599257,0.052334956485914,0.3988275438565792,defined,1.52575729828186e-10,0.37307078236127744,0.07272393716224893,0.5542052804764735,0.28484576873916745,质量
1.0,10.0,0.4,p_ref,0.5,0.0,0.0,0.0,2.8881384431817296,1.6897975628980857,PASS,observed_or_interpolated,observed_or_interpolated,observed_or_interpolated,within_registered_support,in_support,modeled_scenario,-0.1203450194800363,-0.0182229855798718,-0.1803689107671394,analytic,-0.1203450194831034,-0.0182229855805182,-0.1803689107624934,0.0416687156279547,0.0630959558865289,0.0249806460889443,0.0416687156279547,0.0630959558865289,0.0249806460889443,0.100426365705406,0.1520684629919738,0.0602062113477429,defined,4.646005802300124e-12,0.32115776043122346,0.4863062270916349,0.19253601247714164,0.1297453176034279,Token
1.0,10.0,0.4,p_ref,1.0,0.0,0.0,0.0,2.913186498895285,1.6897975628980857,PASS,observed_or_interpolated,observed_or_interpolated,observed_or_interpolated,within_registered_support,in_support,modeled_scenario,-0.1203450194800363,-0.0182229855798718,-0.3603069144897878,analytic,-0.1203450194831034,-0.0182229855805182,-0.3603069144816067,0.0413104411711161,0.0625534465006913,0.0494725503661697,0.0413104411711161,0.0625534465006913,0.0494725503661697,0.0983702042270055,0.1489549647239901,0.1178061706722616,defined,8.181122446160316e-12,0.26941046563821097,0.4079489996056813,0.32264053475610766,0.1533364380379771,Token
1.0,10.0,0.4,p_ref,1.5,0.0,0.0,0.0,2.938206337643769,1.6897975628980857,PASS,observed_or_interpolated,observed_or_interpolated,observed_or_interpolated,within_registered_support,in_support,modeled_scenario,-0.1203450194800363,-0.0182229855798718,-0.5398855613428658,analytic,-0.1203450194831034,-0.0182229855805182,-0.5398855613453365,0.0409586685391236,0.0620207823632012,0.0734986586106523,0.0409586685391236,0.0620207823632012,0.0734986586106523,0.0963987292604693,0.1459697011840574,0.1729835843088552,defined,3.0671160056172653e-12,0.23208922994560835,0.3514361216490739,0.4164746484053178,0.1764781095129771,质量
1.0,10.0,0.5389559587975633,p_ref,0.5,0.0,0.0,0.0,2.863058416577521,1.6897975628980857,PASS,observed_or_interpolated,observed_or_interpolated,observed_or_interpolated,within_registered_support,in_support,modeled_scenario,-0.1203450194800363,-0.0182229855798718,-0.1806149651728727,analytic,-0.1203450194831034,-0.0182229855805182,-0.1806149651625736,0.0420337282628564,0.0636486684134859,0.033999834288658,0.0420337282628564,0.0636486684134859,0.033999834288658,0.1025731141593042,0.1553191306380809,0.0829683453744379,defined,1.0299067154662112e-11,0.3009239469649411,0.4556676105025423,0.2434084425325167,0.1396822309650003,Token
1.0,10.0,0.5389559587975633,p_ref,1.0,0.0,0.0,0.0,2.863058416577521,1.6897975628980857,PASS,observed_or_interpolated,observed_or_interpolated,observed_or_interpolated,within_registered_support,in_support,modeled_scenario,-0.1203450194800363,-0.0182229855798718,-0.3612299303457454,analytic,-0.1203450194831034,-0.0182229855805182,-0.3612299303473518,0.0420337282628564,0.0636486684134859,0.0679996685814959,0.0420337282628564,0.0636486684134859,0.0679996685814959,0.1025731141593042,0.1553191306380809,0.1659366907590759,defined,3.0671160056172653e-12,0.2420153641105983,0.3664665566879161,0.39151807920148574,0.1736820652578382,质量
1.0,10.0,0.5389559587975633,p_ref,1.5,0.0,0.0,0.0,2.863058416577521,1.6897975628980857,PASS,observed_or_interpolated,observed_or_interpolated,observed_or_interpolated,within_registered_support,in_support,modeled_scenario,-0.1203450194800363,-0.0182229855798718,-0.5418448955186181,analytic,-0.1203450194831034,-0.0182229855805182,-0.5418448955099254,0.0420337282628564,0.0636486684134859,0.1019995028701539,0.0420337282628564,0.0636486684134859,0.1019995028701539,0.1025731141593042,0.1553191306380809,0.2489050361335139,defined,8.692713215907588e-12,0.20239476023015582,0.3064719099376117,0.49113332983223257,0.20768189954649618,质量
1.0,10.0,0.8,p_ref,0.5,0.0,0.0,0.0,2.815837900122262,1.6897975628980857,PASS,observed_or_interpolated,observed_or_interpolated,observed_or_interpolated,within_registered_support,in_support,modeled_scenario,-0.1203450194800363,-0.0182229855798718,-0.1811997165110454,analytic,-0.1203450194831034,-0.0182229855805182,-0.1811997164988174,0.0427386176874308,0.064716032054711,0.0514801555845099,0.0427386176874308,0.064716032054711,0.0514801555845099,0.1068745190600971,0.1618324404385023,0.1287340856335547,defined,1.2227996393221474e-11,0.2689065972654133,0.407186027765932,0.32390737496865457,0.15893480532665172,Token
1.0,10.0,0.8,p_ref,1.0,0.0,0.0,0.0,2.768430862205536,1.6897975628980857,PASS,observed_or_interpolated,observed_or_interpolated,observed_or_interpolated,within_registered_support,in_support,modeled_scenario,-0.1203450194800363,-0.0182229855798718,-0.3641718443337616,analytic,-0.1203450194831034,-0.0182229855805182,-0.3641718443264583,0.0434704803815211,0.0658242393888084,0.10523559733367,0.0434704803815211,0.0658242393888084,0.10523559733367,0.1115717636015617,0.1689451418959396,0.2700987218253167,defined,7.303269100589205e-12,0.2026309426487613,0.3068295440820995,0.49053951326913914,0.2145303171039995,质量
1.0,10.0,0.8,p_ref,1.5,0.0,0.0,0.0,2.720695970511876,1.6897975628980857,PASS,observed_or_interpolated,observed_or_interpolated,observed_or_interpolated,within_registered_support,in_support,modeled_scenario,-0.1203450194800363,-0.0182229855798718,-0.5518959115697479,analytic,-0.1203450194831034,-0.0182229855805182,-0.5518959116182635,0.0442331744478092,0.0669791324647339,0.1622808039119281,0.0442331744478092,0.0669791324647339,0.1622808039119281,0.1167380011398648,0.1767680059056335,0.4282834526018765,defined,4.8515524930792247e-11,0.16173414501909775,0.24490244841202358,0.5933634065688786,0.2734931108244712,质量
1.0,150.0,0.4,p_ref,0.5,0.0,0.0,0.0,2.542166550434956,1.6897975628980857,PASS,observed_or_interpolated,observed_or_interpolated,observed_or_interpolated,within_registered_support,in_support,modeled_scenario,-0.1203450194800363,-0.0005693325995224,-0.1803689107671394,analytic,-0.1203450194831034,-0.0005693325995833,-0.1803689107624934,0.0473395495910812,0.0335933497051508,0.0283803452187871,0.0473395495910812,0.0335933497051508,0.0283803452187871,0.141188876229378,0.1001912213914334,0.0846435820166163,defined,4.646005802300124e-12,0.43306325597697337,0.30731271269269883,0.2596240313303278,0.1093132445150191,参数
1.0,150.0,0.4,p_ref,1.0,0.0,0.0,0.0,2.567214606148512,1.6897975628980857,PASS,observed_or_interpolated,observed_or_interpolated,observed_or_interpolated,within_registered_support,in_support,modeled_scenario,-0.1203450194800363,-0.0005693325995224,-0.3603069144897878,analytic,-0.1203450194831034,-0.0005693325995833,-0.3603069144816067,0.0468776623484751,0.0332655827576567,0.0561397420564166,0.0468776623484751,0.0332655827576567,0.0561397420564166,0.1371582879645015,0.0973310133356098,0.1642579966975957,defined,8.181122446160316e-12,0.34397295894727387,0.2440919695866363,0.41193507146609004,0.13628298716254839,质量
1.0,150.0,0.4,p_ref,1.5,0.0,0.0,0.0,2.592234444896996,1.6897975628980857,PASS,observed_or_interpolated,observed_or_interpolated,observed_or_interpolated,within_registered_support,in_support,modeled_scenario,-0.1203450194800363,-0.0005693325995224,-0.5398855613428658,analytic,-0.1203450194831034,-0.0005693325995833,-0.5398855613453365,0.046425206531767,0.032944508590114,0.0833081378743563,0.046425206531767,0.032944508590114,0.0833081378743563,0.1333556084460306,0.0946325351290348,0.2393011952922324,defined,3.0671160056172653e-12,0.28538123460997983,0.20251379018922752,0.5121049752007927,0.1626778529962373,质量
1.0,150.0,0.5389559587975633,p_ref,0.5,0.0,0.0,0.0,2.517086523830748,1.6897975628980857,PASS,observed_or_interpolated,observed_or_interpolated,observed_or_interpolated,within_registered_support,in_support,modeled_scenario,-0.1203450194800363,-0.0005693325995224,-0.1806149651728727,analytic,-0.1203450194831034,-0.0005693325995833,-0.1806149651625736,0.0478112366594179,0.0339280708584974,0.0386730892246948,0.0478112366594179,0.0339280708584974,0.0386730892246948,0.1454691470165755,0.1032286105222788,0.1176656722369908,defined,1.0299067154662112e-11,0.3970624117848742,0.2817655970341743,0.32117199118095147,0.1204123967426101,参数
1.0,150.0,0.5389559587975633,p_ref,1.0,0.0,0.0,0.0,2.517086523830748,1.6897975628980857,PASS,observed_or_interpolated,observed_or_interpolated,observed_or_interpolated,within_registered_support,in_support,modeled_scenario,-0.1203450194800363,-0.0005693325995224,-0.3612299303457454,analytic,-0.1203450194831034,-0.0005693325995833,-0.3612299303473518,0.0478112366594179,0.0339280708584974,0.0773461784541439,0.0478112366594179,0.0339280708584974,0.0773461784541439,0.1454691470165755,0.1032286105222788,0.2353313444884472,defined,3.0671160056172653e-12,0.30053801808051284,0.21326942964775755,0.4861925522717296,0.1590854859720592,质量
1.0,150.0,0.5389559587975633,p_ref,1.5,0.0,0.0,0.0,2.517086523830748,1.6897975628980857,PASS,observed_or_interpolated,observed_or_interpolated,observed_or_interpolated,within_registered_support,in_support,modeled_scenario,-0.1203450194800363,-0.0005693325995224,-0.5418448955186181,analytic,-0.1203450194831034,-0.0005693325995833,-0.5418448955099254,0.0478112366594179,0.0339280708584974,0.1160192676788387,0.0478112366594179,0.0339280708584974,0.1160192676788387,0.1454691470165755,0.1032286105222788,0.352997016725438,defined,8.692713215907588e-12,0.24176568126995018,0.17156308304073126,0.5866712356893187,0.197758575196754,质量
1.0,150.0,0.8,p_ref,0.5,0.0,0.0,0.0,2.469866007375489,1.6897975628980857,PASS,observed_or_interpolated,observed_or_interpolated,observed_or_interpolated,within_registered_support,in_support,modeled_scenario,-0.1203450194800363,-0.0005693325995224,-0.1811997165110454,analytic,-0.1203450194831034,-0.0005693325995833,-0.1811997164988174,0.0487253232052793,0.034576729945057,0.0586913511770179,0.0487253232052793,0.034576729945057,0.0586913511770179,0.1542749489933887,0.1094774318101165,0.1858295566566186,defined,1.2227996393221474e-11,0.3431520177722273,0.2435094088267873,0.4133385734009855,0.1419934043273542,质量
1.0,150.0,0.8,p_ref,1.0,0.0,0.0,0.0,2.4224589694587624,1.6897975628980857,PASS,observed_or_interpolated,observed_or_interpolated,observed_or_interpolated,within_registered_support,in_support,modeled_scenario,-0.1203450194800363,-0.0005693325995224,-0.3641718443337616,analytic,-0.1203450194831034,-0.0005693325995833,-0.3641718443264583,0.0496788680429091,0.0352533896401056,0.1202651847293243,0.0496788680429091,0.0352533896401056,0.1202651847293243,0.1642573478082291,0.1165611961716261,0.3976427212520835,defined,7.303269100589205e-12,0.24210276433699737,0.1718022857676014,0.5860949498954012,0.205197442412339,质量
1.0,150.0,0.8,p_ref,1.5,0.0,0.0,0.0,2.3747240777651024,1.6897975628980857,PASS,observed_or_interpolated,observed_or_interpolated,observed_or_interpolated,within_registered_support,in_support,modeled_scenario,-0.1203450194800363,-0.0005693325995224,-0.5518959115697479,analytic,-0.1203450194831034,-0.0005693325995833,-0.5518959116182635,0.0506774747474504,0.0359620263832377,0.1859233809218503,0.0506774747474504,0.0359620263832377,0.1859233809218503,0.1757050090351214,0.1246847480478683,0.6446191229439179,defined,4.8515524930792247e-11,0.1859294793400444,0.13194029250213815,0.6821302281578173,0.2725628820525384,质量
1.0,600.0,0.4,p_ref,0.5,0.0,0.0,0.0,2.4440410828033223,1.6897975628980857,PASS,observed_or_interpolated,observed_or_interpolated,observed_or_interpolated,within_registered_support,in_support,modeled_scenario,-0.1203450194800363,-9.656119614207528e-05,-0.1803689107671394,analytic,-0.1203450194831034,-9.656119615009118e-05,-0.1803689107624934,0.0492401786246029,0.0237052961579521,0.0295197837764019,0.0492401786246029,0.0237052961579521,0.0295197837764019,0.15955724684015,0.0768143393493574,0.0956555308742486,defined,4.646005802300124e-12,0.4805548662747079,0.23134959586631448,0.2880955378589776,0.1024652585589569,参数
1.0,600.0,0.4,p_ref,1.0,0.0,0.0,0.0,2.469089138516878,1.6897975628980857,PASS,observed_or_interpolated,observed_or_interpolated,observed_or_interpolated,within_registered_support,in_support,modeled_scenario,-0.1203450194800363,-9.656119614207528e-05,-0.3603069144897878,analytic,-0.1203450194831034,-9.656119615009118e-05,-0.3603069144816067,0.0487406540354358,0.0234648141236633,0.0583708232904113,0.0487406540354358,0.0234648141236633,0.0583708232904113,0.1544287443214616,0.0743453663592479,0.1849407465725557,defined,8.181122446160316e-12,0.37327338289648254,0.17970194943648232,0.447024667667035,0.1305762914495104,质量
1.0,600.0,0.4,p_ref,1.5,0.0,0.0,0.0,2.494108977265362,1.6897975628980857,PASS,observed_or_interpolated,observed_or_interpolated,observed_or_interpolated,within_registered_support,in_support,modeled_scenario,-0.1203450194800363,-9.656119614207528e-05,-0.5398855613428658,analytic,-0.1203450194831034,-9.656119615009118e-05,-0.5398855613453365,0.0482517085580817,0.0232294251045833,0.0865857211960783,0.0482517085580817,0.0232294251045833,0.0865857211960783,0.1496249056440093,0.0720326936248088,0.2684957849417295,defined,3.0671160056172653e-12,0.3052613946244576,0.1469594946096847,0.5477791107658577,0.1580668548587433,质量
1.0,600.0,0.5389559587975633,p_ref,0.5,0.0,0.0,0.0,2.418961056199114,1.6897975628980857,PASS,observed_or_interpolated,observed_or_interpolated,observed_or_interpolated,within_registered_support,in_support,modeled_scenario,-0.1203450194800363,-9.656119614207528e-05,-0.1806149651728727,analytic,-0.1203450194831034,-9.656119615009118e-05,-0.1806149651625736,0.0497507056488955,0.0239510750045269,0.0402418680833738,0.0497507056488955,0.0239510750045269,0.0402418680833738,0.1650453164327854,0.0794564157727738,0.1335002542182895,defined,1.0299067154662112e-11,0.4366255267445139,0.21020105350367196,0.35317341975181427,0.11394364873679619,参数
1.0,600.0,0.5389559587975633,p_ref,1.0,0.0,0.0,0.0,2.418961056199114,1.6897975628980857,PASS,observed_or_interpolated,observed_or_interpolated,observed_or_interpolated,within_registered_support,in_support,modeled_scenario,-0.1203450194800363,-9.656119614207528e-05,-0.3612299303457454,analytic,-0.1203450194831034,-9.656119615009118e-05,-0.3612299303473518,0.0497507056488955,0.0239510750045269,0.0804837361716949,0.0497507056488955,0.0239510750045269,0.0804837361716949,0.1650453164327854,0.0794564157727738,0.2670005084529913,defined,3.0671160056172653e-12,0.3226678268706945,0.15533933081207013,0.5219928423172354,0.15418551682511727,质量
1.0,600.0,0.5389559587975633,p_ref,1.5,0.0,0.0,0.0,2.418961056199114,1.6897975628980857,PASS,observed_or_interpolated,observed_or_interpolated,observed_or_interpolated,within_registered_support,in_support,modeled_scenario,-0.1203450194800363,-9.656119614207528e-05,-0.5418448955186181,analytic,-0.1203450194831034,-9.656119615009118e-05,-0.5418448955099254,0.0497507056488955,0.0239510750045269,0.1207256042550687,0.0497507056488955,0.0239510750045269,0.1207256042550687,0.1650453164327854,0.0794564157727738,0.4005007626712808,defined,8.692713215907588e-12,0.25588322176071593,0.12318776501468492,0.6209290132245991,0.1944273849084911,质量
1.0,600.0,0.8,p_ref,0.5,0.0,0.0,0.0,2.371740539743855,1.6897975628980857,PASS,observed_or_interpolated,observed_or_interpolated,observed_or_interpolated,within_registered_support,in_support,modeled_scenario,-0.1203450194800363,-9.656119614207528e-05,-0.1811997165110454,analytic,-0.1203450194831034,-9.656119615009118e-05,-0.1811997164988174,0.0507412246265776,0.0244279324484253,0.061119574746869,0.0507412246265776,0.0244279324484253,0.061119574746869,0.1764737281110252,0.0849583024639872,0.2125687603229596,defined,1.2227996393221474e-11,0.37230682205551596,0.17923662596224302,0.448456551982241,0.1362887318218719,质量
1.0,600.0,0.8,p_ref,1.0,0.0,0.0,0.0,2.3243335018271285,1.6897975628980857,PASS,observed_or_interpolated,observed_or_interpolated,observed_or_interpolated,within_registered_support,in_support,modeled_scenario,-0.1203450194800363,-9.656119614207528e-05,-0.3641718443337616,analytic,-0.1203450194831034,-9.656119615009118e-05,-0.3641718443264583,0.0517761411555191,0.0249261638420267,0.125342372440164,0.0517761411555191,0.0249261638420267,0.125342372440164,0.1896583189381193,0.0913056521082779,0.4591347118224386,defined,7.303269100589205e-12,0.25626085186768477,0.12336956438613146,0.6203695837461838,0.2020446774377098,质量
1.0,600.0,0.8,p_ref,1.5,0.0,0.0,0.0,2.2765986101334685,1.6897975628980857,PASS,observed_or_interpolated,observed_or_interpolated,observed_or_interpolated,within_registered_support,in_support,modeled_scenario,-0.1203450194800363,-9.656119614207528e-05,-0.5518959115697479,analytic,-0.1203450194831034,-9.656119615009118e-05,-0.5518959116182635,0.0528617644530882,0.0254488065802069,0.1939370108236718,0.0528617644530882,0.0254488065802069,0.1939370108236718,0.2050865792589998,0.0987331531922345,0.7524129879705301,defined,4.8515524930792247e-11,0.19416798523066642,0.09347670383929127,0.7123553109300422,0.2722475818569669,质量
11.97,10.0,0.4,p_ref,0.5,0.0,0.0,0.0,2.686371335771233,1.6897975628980857,PASS,outside_supported_boundary,observed_or_interpolated,observed_or_interpolated,within_registered_support,in_support,modeled_scenario,-0.0043232187106553,-0.0182229855798718,-0.1803689107671394,analytic,-0.0043232187123813,-0.0182229855805182,-0.1803689107624934,0.0192635051223655,0.0678349464866018,0.0268568843570855,0.0192635051223655,0.0678349464866018,0.0268568843570855,0.0519268411389271,0.1828563632372236,0.0723956081013391,defined,4.646005802300124e-12,0.16904434495374648,0.5952766135217202,0.23567904152453334,0.11395533596605278,Token
11.97,10.0,0.4,p_ref,1.0,0.0,0.0,0.0,2.7114193914847884,1.6897975628980857,PASS,outside_supported_boundary,observed_or_interpolated,observed_or_interpolated,within_registered_support,in_support,modeled_scenario,-0.0043232187106553,-0.0182229855798718,-0.3603069144897878,analytic,-0.0043232187123813,-0.0182229855805182,-0.3603069144816067,0.0190855491222503,0.0672082881672512,0.0531539924237689,0.0190855491222503,0.0672082881672512,0.0531539924237689,0.0506537023183949,0.1783731031445137,0.1410725199480321,defined,8.181122446160316e-12,0.13686515710924718,0.48196008719134187,0.3811747556994109,0.1394478297132704,Token
11.97,10.0,0.4,p_ref,1.5,0.0,0.0,0.0,2.7364392302332727,1.6897975628980857,PASS,outside_supported_boundary,observed_or_interpolated,observed_or_interpolated,within_registered_support,in_support,modeled_scenario,-0.0043232187106553,-0.0182229855798718,-0.5398855613428658,analytic,-0.0043232187123813,-0.0182229855805182,-0.5398855613453365,0.0189110459371662,0.0665937886695361,0.0789179683408226,0.0189110459371662,0.0665937886695361,0.0789179683408226,0.0494428318709698,0.1741091163216833,0.2063306203812495,defined,2.4706903190008238e-12,0.11501474003701062,0.40501552993710566,0.47996973002588367,0.1644228029475249,质量
11.97,10.0,0.5389559587975633,p_ref,0.5,0.0,0.0,0.0,2.6612913091670247,1.6897975628980857,PASS,outside_supported_boundary,observed_or_interpolated,observed_or_interpolated,within_registered_support,in_support,modeled_scenario,-0.0043232187106553,-0.0182229855798718,-0.1806149651728727,analytic,-0.0043232187123813,-0.0182229855805182,-0.1806149651625736,0.019445044519911,0.0684742234634283,0.0365775484206017,0.019445044519911,0.0684742234634283,0.0365775484206017,0.0532673814792416,0.1875769725796422,0.100199833602877,defined,1.0299067154662112e-11,0.15618909046493062,0.5500078270375813,0.29380308249748804,0.124496816403941,Token
11.97,10.0,0.5389559587975633,p_ref,1.0,0.0,0.0,0.0,2.6612913091670247,1.6897975628980857,PASS,outside_supported_boundary,observed_or_interpolated,observed_or_interpolated,within_registered_support,in_support,modeled_scenario,-0.0043232187106553,-0.0182229855798718,-0.3612299303457454,analytic,-0.0043232187123813,-0.0182229855805182,-0.3612299303473518,0.019445044519911,0.0684742234634283,0.0731550968457002,0.019445044519911,0.0684742234634283,0.0731550968457002,0.0532673814792416,0.1875769725796422,0.2003996672180725,defined,1.726059399576041e-12,0.12072091384963406,0.42510938060258824,0.4541697055477778,0.16107436482903947,质量
11.97,10.0,0.5389559587975633,p_ref,1.5,0.0,0.0,0.0,2.6612913091670247,1.6897975628980857,PASS,outside_supported_boundary,observed_or_interpolated,observed_or_interpolated,within_registered_support,in_support,modeled_scenario,-0.0043232187106553,-0.0182229855798718,-0.5418448955186181,analytic,-0.0043232187123813,-0.0182229855805182,-0.5418448955099254,0.019445044519911,0.0684742234634283,0.1097326452663019,0.019445044519911,0.0684742234634283,0.1097326452663019,0.0532673814792416,0.1875769725796422,0.3005995008209495,defined,8.692713215907588e-12,0.0983802494001221,0.3464384550477029,0.555181295552175,0.1976519132496412,质量
11.97,10.0,0.8,p_ref,0.5,0.0,0.0,0.0,2.614070792711765,1.6897975628980857,PASS,outside_supported_boundary,observed_or_interpolated,observed_or_interpolated,within_registered_support,in_support,modeled_scenario,-0.0043232187106553,-0.0182229855798718,-0.1811997165110454,analytic,-0.0043232187123813,-0.0182229855805182,-0.1811997164988174,0.0197962993701185,0.0697111403077735,0.0554536524424714,0.0197962993701185,0.0697111403077735,0.0554536524424714,0.055988777255441,0.197160157761918,0.1568364943646326,defined,1.2227996393221474e-11,0.13656284648905193,0.4808955236753548,0.3825416298355933,0.1449610921203634,Token
11.97,10.0,0.8,p_ref,1.0,0.0,0.0,0.0,2.566663754795039,1.6897975628980857,PASS,outside_supported_boundary,observed_or_interpolated,observed_or_interpolated,within_registered_support,in_support,modeled_scenario,-0.0043232187106553,-0.0182229855798718,-0.3641718443337616,analytic,-0.0043232187123813,-0.0182229855805182,-0.3641718443264583,0.0201619428686472,0.0709987256666328,0.1135082360971086,0.0201619428686472,0.0709987256666328,0.1135082360971086,0.0590157637110572,0.207819456935566,0.3322484982924324,defined,7.303269100589205e-12,0.09851004433165174,0.34689551788121187,0.5545944377871365,0.2046689046323886,质量
11.97,10.0,0.8,p_ref,1.5,0.0,0.0,0.0,2.518928863101379,1.6897975628980857,PASS,outside_supported_boundary,observed_or_interpolated,observed_or_interpolated,within_registered_support,in_support,modeled_scenario,-0.0043232187106553,-0.0182229855798718,-0.5518959115697479,analytic,-0.0043232187123813,-0.0182229855805182,-0.5518959116182635,0.0205440212088762,0.0723441850520605,0.1752795546401427,0.0205440212088762,0.0723441850520605,0.1752795546401427,0.0624134295430855,0.2197840749233589,0.5325052005470736,defined,4.8515524930792247e-11,0.07660884045064012,0.2697721187997185,0.6536190407496413,0.2681677609010794,质量
11.97,150.0,0.4,p_ref,0.5,0.0,0.0,0.0,2.3403994430244595,1.6897975628980857,PASS,outside_supported_boundary,observed_or_interpolated,observed_or_interpolated,within_registered_support,in_support,modeled_scenario,-0.0043232187106553,-0.0005693325995224,-0.1803689107671394,analytic,-0.0043232187123813,-0.0005693325995833,-0.1803689107624934,0.0221111520691232,0.0364894506328961,0.0308270301977863,0.0221111520691232,0.0364894506328961,0.0308270301977863,0.0795400836793668,0.1312629006250494,0.1108935687228314,defined,4.646005802300124e-12,0.24725189912939388,0.40803328288671975,0.3447148179838864,0.0894276328998056,Token
11.97,150.0,0.4,p_ref,1.0,0.0,0.0,0.0,2.365447498738015,1.6897975628980857,PASS,outside_supported_boundary,observed_or_interpolated,observed_or_interpolated,within_registered_support,in_support,modeled_scenario,-0.0043232187106553,-0.0005693325995224,-0.3603069144897878,analytic,-0.0043232187123813,-0.0005693325995833,-0.3603069144816067,0.0218770139750781,0.0361030587163993,0.060928329996558,0.0218770139750781,0.0361030587163993,0.060928329996558,0.0765913311645236,0.1263966521825156,0.2133098194014885,defined,8.181122446160316e-12,0.18398206922747076,0.3036207526150883,0.5123971781574409,0.1189084026880354,质量
11.97,150.0,0.4,p_ref,1.5,0.0,0.0,0.0,2.3904673374864998,1.6897975628980857,PASS,outside_supported_boundary,observed_or_interpolated,observed_or_interpolated,within_registered_support,in_support,modeled_scenario,-0.0043232187106553,-0.0005693325995224,-0.5398855613428658,analytic,-0.0043232187123813,-0.0005693325995833,-0.5398855613453365,0.0216480380951858,0.0357251858656616,0.0903397512074788,0.0216480380951858,0.0357251858656616,0.0903397512074788,0.0738563726651452,0.1218832223605821,0.3082111322198678,defined,2.4706903190008238e-12,0.1465547496454986,0.24185543500800108,0.6115898153465001,0.1477129751683262,质量
11.97,150.0,0.5389559587975633,p_ref,0.5,0.0,0.0,0.0,2.3153194164202517,1.6897975628980857,PASS,outside_supported_boundary,observed_or_interpolated,observed_or_interpolated,within_registered_support,in_support,modeled_scenario,-0.0043232187106553,-0.0005693325995224,-0.1806149651728727,analytic,-0.0043232187123813,-0.0005693325995833,-0.1806149651625736,0.0223506647161517,0.0368847120323193,0.0420432321484556,0.0223506647161517,0.0368847120323193,0.0420432321484556,0.0827292087331868,0.1365258295239918,0.1556196816694174,defined,1.0299067154662112e-11,0.2206849497597113,0.3641905475800685,0.4151245026602201,0.10127860889692661,质量
11.97,150.0,0.5389559587975633,p_ref,1.0,0.0,0.0,0.0,2.3153194164202517,1.6897975628980857,PASS,outside_supported_boundary,observed_or_interpolated,observed_or_interpolated,within_registered_support,in_support,modeled_scenario,-0.0043232187106553,-0.0005693325995224,-0.3612299303457454,analytic,-0.0043232187123813,-0.0005693325995833,-0.3612299303473518,0.0223506647161517,0.0368847120323193,0.0840864643020799,0.0223506647161517,0.0368847120323193,0.0840864643020799,0.0827292087331868,0.1365258295239918,0.3112393633579663,defined,1.726059399576041e-12,0.15594737377304843,0.2573558346861434,0.5866967915408081,0.1433218410505509,质量
11.97,150.0,0.5389559587975633,p_ref,1.5,0.0,0.0,0.0,2.3153194164202517,1.6897975628980857,PASS,outside_supported_boundary,observed_or_interpolated,observed_or_interpolated,within_registered_support,in_support,modeled_scenario,-0.0043232187106553,-0.0005693325995224,-0.5418448955186181,analytic,-0.0043232187123813,-0.0005693325995833,-0.5418448955099254,0.0223506647161517,0.0368847120323193,0.1261296964505355,0.0223506647161517,0.0368847120323193,0.1261296964505355,0.0827292087331868,0.1365258295239918,0.4668590450273838,defined,8.692713215907588e-12,0.12057646206174016,0.19898415270885556,0.6804393852294042,0.18536507319900652,质量
11.97,150.0,0.8,p_ref,0.5,0.0,0.0,0.0,2.268098899964992,1.6897975628980857,PASS,outside_supported_boundary,observed_or_interpolated,observed_or_interpolated,within_registered_support,in_support,modeled_scenario,-0.0043232187106553,-0.0005693325995224,-0.1811997165110454,analytic,-0.0043232187123813,-0.0005693325995833,-0.1811997164988174,0.0228159927188377,0.0376526305527579,0.0639124569044548,0.0228159927188377,0.0376526305527579,0.0639124569044548,0.0894843651056924,0.1476736857822935,0.2506647726845613,defined,1.2227996393221474e-11,0.18343620015635564,0.30271991929531356,0.5138438805483307,0.1243810801760504,质量
11.97,150.0,0.8,p_ref,1.0,0.0,0.0,0.0,2.2206918620482656,1.6897975628980857,PASS,outside_supported_boundary,observed_or_interpolated,observed_or_interpolated,within_registered_support,in_support,modeled_scenario,-0.0043232187106553,-0.0005693325995224,-0.3641718443337616,analytic,-0.0043232187123813,-0.0005693325995833,-0.3641718443264583,0.0233030655317817,0.0384564339596082,0.1311922110582465,0.0233030655317817,0.0384564339596082,0.1311922110582465,0.0974750116361042,0.1608604388372619,0.5487673835027426,defined,7.303269100589205e-12,0.12077148974425411,0.1993060017455267,0.6799225085102192,0.1929517105496364,质量
11.97,150.0,0.8,p_ref,1.5,0.0,0.0,0.0,2.1729569703546057,1.6897975628980857,PASS,outside_supported_boundary,observed_or_interpolated,observed_or_interpolated,within_registered_support,in_support,modeled_scenario,-0.0043232187106553,-0.0005693325995224,-0.5518959115697479,analytic,-0.0043232187123813,-0.0005693325995833,-0.5518959116182635,0.0238149805510231,0.0393012338037978,0.2031870558497803,0.0238149805510231,0.0393012338037978,0.2031870558497803,0.1071052890383017,0.176753031441665,0.9138117202744171,defined,4.8515524930792247e-11,0.08942804394676046,0.14758074046031278,0.7629912155929267,0.2663032702046012,质量
11.97,600.0,0.4,p_ref,0.5,0.0,0.0,0.0,2.2422739753928256,1.6897975628980857,PASS,outside_supported_boundary,observed_or_interpolated,observed_or_interpolated,within_registered_support,in_support,modeled_scenario,-0.0043232187106553,-9.656119614207528e-05,-0.1803689107671394,analytic,-0.0043232187105263,-9.656119615009118e-05,-0.1803689107624934,0.023078771163963,0.0258383758300119,0.0321760699614585,0.023078771163963,0.0258383758300119,0.0321760699614585,0.093667216906737,0.1048673144767176,0.1305894019605484,defined,4.646005802300124e-12,0.28459558062231594,0.3186256113653989,0.3967788080122852,0.0810932169554334,质量
11.97,600.0,0.4,p_ref,1.0,0.0,0.0,0.0,2.267322031106381,1.6897975628980857,PASS,outside_supported_boundary,observed_or_interpolated,observed_or_interpolated,within_registered_support,in_support,modeled_scenario,-0.0043232187106553,-9.656119614207528e-05,-0.3603069144897878,analytic,-0.0043232187105263,-9.656119615009118e-05,-0.3603069144816067,0.0228238103167678,0.025552928474736,0.0635651944520273,0.0228238103167678,0.025552928474736,0.0635651944520273,0.0896047367924443,0.1003190702374859,0.2495526574653491,defined,8.181122446160316e-12,0.20388972796382132,0.22826949414162145,0.5678407778945572,0.11194193324353109,质量
11.97,600.0,0.4,p_ref,1.5,0.0,0.0,0.0,2.292341869854865,1.6897975628980857,PASS,outside_supported_boundary,observed_or_interpolated,observed_or_interpolated,within_registered_support,in_support,modeled_scenario,-0.0043232187106553,-9.656119614207528e-05,-0.5398855613428658,analytic,-0.0043232187105263,-9.656119615009118e-05,-0.5398855613453365,0.0225746991081557,0.0252740302185916,0.0942068141659024,0.0225746991081557,0.0252740302185916,0.0942068141659024,0.0858840210877847,0.0961534563037709,0.35840389170522,defined,2.4706903190008238e-12,0.1589145946235021,0.17791653600550505,0.6631688693709928,0.1420555434926497,质量
11.97,600.0,0.5389559587975633,p_ref,0.5,0.0,0.0,0.0,2.2171939487886174,1.6897975628980857,PASS,outside_supported_boundary,observed_or_interpolated,observed_or_interpolated,within_registered_support,in_support,modeled_scenario,-0.0043232187106553,-9.656119614207528e-05,-0.1806149651728727,analytic,-0.0043232187105263,-9.656119615009118e-05,-0.1806149651625736,0.0233398291535452,0.0261306493830676,0.0439039226927206,0.0233398291535452,0.0261306493830676,0.0439039226927206,0.0981215066114273,0.1098542182692928,0.1845737178460459,defined,1.0299067154662112e-11,0.24995961255185037,0.2798481065371341,0.47019228091101545,0.09337440122933341,质量
11.97,600.0,0.5389559587975633,p_ref,1.0,0.0,0.0,0.0,2.2171939487886174,1.6897975628980857,PASS,outside_supported_boundary,observed_or_interpolated,observed_or_interpolated,within_registered_support,in_support,modeled_scenario,-0.0043232187106553,-9.656119614207528e-05,-0.3612299303457454,analytic,-0.0043232187105263,-9.656119615009118e-05,-0.3612299303473518,0.0233398291535452,0.0261306493830676,0.0878078453908386,0.0233398291535452,0.0261306493830676,0.0878078453908386,0.0981215066114273,0.1098542182692928,0.3691474357147829,defined,1.6063261831789077e-12,0.1700183137862303,0.1903479634328656,0.639633722780904,0.1372783239274514,质量
11.97,600.0,0.5389559587975633,p_ref,1.5,0.0,0.0,0.0,2.2171939487886174,1.6897975628980857,PASS,outside_supported_boundary,observed_or_interpolated,observed_or_interpolated,within_registered_support,in_support,modeled_scenario,-0.0043232187106553,-9.656119614207528e-05,-0.5418448955186181,analytic,-0.0043232187105263,-9.656119615009118e-05,-0.5418448955099254,0.0233398291535452,0.0261306493830676,0.1317117680835592,0.0233398291535452,0.0261306493830676,0.1317117680835592,0.0981215066114273,0.1098542182692928,0.5537211535608288,defined,8.692713215907588e-12,0.12881962548170905,0.1442230123012413,0.7269573622170497,0.181182246620172,质量
11.97,600.0,0.8,p_ref,0.5,0.0,0.0,0.0,2.169973432333358,1.6897975628980857,PASS,outside_supported_boundary,observed_or_interpolated,observed_or_interpolated,within_registered_support,in_support,modeled_scenario,-0.0043232187106553,-9.656119614207528e-05,-0.1811997165110454,analytic,-0.0043232187105263,-9.656119615009118e-05,-0.1811997164988174,0.0238477242135427,0.0266992751278782,0.0668025566760878,0.0238477242135427,0.0266992751278782,0.0668025566760878,0.1077707799558146,0.1206572870023501,0.3018889170118833,defined,1.2227996393221474e-11,0.20321955210452258,0.22751918314795017,0.5692612647475273,0.1173495560175087,质量
11.97,600.0,0.8,p_ref,1.0,0.0,0.0,0.0,2.122566394416632,1.6897975628980857,PASS,outside_supported_boundary,observed_or_interpolated,observed_or_interpolated,within_registered_support,in_support,modeled_scenario,-0.0043232187106553,-9.656119614207528e-05,-0.3641718443337616,analytic,-0.0043232187105263,-9.656119615009118e-05,-0.3641718443264583,0.0243803577127788,0.0272955973685704,0.1372571789638826,0.0243803577127788,0.0272955973685704,0.1372571789638826,0.1195763747204679,0.1338745156086219,0.67319421881398,defined,7.303269100589205e-12,0.1290422552718677,0.14447226266852517,0.7264854820596072,0.1889331340452318,质量
11.97,600.0,0.8,p_ref,1.5,0.0,0.0,0.0,2.074831502722972,1.6897975628980857,PASS,outside_supported_boundary,observed_or_interpolated,observed_or_interpolated,within_registered_support,in_support,modeled_scenario,-0.0043232187106553,-9.656119614207528e-05,-0.5518959115697479,analytic,-0.0043232187105263,-9.656119615009118e-05,-0.5518959116182635,0.0249412677111786,0.0279235772225453,0.2127964264641114,0.0249412677111786,0.0279235772225453,0.2127964264641114,0.1344009517408678,0.1504717161204136,1.1466956120684135,defined,4.8515524930792247e-11,0.09388371733653396,0.10510970257583745,0.8010065800876286,0.2656612713978353,质量
