source_table,N_params_B,D_tokens_B,val_loss,predicted
B2,0.111,14.0,6.4979,3.0297745467301582
B2,0.111,29.0,5.7942,2.9205077863830775
B2,0.111,43.0,5.4529,2.8700561074623425
B2,0.111,57.0,5.1848,2.8372217486091933
B2,0.111,72.0,5.0399,2.811902745123948
B2,0.111,86.0,4.9005,2.7937242236517057
B2,0.111,100.0,4.7688,2.7789872899679464
B2,0.111,115.0,4.7178,2.7658754385508644
B2,0.111,129.0,4.6465,2.755475380572003
B2,0.111,143.0,4.6003,2.74642814013447
B2,0.111,158.0,4.522,2.7379141587131035
B2,0.111,172.0,4.4305,2.7308526589720366
B2,0.111,186.0,4.4228,2.7244909821629317
B2,0.111,201.0,4.3766,2.7183217163755042
B2,0.111,215.0,4.341,2.7130733219085936
B2,0.111,229.0,4.3079,2.7082450698975644
B2,0.111,244.0,4.2706,2.7034743176558935
B2,0.111,258.0,4.2643,2.6993485942017537
B2,0.111,272.0,4.222,2.6954998971985424
B2,0.111,287.0,4.1985,2.6916480373756424
B2,0.111,301.0,4.1726,2.688278566566589
B2,0.111,315.0,4.1687,2.6851039360726845
B2,0.111,330.0,4.1408,2.6818969959268735
B2,0.111,344.0,4.0985,2.679067828728938
B2,0.111,358.0,4.0932,2.676382318534471
B2,0.111,373.0,4.0662,2.6736502325481886
B2,0.111,387.0,4.028,2.671224243835013
B2,0.111,401.0,3.9989,2.6689080573334043
B2,0.111,416.0,4.0339,2.6665385802248385
B2,0.111,430.0,4.0147,2.664423689421189
B2,0.111,444.0,4.0021,2.6623951406412507
B2,0.111,459.0,3.984,2.6603106074835003
B2,0.111,473.0,3.9569,2.6584422301687893
B2,0.111,487.0,3.9615,2.6566433236245195
B2,0.111,502.0,3.9469,2.6547879431045818
B2,0.111,516.0,3.927,2.6531191720602374
B2,0.111,530.0,3.9224,2.651507366383841
B2,0.111,545.0,3.9095,2.6498398183193568
B2,0.111,559.0,3.8948,2.6483355967638733
B2,0.111,573.0,3.8842,2.6468788352432884
B2,0.111,588.0,3.8751,2.645367731924303
B2,0.111,602.0,3.8797,2.6440012265343995
B2,0.111,616.0,3.8736,2.6426748011250183
B2,0.111,631.0,3.8393,2.6412957847392122
B2,0.111,645.0,3.8422,2.640046036650137
B2,0.111,659.0,3.8504,2.63883053347909
B2,0.111,674.0,3.8098,2.637564353013363
B2,0.111,688.0,3.8163,2.6364147047456283
B2,0.111,702.0,3.8145,2.6352946147206517
B2,0.111,717.0,3.7898,2.6341258128464213
B2,0.111,731.0,3.7948,2.6330628242727245
B2,0.111,745.0,3.783,2.6320255775066213
B2,0.111,760.0,3.7843,2.6309415703748256
B2,0.111,774.0,3.7664,2.629954252961126
B2,0.111,788.0,3.7494,2.628989531651583
B2,0.111,803.0,3.7496,2.6279799492687133
B2,0.111,817.0,3.7365,2.6270592133041357
B2,0.111,831.0,3.7364,2.626158452508161
B2,0.111,846.0,3.7325,2.625214656397285
B2,0.111,860.0,3.7441,2.624352904280317
B2,0.111,874.0,3.7393,2.6235089224829506
B2,0.111,889.0,3.7148,2.6226236467036905
B2,0.111,903.0,3.7239,2.6218144685725604
B2,0.111,917.0,3.7098,2.6210211897980287
B2,0.111,932.0,3.7005,2.620188269535527
B2,0.111,946.0,3.7018,2.619426212005841
B2,0.111,960.0,3.6815,2.6186784537015373
B2,0.111,975.0,3.6878,2.6178926171397983
B2,0.111,989.0,3.6956,2.6171730051731634
B2,0.111,1003.0,3.6837,2.6164663141452684
B2,0.111,1018.0,3.6756,2.6157230208169113
B2,0.111,1032.0,3.6601,2.6150418188078994
B2,0.111,1047.0,3.6633,2.6143249623086273
B2,0.111,1061.0,3.653,2.6136676565638846
B2,0.111,1075.0,3.6523,2.6130213587867983
B2,0.111,1090.0,3.6565,2.612340744361227
B2,0.111,1104.0,3.6394,2.6117162330238526
B2,0.111,1118.0,3.6433,2.6111017763429247
B2,0.111,1133.0,3.6521,2.6104542641797583
B2,0.111,1147.0,3.6144,2.6098597420854155
B2,0.111,1161.0,3.6255,2.609274435746709
B2,0.111,1176.0,3.6066,2.6086572630293996
B2,0.111,1190.0,3.6165,2.6080902577183465
B2,0.111,1204.0,3.6178,2.6075317263896967
B2,0.111,1219.0,3.6195,2.6069424503168763
B2,0.111,1233.0,3.6,2.606400772340643
B2,0.111,1247.0,3.6177,2.60586690952896
B2,0.111,1262.0,3.6181,2.605303360596509
B2,0.111,1276.0,3.5926,2.6047850626721645
B2,0.111,1290.0,3.5969,2.604273992344436
B2,0.111,1305.0,3.611,2.6037342357636497
B2,0.111,1319.0,3.5849,2.6032375789631916
B2,0.111,1333.0,3.6034,2.602747623708289
B2,0.111,1348.0,3.5631,2.602229927328682
B2,0.111,1362.0,3.5785,2.601753352907901
B2,0.111,1376.0,3.5532,2.601283007354808
B2,0.111,1391.0,3.58,2.6007858148275944
B2,0.111,1405.0,3.5553,2.600327920609891
B2,0.111,1419.0,3.5734,2.5998758291014767
B2,0.111,1434.0,3.5537,2.599397737295932
B2,0.111,1448.0,3.5694,2.598957257761151
B2,0.111,1462.0,3.5651,2.598522195497033
B2,0.111,1477.0,3.5457,2.598061935391488
B2,0.111,1491.0,3.5496,2.5976377247983797
B2,0.111,1505.0,3.5322,2.59721858182408
B2,0.111,1520.0,3.5472,2.596775002253714
B2,0.111,1534.0,3.553,2.5963660202617085
B2,0.111,1548.0,3.5352,2.5959617878073264
B2,0.111,1563.0,3.5175,2.595533841574767
B2,0.111,1577.0,3.5153,2.595139140936867
B2,0.111,1591.0,3.5106,2.594748899706284
B2,0.111,1606.0,3.5216,2.594335631657391
B2,0.111,1620.0,3.521,2.593954347638772
B2,0.111,1634.0,3.5206,2.593577257726866
B2,0.111,1649.0,3.5229,2.593177794469626
B2,0.111,1663.0,3.5229,2.5928091357115783
B2,0.111,1677.0,3.524,2.592444427887177
B2,0.111,1692.0,3.5111,2.592057968891259
B2,0.111,1706.0,3.5154,2.591701209491586
B2,0.111,1720.0,3.4917,2.59134817763163
B2,0.111,1735.0,3.5025,2.590973987493545
B2,0.111,1749.0,3.502,2.590628460115508
B2,0.111,1763.0,3.4839,2.590286454614009
B2,0.111,1778.0,3.5044,2.5899238563107203
B2,0.111,1792.0,3.487,2.5895889461654633
B2,0.111,1806.0,3.4845,2.58925736817144
B2,0.111,1821.0,3.493,2.5889057371557205
B2,0.111,1835.0,3.4765,2.5885808767295795
B2,0.111,1849.0,3.4894,2.588259173092841
B2,0.111,1864.0,3.4875,2.587917932108359
B2,0.111,1878.0,3.4917,2.5876025965278977
B2,0.111,1892.0,3.4726,2.587290255351604
B2,0.111,1907.0,3.4755,2.5869588698657413
B2,0.111,1921.0,3.4517,2.586652572810823
B2,0.111,1935.0,3.4589,2.5863491195261097
B2,0.111,1950.0,3.4629,2.58602709369491
B2,0.111,1964.0,3.4425,2.58572938378443
B2,0.111,1978.0,3.4873,2.5854343776757847
B2,0.111,1993.0,3.4783,2.585121250768882
B2,0.111,2007.0,3.471,2.5848317083555314
B2,0.111,2021.0,3.4516,2.5845447394766814
B2,0.111,2036.0,3.4533,2.584240082701161
B2,0.111,2050.0,3.4291,2.5839583170213203
B2,0.111,2050.0,3.449,2.5839583170213203
B2,0.111,2050.0,3.4599,2.5839583170213203
B2,0.111,2050.0,3.4553,2.5839583170213203
B2,0.111,2050.0,3.4559,2.5839583170213203
B2,0.256,14.0,6.3352,2.844938415652304
B2,0.256,29.0,5.5767,2.7356716553052234
B2,0.256,43.0,5.2522,2.6852199763844884
B2,0.256,57.0,4.9889,2.652385617531339
B2,0.256,72.0,4.8609,2.627066614046094
B2,0.256,86.0,4.7174,2.6088880925738516
B2,0.256,100.0,4.6157,2.5941511588900923
B2,0.256,115.0,4.5286,2.5810393074730102
B2,0.256,129.0,4.4388,2.570639249494149
B2,0.256,143.0,4.3626,2.561592009056616
B2,0.256,158.0,4.3339,2.5530780276352494
B2,0.256,172.0,4.2775,2.5460165278941824
B2,0.256,186.0,4.2283,2.5396548510850776
B2,0.256,201.0,4.209,2.53348558529765
B2,0.256,215.0,4.1641,2.5282371908307395
B2,0.256,229.0,4.1461,2.5234089388197103
B2,0.256,244.0,4.0865,2.5186381865780394
B2,0.256,258.0,4.0612,2.5145124631238995
B2,0.256,272.0,4.0367,2.5106637661206883
B2,0.256,287.0,4.0105,2.5068119062977883
B2,0.256,301.0,3.9922,2.503442435488735
B2,0.256,315.0,3.9872,2.5002678049948304
B2,0.256,330.0,3.9532,2.4970608648490193
B2,0.256,344.0,3.9191,2.4942316976510837
B2,0.256,358.0,3.9095,2.491546187456617
B2,0.256,373.0,3.8888,2.4888141014703344
B2,0.256,387.0,3.8797,2.486388112757159
B2,0.256,401.0,3.8418,2.48407192625555
B2,0.256,416.0,3.8636,2.4817024491469843
B2,0.256,430.0,3.8376,2.4795875583433347
B2,0.256,444.0,3.7951,2.4775590095633966
B2,0.256,459.0,3.7779,2.475474476405646
B2,0.256,473.0,3.7783,2.473606099090935
B2,0.256,487.0,3.7533,2.4718071925466654
B2,0.256,502.0,3.7502,2.4699518120267276
B2,0.256,516.0,3.751,2.4682830409823833
B2,0.256,530.0,3.7451,2.466671235305987
B2,0.256,545.0,3.7255,2.4650036872415027
B2,0.256,559.0,3.7042,2.463499465686019
B2,0.256,573.0,3.6973,2.4620427041654342
B2,0.256,588.0,3.6983,2.460531600846449
B2,0.256,602.0,3.6804,2.4591650954565454
B2,0.256,616.0,3.6897,2.457838670047164
B2,0.256,631.0,3.6772,2.456459653661358
B2,0.256,645.0,3.6611,2.455209905572283
B2,0.256,659.0,3.6571,2.4539944024012357
B2,0.256,674.0,3.622,2.4527282219355087
B2,0.256,688.0,3.6474,2.451578573667774
B2,0.256,702.0,3.6151,2.4504584836427976
B2,0.256,717.0,3.6191,2.449289681768567
B2,0.256,731.0,3.6045,2.4482266931948704
B2,0.256,745.0,3.6023,2.447189446428767
B2,0.256,760.0,3.5921,2.4461054392969714
B2,0.256,774.0,3.5851,2.445118121883272
B2,0.256,788.0,3.5854,2.444153400573729
B2,0.256,803.0,3.5539,2.443143818190859
B2,0.256,817.0,3.5631,2.4422230822262816
B2,0.256,831.0,3.5356,2.441322321430307
B2,0.256,846.0,3.5695,2.440378525319431
B2,0.256,860.0,3.5519,2.4395167732024627
B2,0.256,874.0,3.5381,2.4386727914050965
B2,0.256,889.0,3.5355,2.4377875156258364
B2,0.256,903.0,3.5182,2.4369783374947063
B2,0.256,917.0,3.5273,2.4361850587201745
B2,0.256,932.0,3.5062,2.435352138457673
B2,0.256,946.0,3.5165,2.434590080927987
B2,0.256,960.0,3.5163,2.433842322623683
B2,0.256,975.0,3.5221,2.433056486061944
B2,0.256,989.0,3.5056,2.4323368740953093
B2,0.256,1003.0,3.4931,2.4316301830674143
B2,0.256,1018.0,3.4933,2.430886889739057
B2,0.256,1032.0,3.4711,2.4302056877300453
B2,0.256,1047.0,3.4659,2.429488831230773
B2,0.256,1061.0,3.4839,2.4288315254860304
B2,0.256,1075.0,3.4539,2.428185227708944
B2,0.256,1090.0,3.4381,2.427504613283373
B2,0.256,1104.0,3.4586,2.4268801019459985
B2,0.256,1118.0,3.4478,2.4262656452650706
B2,0.256,1133.0,3.4434,2.425618133101904
B2,0.256,1147.0,3.4474,2.4250236110075614
B2,0.256,1161.0,3.4489,2.424438304668855
B2,0.256,1176.0,3.454,2.4238211319515455
B2,0.256,1190.0,3.416,2.4232541266404923
B2,0.256,1204.0,3.4221,2.4226955953118425
B2,0.256,1219.0,3.4291,2.422106319239022
B2,0.256,1233.0,3.4248,2.4215646412627887
B2,0.256,1247.0,3.4275,2.421030778451106
B2,0.256,1262.0,3.4211,2.4204672295186547
B2,0.256,1276.0,3.4238,2.4199489315943103
B2,0.256,1290.0,3.4016,2.419437861266582
B2,0.256,1305.0,3.405,2.4188981046857956
B2,0.256,1319.0,3.4141,2.4184014478853375
B2,0.256,1333.0,3.3994,2.417911492630435
B2,0.256,1348.0,3.3995,2.417393796250828
B2,0.256,1362.0,3.3695,2.416917221830047
B2,0.256,1376.0,3.3874,2.4164468762769538
B2,0.256,1391.0,3.3943,2.4159496837497403
B2,0.256,1405.0,3.3771,2.415491789532037
B2,0.256,1419.0,3.3765,2.4150396980236226
B2,0.256,1434.0,3.3878,2.414561606218078
B2,0.256,1448.0,3.3819,2.414121126683297
B2,0.256,1462.0,3.3554,2.4136860644191787
B2,0.256,1477.0,3.3631,2.413225804313634
B2,0.256,1491.0,3.3544,2.4128015937205256
B2,0.256,1505.0,3.3525,2.4123824507462257
B2,0.256,1520.0,3.3526,2.41193887117586
B2,0.256,1534.0,3.361,2.4115298891838544
B2,0.256,1548.0,3.3674,2.4111256567294723
B2,0.256,1563.0,3.3355,2.4106977104969127
B2,0.256,1577.0,3.3305,2.410303009859013
B2,0.256,1591.0,3.3512,2.40991276862843
B2,0.256,1606.0,3.3308,2.4094995005795368
B2,0.256,1620.0,3.3283,2.409118216560918
B2,0.256,1634.0,3.3361,2.4087411266490117
B2,0.256,1649.0,3.3048,2.408341663391772
B2,0.256,1663.0,3.3424,2.407973004633724
B2,0.256,1677.0,3.3341,2.407608296809323
B2,0.256,1692.0,3.322,2.4072218378134047
B2,0.256,1706.0,3.3125,2.4068650784137318
B2,0.256,1720.0,3.3037,2.4065120465537757
B2,0.256,1735.0,3.3082,2.406137856415691
B2,0.256,1749.0,3.3115,2.405792329037654
B2,0.256,1763.0,3.3132,2.405450323536155
B2,0.256,1778.0,3.2992,2.405087725232866
B2,0.256,1792.0,3.3009,2.404752815087609
B2,0.256,1806.0,3.3012,2.404421237093586
B2,0.256,1821.0,3.2955,2.4040696060778664
B2,0.256,1835.0,3.3021,2.4037447456517254
B2,0.256,1849.0,3.2739,2.4034230420149867
B2,0.256,1864.0,3.2907,2.403081801030505
B2,0.256,1878.0,3.307,2.4027664654500436
B2,0.256,1892.0,3.2841,2.40245412427375
B2,0.256,1907.0,3.295,2.402122738787887
B2,0.256,1921.0,3.2658,2.401816441732969
B2,0.256,1935.0,3.284,2.4015129884482556
B2,0.256,1950.0,3.2939,2.401190962617056
B2,0.256,1964.0,3.2928,2.400893252706576
B2,0.256,1978.0,3.2982,2.4005982465979305
B2,0.256,1993.0,3.2843,2.400285119691028
B2,0.256,2007.0,3.2764,2.3999955772776773
B2,0.256,2021.0,3.2644,2.3997086083988273
B2,0.256,2036.0,3.2838,2.3994039516233068
B2,0.256,2050.0,3.2779,2.399122185943466
B2,0.256,2050.0,3.2937,2.399122185943466
B2,0.256,2050.0,3.2596,2.399122185943466
B2,0.256,2050.0,3.2787,2.399122185943466
B2,0.256,2050.0,3.2598,2.399122185943466
B2,0.59,14.0,6.1868,2.7059150140266692
B2,0.59,29.0,5.4588,2.5966482536795885
B2,0.59,43.0,5.1068,2.5461965747588535
B2,0.59,57.0,4.9172,2.5133622159057043
B2,0.59,72.0,4.7094,2.4880432124204592
B2,0.59,86.0,4.5718,2.4698646909482167
B2,0.59,100.0,4.4608,2.4551277572644574
B2,0.59,115.0,4.3643,2.4420159058473754
B2,0.59,129.0,4.3373,2.431615847868514
B2,0.59,143.0,4.236,2.422568607430981
B2,0.59,158.0,4.2008,2.4140546260096145
B2,0.59,172.0,4.1554,2.4069931262685476
B2,0.59,186.0,4.1158,2.4006314494594427
B2,0.59,201.0,4.0707,2.3944621836720152
B2,0.59,215.0,4.0159,2.3892137892051046
B2,0.59,229.0,3.9816,2.3843855371940754
B2,0.59,244.0,3.9734,2.3796147849524045
B2,0.59,258.0,3.9364,2.3754890614982647
B2,0.59,272.0,3.9147,2.3716403644950534
B2,0.59,287.0,3.881,2.3677885046721534
B2,0.59,301.0,3.8696,2.3644190338631
B2,0.59,315.0,3.8147,2.3612444033691955
B2,0.59,330.0,3.8084,2.3580374632233845
B2,0.59,344.0,3.7529,2.355208296025449
B2,0.59,358.0,3.7741,2.352522785830982
B2,0.59,373.0,3.7599,2.3497906998446996
B2,0.59,387.0,3.7409,2.347364711131524
B2,0.59,401.0,3.7052,2.3450485246299153
B2,0.59,416.0,3.6802,2.3426790475213495
B2,0.59,430.0,3.6808,2.3405641567177
B2,0.59,444.0,3.6708,2.3385356079377617
B2,0.59,459.0,3.6435,2.3364510747800113
B2,0.59,473.0,3.6593,2.3345826974653003
B2,0.59,487.0,3.655,2.3327837909210305
B2,0.59,502.0,3.6134,2.3309284104010928
B2,0.59,516.0,3.606,2.3292596393567484
B2,0.59,530.0,3.5918,2.327647833680352
B2,0.59,545.0,3.5857,2.325980285615868
B2,0.59,559.0,3.5691,2.3244760640603843
B2,0.59,573.0,3.5612,2.3230193025397994
B2,0.59,588.0,3.5612,2.321508199220814
B2,0.59,602.0,3.5417,2.3201416938309105
B2,0.59,616.0,3.5382,2.3188152684215293
B2,0.59,631.0,3.5235,2.3174362520357232
B2,0.59,645.0,3.5094,2.316186503946648
B2,0.59,659.0,3.5001,2.314971000775601
B2,0.59,674.0,3.4975,2.313704820309874
B2,0.59,688.0,3.4997,2.3125551720421393
B2,0.59,702.0,3.4954,2.3114350820171627
B2,0.59,717.0,3.4807,2.3102662801429323
B2,0.59,731.0,3.4671,2.3092032915692355
B2,0.59,745.0,3.4797,2.3081660448031323
B2,0.59,760.0,3.4497,2.3070820376713366
B2,0.59,774.0,3.4467,2.306094720257637
B2,0.59,788.0,3.4478,2.305129998948094
B2,0.59,803.0,3.4278,2.3041204165652243
B2,0.59,817.0,3.4083,2.3031996806006467
B2,0.59,831.0,3.4244,2.302298919804672
B2,0.59,846.0,3.4009,2.301355123693796
B2,0.59,860.0,3.4062,2.300493371576828
B2,0.59,874.0,3.4045,2.2996493897794617
B2,0.59,889.0,3.3934,2.2987641140002015
B2,0.59,903.0,3.3985,2.2979549358690714
B2,0.59,917.0,3.3848,2.2971616570945397
B2,0.59,932.0,3.3843,2.296328736832038
B2,0.59,946.0,3.3828,2.295566679302352
B2,0.59,960.0,3.3547,2.2948189209980483
B2,0.59,975.0,3.3613,2.2940330844363093
B2,0.59,989.0,3.3545,2.2933134724696744
B2,0.59,1003.0,3.3493,2.2926067814417794
B2,0.59,1018.0,3.3408,2.2918634881134223
B2,0.59,1032.0,3.3703,2.2911822861044104
B2,0.59,1047.0,3.3317,2.2904654296051383
B2,0.59,1061.0,3.3423,2.2898081238603956
B2,0.59,1075.0,3.3376,2.2891618260833093
B2,0.59,1090.0,3.3177,2.288481211657738
B2,0.59,1104.0,3.323,2.2878567003203636
B2,0.59,1118.0,3.3145,2.2872422436394357
B2,0.59,1133.0,3.3082,2.2865947314762693
B2,0.59,1147.0,3.302,2.2860002093819265
B2,0.59,1161.0,3.2986,2.28541490304322
B2,0.59,1176.0,3.3141,2.2847977303259106
B2,0.59,1190.0,3.301,2.2842307250148575
B2,0.59,1204.0,3.2799,2.2836721936862077
B2,0.59,1219.0,3.2931,2.2830829176133873
B2,0.59,1233.0,3.2857,2.282541239637154
B2,0.59,1247.0,3.2804,2.282007376825471
B2,0.59,1262.0,3.2861,2.28144382789302
B2,0.59,1276.0,3.2593,2.2809255299686755
B2,0.59,1290.0,3.2627,2.280414459640947
B2,0.59,1305.0,3.271,2.2798747030601607
B2,0.59,1319.0,3.255,2.2793780462597026
B2,0.59,1333.0,3.2751,2.2788880910048
B2,0.59,1348.0,3.2562,2.278370394625193
B2,0.59,1362.0,3.2515,2.277893820204412
B2,0.59,1376.0,3.2527,2.277423474651319
B2,0.59,1391.0,3.2404,2.2769262821241054
B2,0.59,1405.0,3.2433,2.276468387906402
B2,0.59,1419.0,3.2329,2.2760162963979877
B2,0.59,1434.0,3.2286,2.275538204592443
B2,0.59,1448.0,3.2389,2.275097725057662
B2,0.59,1462.0,3.2335,2.274662662793544
B2,0.59,1477.0,3.2243,2.2742024026879992
B2,0.59,1491.0,3.2167,2.2737781920948907
B2,0.59,1505.0,3.2187,2.273359049120591
B2,0.59,1520.0,3.2169,2.272915469550225
B2,0.59,1534.0,3.2201,2.2725064875582195
B2,0.59,1548.0,3.2002,2.2721022551038375
B2,0.59,1563.0,3.1932,2.271674308871278
B2,0.59,1577.0,3.228,2.271279608233378
B2,0.59,1591.0,3.2009,2.270889367002795
B2,0.59,1606.0,3.1972,2.270476098953902
B2,0.59,1620.0,3.1994,2.270094814935283
B2,0.59,1634.0,3.2034,2.269717725023377
B2,0.59,1649.0,3.1978,2.269318261766137
B2,0.59,1663.0,3.1835,2.2689496030080893
B2,0.59,1677.0,3.175,2.268584895183688
B2,0.59,1692.0,3.1745,2.26819843618777
B2,0.59,1706.0,3.1884,2.267841676788097
B2,0.59,1720.0,3.1934,2.267488644928141
B2,0.59,1735.0,3.179,2.267114454790056
B2,0.59,1749.0,3.1705,2.266768927412019
B2,0.59,1763.0,3.1772,2.26642692191052
B2,0.59,1778.0,3.1876,2.2660643236072313
B2,0.59,1792.0,3.1692,2.2657294134619743
B2,0.59,1806.0,3.1824,2.265397835467951
B2,0.59,1821.0,3.1829,2.2650462044522315
B2,0.59,1835.0,3.1523,2.2647213440260905
B2,0.59,1849.0,3.1565,2.264399640389352
B2,0.59,1864.0,3.1721,2.26405839940487
B2,0.59,1878.0,3.1519,2.2637430638244087
B2,0.59,1892.0,3.1457,2.263430722648115
B2,0.59,1907.0,3.15,2.2630993371622523
B2,0.59,1921.0,3.1455,2.262793040107334
B2,0.59,1935.0,3.146,2.2624895868226207
B2,0.59,1950.0,3.1423,2.262167560991421
B2,0.59,1964.0,3.1423,2.261869851080941
B2,0.59,1978.0,3.1537,2.2615748449722957
B2,0.59,1993.0,3.1461,2.261261718065393
B2,0.59,2007.0,3.1269,2.2609721756520424
B2,0.59,2021.0,3.1323,2.2606852067731924
B2,0.59,2036.0,3.1495,2.260380549997672
B2,0.59,2050.0,3.1126,2.2600987843178313
B2,0.59,2050.0,3.1164,2.2600987843178313
B2,0.59,2050.0,3.1376,2.2600987843178313
B2,0.59,2050.0,3.1288,2.2600987843178313
B2,0.59,2050.0,3.1422,2.2600987843178313
B2,1.3,14.0,6.0969,2.6061584326530243
B2,1.3,29.0,5.3885,2.4968916723059436
B2,1.3,43.0,5.0169,2.4464399933852086
B2,1.3,57.0,4.7769,2.4136056345320593
B2,1.3,72.0,4.6097,2.3882866310468143
B2,1.3,86.0,4.4793,2.3701081095745717
B2,1.3,100.0,4.3778,2.355371175890813
B2,1.3,115.0,4.2916,2.34225932447373
B2,1.3,129.0,4.227,2.331859266494869
B2,1.3,143.0,4.1514,2.322812026057336
B2,1.3,158.0,4.1002,2.3142980446359696
B2,1.3,172.0,4.0331,2.3072365448949026
B2,1.3,186.0,3.9819,2.3008748680857978
B2,1.3,201.0,3.9704,2.2947056022983703
B2,1.3,215.0,3.905,2.2894572078314597
B2,1.3,229.0,3.8784,2.2846289558204305
B2,1.3,244.0,3.8654,2.2798582035787596
B2,1.3,258.0,3.8059,2.2757324801246197
B2,1.3,272.0,3.7907,2.2718837831214085
B2,1.3,287.0,3.772,2.2680319232985084
B2,1.3,301.0,3.7751,2.264662452489455
B2,1.3,315.0,3.7297,2.2614878219955505
B2,1.3,330.0,3.6846,2.2582808818497395
B2,1.3,344.0,3.6748,2.255451714651804
B2,1.3,358.0,3.6764,2.252766204457337
B2,1.3,373.0,3.6422,2.2500341184710546
B2,1.3,387.0,3.625,2.247608129757879
B2,1.3,401.0,3.6149,2.2452919432562704
B2,1.3,416.0,3.6031,2.2429224661477045
B2,1.3,430.0,3.6046,2.240807575344055
B2,1.3,444.0,3.573,2.2387790265641163
B2,1.3,459.0,3.5631,2.2366944934063664
B2,1.3,473.0,3.5374,2.2348261160916554
B2,1.3,487.0,3.541,2.2330272095473855
B2,1.3,502.0,3.5013,2.231171829027448
B2,1.3,516.0,3.5101,2.2295030579831034
B2,1.3,530.0,3.511,2.227891252306707
B2,1.3,545.0,3.4765,2.226223704242223
B2,1.3,559.0,3.4749,2.2247194826867394
B2,1.3,573.0,3.4807,2.2232627211661544
B2,1.3,588.0,3.4531,2.2217516178471692
B2,1.3,602.0,3.4498,2.2203851124572656
B2,1.3,616.0,3.4198,2.2190586870478843
B2,1.3,631.0,3.4372,2.2176796706620783
B2,1.3,645.0,3.4189,2.216429922573003
B2,1.3,659.0,3.4079,2.215214419401956
B2,1.3,674.0,3.4168,2.213948238936229
B2,1.3,688.0,3.3716,2.2127985906684944
B2,1.3,702.0,3.3877,2.211678500643518
B2,1.3,717.0,3.3874,2.2105096987692874
B2,1.3,731.0,3.3717,2.2094467101955906
B2,1.3,745.0,3.3738,2.2084094634294873
B2,1.3,760.0,3.366,2.2073254562976916
B2,1.3,774.0,3.3442,2.206338138883992
B2,1.3,788.0,3.3481,2.2053734175744495
B2,1.3,803.0,3.3334,2.2043638351915793
B2,1.3,817.0,3.314,2.2034430992270018
B2,1.3,831.0,3.3248,2.202542338431027
B2,1.3,846.0,3.3104,2.201598542320151
B2,1.3,860.0,3.3063,2.200736790203183
B2,1.3,874.0,3.3134,2.1998928084058167
B2,1.3,889.0,3.2935,2.1990075326265566
B2,1.3,903.0,3.2618,2.1981983544954264
B2,1.3,917.0,3.2803,2.1974050757208947
B2,1.3,932.0,3.2939,2.196572155458393
B2,1.3,946.0,3.2744,2.195810097928707
B2,1.3,960.0,3.2638,2.1950623396244033
B2,1.3,975.0,3.2676,2.1942765030626648
B2,1.3,989.0,3.2525,2.1935568910960295
B2,1.3,1003.0,3.2441,2.1928502000681345
B2,1.3,1018.0,3.2401,2.1921069067397774
B2,1.3,1032.0,3.247,2.1914257047307655
B2,1.3,1047.0,3.2368,2.1907088482314934
B2,1.3,1061.0,3.1999,2.1900515424867506
B2,1.3,1075.0,3.2125,2.1894052447096644
B2,1.3,1090.0,3.2229,2.188724630284093
B2,1.3,1104.0,3.199,2.1881001189467186
B2,1.3,1118.0,3.238,2.1874856622657908
B2,1.3,1133.0,3.2022,2.1868381501026244
B2,1.3,1147.0,3.2104,2.1862436280082815
B2,1.3,1161.0,3.1955,2.185658321669575
B2,1.3,1176.0,3.2036,2.1850411489522656
B2,1.3,1190.0,3.2029,2.1844741436412125
B2,1.3,1204.0,3.1901,2.1839156123125627
B2,1.3,1219.0,3.1992,2.1833263362397424
B2,1.3,1233.0,3.1741,2.182784658263509
B2,1.3,1247.0,3.1756,2.182250795451826
B2,1.3,1262.0,3.1774,2.181687246519375
B2,1.3,1276.0,3.1684,2.1811689485950305
B2,1.3,1290.0,3.1675,2.180657878267302
B2,1.3,1305.0,3.1656,2.1801181216865158
B2,1.3,1319.0,3.1615,2.1796214648860577
B2,1.3,1333.0,3.1906,2.179131509631155
B2,1.3,1348.0,3.1606,2.1786138132515482
B2,1.3,1362.0,3.1238,2.178137238830767
B2,1.3,1376.0,3.1546,2.177666893277674
B2,1.3,1391.0,3.1348,2.1771697007504605
B2,1.3,1405.0,3.1366,2.176711806532757
B2,1.3,1419.0,3.1351,2.176259715024343
B2,1.3,1434.0,3.1186,2.175781623218798
B2,1.3,1448.0,3.1289,2.175341143684017
B2,1.3,1462.0,3.1598,2.174906081419899
B2,1.3,1477.0,3.1217,2.1744458213143543
B2,1.3,1491.0,3.1099,2.174021610721246
B2,1.3,1505.0,3.1309,2.173602467746946
B2,1.3,1520.0,3.1157,2.17315888817658
B2,1.3,1534.0,3.1022,2.1727499061845745
B2,1.3,1548.0,3.1116,2.1723456737301925
B2,1.3,1563.0,3.105,2.171917727497633
B2,1.3,1577.0,3.1072,2.171523026859733
B2,1.3,1591.0,3.0972,2.1711327856291502
B2,1.3,1606.0,3.0945,2.170719517580257
B2,1.3,1620.0,3.0982,2.170338233561638
B2,1.3,1634.0,3.0938,2.169961143649732
B2,1.3,1649.0,3.086,2.169561680392492
B2,1.3,1663.0,3.0976,2.1691930216344444
B2,1.3,1677.0,3.0616,2.1688283138100433
B2,1.3,1692.0,3.0947,2.168441854814125
B2,1.3,1706.0,3.076,2.168085095414452
B2,1.3,1720.0,3.068,2.167732063554496
B2,1.3,1735.0,3.0702,2.167357873416411
B2,1.3,1749.0,3.0621,2.167012346038374
B2,1.3,1763.0,3.0725,2.166670340536875
B2,1.3,1778.0,3.0765,2.1663077422335864
B2,1.3,1792.0,3.068,2.1659728320883294
B2,1.3,1806.0,3.0644,2.1656412540943055
B2,1.3,1821.0,3.063,2.1652896230785865
B2,1.3,1835.0,3.0609,2.1649647626524455
B2,1.3,1849.0,3.0521,2.164643059015707
B2,1.3,1864.0,3.0579,2.164301818031225
B2,1.3,1878.0,3.0428,2.1639864824507637
B2,1.3,1892.0,3.0591,2.16367414127447
B2,1.3,1907.0,3.0652,2.163342755788608
B2,1.3,1921.0,3.0515,2.163036458733689
B2,1.3,1935.0,3.0481,2.1627330054489757
B2,1.3,1950.0,3.0363,2.162410979617776
B2,1.3,1964.0,3.0354,2.1621132697072962
B2,1.3,1978.0,3.039,2.1618182635986507
B2,1.3,1993.0,3.0181,2.161505136691748
B2,1.3,2007.0,3.0468,2.1612155942783975
B2,1.3,2021.0,3.0286,2.1609286253995474
B2,1.3,2036.0,3.0393,2.160623968624027
B2,1.3,2050.0,3.0207,2.1603422029441863
B2,1.3,2050.0,3.0089,2.1603422029441863
B2,1.3,2050.0,3.0192,2.1603422029441863
B2,1.3,2050.0,3.0382,2.1603422029441863
B2,1.3,2050.0,3.0308,2.1603422029441863
B2,2.7,14.0,6.0114,2.5349224256354157
B2,2.7,29.0,5.2897,2.425655665288335
B2,2.7,43.0,4.9366,2.3752039863676
B2,2.7,57.0,4.698,2.3423696275144508
B2,2.7,72.0,4.5375,2.3170506240292057
B2,2.7,86.0,4.397,2.298872102556963
B2,2.7,100.0,4.2948,2.2841351688732043
B2,2.7,115.0,4.1897,2.2710233174561214
B2,2.7,129.0,4.1484,2.2606232594772604
B2,2.7,143.0,4.0792,2.2515760190397276
B2,2.7,158.0,4.0507,2.243062037618361
B2,2.7,172.0,3.99,2.236000537877294
B2,2.7,186.0,3.9117,2.229638861068189
B2,2.7,201.0,3.8887,2.2234695952807617
B2,2.7,215.0,3.8482,2.218221200813851
B2,2.7,229.0,3.8267,2.213392948802822
B2,2.7,244.0,3.7859,2.208622196561151
B2,2.7,258.0,3.7575,2.204496473107011
B2,2.7,272.0,3.7271,2.2006477761038
B2,2.7,287.0,3.6934,2.1967959162809
B2,2.7,301.0,3.6651,2.1934264454718466
B2,2.7,315.0,3.6683,2.190251814977942
B2,2.7,330.0,3.6336,2.187044874832131
B2,2.7,344.0,3.6255,2.1842157076341953
B2,2.7,358.0,3.5919,2.1815301974397285
B2,2.7,373.0,3.5754,2.178798111453446
B2,2.7,387.0,3.5938,2.1763721227402706
B2,2.7,401.0,3.5487,2.174055936238662
B2,2.7,416.0,3.5217,2.171686459130096
B2,2.7,430.0,3.5114,2.1695715683264463
B2,2.7,444.0,3.5054,2.1675430195465077
B2,2.7,459.0,3.4975,2.165458486388758
B2,2.7,473.0,3.4639,2.163590109074047
B2,2.7,487.0,3.4625,2.161791202529777
B2,2.7,502.0,3.4321,2.1599358220098392
B2,2.7,516.0,3.4342,2.158267050965495
B2,2.7,530.0,3.4073,2.1566552452890986
B2,2.7,545.0,3.4138,2.1549876972246143
B2,2.7,559.0,3.4006,2.153483475669131
B2,2.7,573.0,3.4066,2.152026714148546
B2,2.7,588.0,3.3691,2.1505156108295607
B2,2.7,602.0,3.3849,2.149149105439657
B2,2.7,616.0,3.3422,2.1478226800302758
B2,2.7,631.0,3.3471,2.1464436636444697
B2,2.7,645.0,3.3357,2.1451939155553945
B2,2.7,659.0,3.3388,2.1439784123843473
B2,2.7,674.0,3.3382,2.1427122319186203
B2,2.7,688.0,3.3225,2.141562583650886
B2,2.7,702.0,3.3067,2.140442493625909
B2,2.7,717.0,3.2984,2.139273691751679
B2,2.7,731.0,3.2774,2.138210703177982
B2,2.7,745.0,3.2834,2.1371734564118787
B2,2.7,760.0,3.2628,2.136089449280083
B2,2.7,774.0,3.2712,2.1351021318663834
B2,2.7,788.0,3.2753,2.134137410556841
B2,2.7,803.0,3.2519,2.1331278281739707
B2,2.7,817.0,3.2495,2.132207092209393
B2,2.7,831.0,3.2542,2.1313063314134184
B2,2.7,846.0,3.2302,2.1303625353025426
B2,2.7,860.0,3.2523,2.1295007831855743
B2,2.7,874.0,3.2052,2.128656801388208
B2,2.7,889.0,3.2186,2.127771525608948
B2,2.7,903.0,3.212,2.126962347477818
B2,2.7,917.0,3.2053,2.126169068703286
B2,2.7,932.0,3.2132,2.1253361484407844
B2,2.7,946.0,3.2003,2.1245740909110986
B2,2.7,960.0,3.1924,2.1238263326067948
B2,2.7,975.0,3.2048,2.123040496045056
B2,2.7,989.0,3.1825,2.122320884078421
B2,2.7,1003.0,3.1857,2.121614193050526
B2,2.7,1018.0,3.1907,2.120870899722169
B2,2.7,1032.0,3.1806,2.120189697713157
B2,2.7,1047.0,3.1644,2.119472841213885
B2,2.7,1061.0,3.1662,2.118815535469142
B2,2.7,1075.0,3.1655,2.118169237692056
B2,2.7,1090.0,3.1463,2.1174886232664845
B2,2.7,1104.0,3.1617,2.11686411192911
B2,2.7,1118.0,3.1542,2.116249655248182
B2,2.7,1133.0,3.1272,2.115602143085016
B2,2.7,1147.0,3.1415,2.115007620990673
B2,2.7,1161.0,3.137,2.1144223146519665
B2,2.7,1176.0,3.1239,2.113805141934657
B2,2.7,1190.0,3.1248,2.113238136623604
B2,2.7,1204.0,3.1232,2.112679605294954
B2,2.7,1219.0,3.1054,2.112090329222134
B2,2.7,1233.0,3.1034,2.1115486512459003
B2,2.7,1247.0,3.1023,2.1110147884342174
B2,2.7,1262.0,3.1037,2.1104512395017663
B2,2.7,1276.0,3.1039,2.109932941577422
B2,2.7,1290.0,3.0725,2.1094218712496935
B2,2.7,1305.0,3.087,2.108882114668907
B2,2.7,1319.0,3.1159,2.108385457868449
B2,2.7,1333.0,3.0832,2.1078955026135464
B2,2.7,1348.0,3.0881,2.1073778062339397
B2,2.7,1362.0,3.0699,2.1069012318131586
B2,2.7,1376.0,3.0789,2.1064308862600654
B2,2.7,1391.0,3.0763,2.105933693732852
B2,2.7,1405.0,3.0619,2.1054757995151485
B2,2.7,1419.0,3.0809,2.105023708006734
B2,2.7,1434.0,3.0598,2.1045456162011895
B2,2.7,1448.0,3.0551,2.1041051366664085
B2,2.7,1462.0,3.0516,2.1036700744022903
B2,2.7,1477.0,3.0429,2.1032098142967457
B2,2.7,1491.0,3.0535,2.102785603703637
B2,2.7,1505.0,3.0366,2.1023664607293373
B2,2.7,1520.0,3.046,2.1019228811589716
B2,2.7,1534.0,3.0677,2.101513899166966
B2,2.7,1548.0,3.0378,2.101109666712584
B2,2.7,1563.0,3.0383,2.1006817204800243
B2,2.7,1577.0,3.0398,2.1002870198421246
B2,2.7,1591.0,3.0236,2.0998967786115417
B2,2.7,1606.0,3.0348,2.0994835105626484
B2,2.7,1620.0,3.0378,2.0991022265440296
B2,2.7,1634.0,3.0221,2.0987251366321233
B2,2.7,1649.0,3.035,2.0983256733748834
B2,2.7,1663.0,3.0234,2.097957014616836
B2,2.7,1677.0,3.0241,2.0975923067924347
B2,2.7,1692.0,3.018,2.0972058477965163
B2,2.7,1706.0,3.0171,2.0968490883968434
B2,2.7,1720.0,3.0208,2.0964960565368873
B2,2.7,1735.0,2.9994,2.0961218663988026
B2,2.7,1749.0,3.0069,2.0957763390207655
B2,2.7,1763.0,2.993,2.0954343335192664
B2,2.7,1778.0,2.9982,2.095071735215978
B2,2.7,1792.0,2.9895,2.094736825070721
B2,2.7,1806.0,2.9932,2.094405247076697
B2,2.7,1821.0,2.997,2.094053616060978
B2,2.7,1835.0,2.9682,2.093728755634837
B2,2.7,1849.0,2.976,2.0934070519980983
B2,2.7,1864.0,2.9822,2.0930658110136164
B2,2.7,1878.0,2.9733,2.092750475433155
B2,2.7,1892.0,2.9599,2.0924381342568616
B2,2.7,1907.0,2.9797,2.0921067487709992
B2,2.7,1921.0,2.9706,2.0918004517160806
B2,2.7,1935.0,2.9901,2.091496998431367
B2,2.7,1950.0,2.9641,2.0911749726001676
B2,2.7,1964.0,2.9628,2.0908772626896877
B2,2.7,1978.0,2.9668,2.090582256581042
B2,2.7,1993.0,2.9568,2.0902691296741396
B2,2.7,2007.0,2.9685,2.089979587260789
B2,2.7,2021.0,2.9649,2.089692618381939
B2,2.7,2036.0,2.9607,2.0893879616064184
B2,2.7,2050.0,2.9703,2.0891061959265778
B2,2.7,2050.0,2.9612,2.0891061959265778
B2,2.7,2050.0,2.974,2.0891061959265778
B2,2.7,2050.0,2.9622,2.0891061959265778
B2,2.7,2050.0,2.9453,2.0891061959265778
B2,6.7,14.0,5.9795,2.467795068687924
B2,6.7,29.0,5.2198,2.3585283083408433
B2,6.7,43.0,4.8737,2.308076629420108
B2,6.7,57.0,4.6275,2.2752422705669586
B2,6.7,72.0,4.4713,2.2499232670817135
B2,6.7,86.0,4.3226,2.231744745609471
B2,6.7,100.0,4.2357,2.217007811925712
B2,6.7,115.0,4.1609,2.2038959605086297
B2,6.7,129.0,4.0776,2.1934959025297682
B2,6.7,143.0,4.023,2.184448662092236
B2,6.7,158.0,3.9439,2.175934680670869
B2,6.7,172.0,3.8998,2.1688731809298023
B2,6.7,186.0,3.8565,2.162511504120697
B2,6.7,201.0,3.8133,2.15634223833327
B2,6.7,215.0,3.7848,2.1510938438663594
B2,6.7,229.0,3.7579,2.14626559185533
B2,6.7,244.0,3.7307,2.141494839613659
B2,6.7,258.0,3.6952,2.137369116159519
B2,6.7,272.0,3.6562,2.133520419156308
B2,6.7,287.0,3.6202,2.129668559333408
B2,6.7,301.0,3.6279,2.1262990885243545
B2,6.7,315.0,3.591,2.12312445803045
B2,6.7,330.0,3.5589,2.1199175178846392
B2,6.7,344.0,3.5543,2.117088350686703
B2,6.7,358.0,3.5167,2.114402840492237
B2,6.7,373.0,3.5268,2.111670754505954
B2,6.7,387.0,3.499,2.109244765792779
B2,6.7,401.0,3.4618,2.10692857929117
B2,6.7,416.0,3.4636,2.1045591021826042
B2,6.7,430.0,3.4444,2.102444211378954
B2,6.7,444.0,3.4421,2.100415662599016
B2,6.7,459.0,3.4222,2.0983311294412657
B2,6.7,473.0,3.4075,2.0964627521265546
B2,6.7,487.0,3.3876,2.094663845582285
B2,6.7,502.0,3.3806,2.0928084650623475
B2,6.7,516.0,3.3649,2.091139694018003
B2,6.7,530.0,3.3612,2.089527888341607
B2,6.7,545.0,3.332,2.0878603402771225
B2,6.7,559.0,3.3403,2.086356118721639
B2,6.7,573.0,3.3204,2.0848993572010537
B2,6.7,588.0,3.3194,2.0833882538820685
B2,6.7,602.0,3.2847,2.0820217484921653
B2,6.7,616.0,3.276,2.0806953230827836
B2,6.7,631.0,3.2849,2.079316306696978
B2,6.7,645.0,3.2845,2.0780665586079023
B2,6.7,659.0,3.2651,2.076851055436855
B2,6.7,674.0,3.24,2.0755848749711285
B2,6.7,688.0,3.2426,2.0744352267033936
B2,6.7,702.0,3.2495,2.0733151366784175
B2,6.7,717.0,3.2421,2.0721463348041866
B2,6.7,731.0,3.226,2.0710833462304903
B2,6.7,745.0,3.2195,2.0700460994643866
B2,6.7,760.0,3.2259,2.0689620923325913
B2,6.7,774.0,3.1921,2.0679747749188917
B2,6.7,788.0,3.1984,2.0670100536093488
B2,6.7,803.0,3.2064,2.066000471226479
B2,6.7,817.0,3.176,2.065079735261901
B2,6.7,831.0,3.1936,2.0641789744659262
B2,6.7,846.0,3.1721,2.063235178355051
B2,6.7,860.0,3.1898,2.0623734262380826
B2,6.7,874.0,3.1695,2.0615294444407164
B2,6.7,889.0,3.1604,2.0606441686614563
B2,6.7,903.0,3.1679,2.0598349905303257
B2,6.7,917.0,3.1328,2.059041711755794
B2,6.7,932.0,3.1369,2.0582087914932927
B2,6.7,946.0,3.1137,2.057446733963607
B2,6.7,960.0,3.1336,2.0566989756593026
B2,6.7,975.0,3.1218,2.055913139097564
B2,6.7,989.0,3.1186,2.0551935271309287
B2,6.7,1003.0,3.1136,2.0544868361030337
B2,6.7,1018.0,3.1162,2.0537435427746766
B2,6.7,1032.0,3.1029,2.053062340765665
B2,6.7,1047.0,3.0943,2.0523454842663926
B2,6.7,1061.0,3.0874,2.05168817852165
B2,6.7,1075.0,3.0841,2.051041880744564
B2,6.7,1090.0,3.0894,2.0503612663189927
B2,6.7,1104.0,3.0746,2.049736754981618
B2,6.7,1118.0,3.0768,2.0491222983006905
B2,6.7,1133.0,3.0824,2.048474786137524
B2,6.7,1147.0,3.0636,2.0478802640431812
B2,6.7,1161.0,3.0604,2.047294957704475
B2,6.7,1176.0,3.0493,2.0466777849871653
B2,6.7,1190.0,3.051,2.0461107796761118
B2,6.7,1204.0,3.053,2.045552248347462
B2,6.7,1219.0,3.0294,2.0449629722746416
B2,6.7,1233.0,3.0517,2.044421294298408
B2,6.7,1247.0,3.0568,2.0438874314867252
B2,6.7,1262.0,3.0308,2.0433238825542746
B2,6.7,1276.0,3.0316,2.04280558462993
B2,6.7,1290.0,3.0469,2.0422945143022013
B2,6.7,1305.0,3.0208,2.041754757721415
B2,6.7,1319.0,3.0327,2.041258100920957
B2,6.7,1333.0,3.0191,2.0407681456660542
B2,6.7,1348.0,3.0166,2.0402504492864475
B2,6.7,1362.0,3.0129,2.039773874865667
B2,6.7,1376.0,3.0117,2.039303529312573
B2,6.7,1391.0,3.0136,2.0388063367853597
B2,6.7,1405.0,3.0009,2.0383484425676563
B2,6.7,1419.0,3.0168,2.037896351059242
B2,6.7,1434.0,2.9993,2.0374182592536974
B2,6.7,1448.0,2.9933,2.0369777797189164
B2,6.7,1462.0,2.9744,2.0365427174547985
B2,6.7,1477.0,2.9836,2.036082457349254
B2,6.7,1491.0,2.9739,2.0356582467561455
B2,6.7,1505.0,2.9864,2.035239103781845
B2,6.7,1520.0,2.9856,2.0347955242114795
B2,6.7,1534.0,2.9758,2.034386542219474
B2,6.7,1548.0,2.9623,2.033982309765092
B2,6.7,1563.0,2.9872,2.0335543635325326
B2,6.7,1577.0,2.9473,2.0331596628946325
B2,6.7,1591.0,2.9689,2.0327694216640495
B2,6.7,1606.0,2.9593,2.0323561536151566
B2,6.7,1620.0,2.9631,2.0319748695965374
B2,6.7,1634.0,2.9434,2.0315977796846316
B2,6.7,1649.0,2.9422,2.0311983164273917
B2,6.7,1663.0,2.9503,2.030829657669344
B2,6.7,1677.0,2.9484,2.030464949844943
B2,6.7,1692.0,2.9425,2.030078490849024
B2,6.7,1706.0,2.9455,2.0297217314493516
B2,6.7,1720.0,2.9541,2.029368699589395
B2,6.7,1735.0,2.9284,2.028994509451311
B2,6.7,1749.0,2.9495,2.0286489820732734
B2,6.7,1763.0,2.9229,2.0283069765717743
B2,6.7,1778.0,2.9279,2.027944378268486
B2,6.7,1792.0,2.93,2.0276094681232286
B2,6.7,1806.0,2.9254,2.0272778901292052
B2,6.7,1821.0,2.9344,2.026926259113486
B2,6.7,1835.0,2.9303,2.0266013986873452
B2,6.7,1849.0,2.9266,2.026279695050606
B2,6.7,1864.0,2.9117,2.0259384540661243
B2,6.7,1878.0,2.9099,2.025623118485663
B2,6.7,1892.0,2.904,2.0253107773093695
B2,6.7,1907.0,2.909,2.024979391823507
B2,6.7,1921.0,2.9034,2.024673094768589
B2,6.7,1935.0,2.9104,2.024369641483875
B2,6.7,1950.0,2.9122,2.0240476156526754
B2,6.7,1964.0,2.8935,2.0237499057421955
B2,6.7,1978.0,2.8976,2.0234548996335504
B2,6.7,1993.0,2.8865,2.023141772726648
B2,6.7,2007.0,2.8929,2.022852230313297
B2,6.7,2021.0,2.8892,2.0225652614344467
B2,6.7,2036.0,2.8851,2.0222606046589267
B2,6.7,2050.0,2.879,2.021978838979086
B2,6.7,2050.0,2.8916,2.021978838979086
B2,6.7,2050.0,2.8994,2.021978838979086
B2,6.7,2050.0,2.8913,2.021978838979086
B2,6.7,2050.0,2.8794,2.021978838979086
B2,13.0,14.0,5.8879,2.430386058378557
B2,13.0,29.0,5.1875,2.3211192980314763
B2,13.0,43.0,4.8306,2.2706676191107413
B2,13.0,57.0,4.6049,2.237833260257592
B2,13.0,72.0,4.4218,2.212514256772347
B2,13.0,86.0,4.2921,2.1943357353001045
B2,13.0,100.0,4.2019,2.1795988016163452
B2,13.0,115.0,4.1037,2.166486950199263
B2,13.0,129.0,4.006,2.1560868922204017
B2,13.0,143.0,3.9879,2.147039651782869
B2,13.0,158.0,3.9068,2.1385256703615023
B2,13.0,172.0,3.8926,2.1314641706204354
B2,13.0,186.0,3.8058,2.1251024938113305
B2,13.0,201.0,3.7772,2.118933228023903
B2,13.0,215.0,3.7422,2.1136848335569924
B2,13.0,229.0,3.7004,2.1088565815459632
B2,13.0,244.0,3.6839,2.1040858293042923
B2,13.0,258.0,3.656,2.0999601058501525
B2,13.0,272.0,3.6207,2.0961114088469412
B2,13.0,287.0,3.5986,2.092259549024041
B2,13.0,301.0,3.5783,2.088890078214988
B2,13.0,315.0,3.5435,2.0857154477210833
B2,13.0,330.0,3.5297,2.0825085075752723
B2,13.0,344.0,3.4951,2.0796793403773366
B2,13.0,358.0,3.4858,2.07699383018287
B2,13.0,373.0,3.4735,2.0742617441965874
B2,13.0,387.0,3.4512,2.071835755483412
B2,13.0,401.0,3.4482,2.069519568981803
B2,13.0,416.0,3.4071,2.0671500918732373
B2,13.0,430.0,3.417,2.0650352010695876
B2,13.0,444.0,3.3984,2.0630066522896495
B2,13.0,459.0,3.371,2.060922119131899
B2,13.0,473.0,3.3878,2.059053741817188
B2,13.0,487.0,3.3569,2.0572548352729183
B2,13.0,502.0,3.3502,2.0553994547529806
B2,13.0,516.0,3.3425,2.053730683708636
B2,13.0,530.0,3.3202,2.05211887803224
B2,13.0,545.0,3.3101,2.0504513299677556
B2,13.0,559.0,3.2819,2.048947108412272
B2,13.0,573.0,3.2855,2.047490346891687
B2,13.0,588.0,3.2848,2.045979243572702
B2,13.0,602.0,3.2704,2.0446127381827983
B2,13.0,616.0,3.2424,2.043286312773417
B2,13.0,631.0,3.2362,2.041907296387611
B2,13.0,645.0,3.2382,2.040657548298536
B2,13.0,659.0,3.2315,2.0394420451274886
B2,13.0,674.0,3.2268,2.0381758646617616
B2,13.0,688.0,3.202,2.037026216394027
B2,13.0,702.0,3.2006,2.0359061263690506
B2,13.0,717.0,3.195,2.03473732449482
B2,13.0,731.0,3.1949,2.0336743359211233
B2,13.0,745.0,3.1894,2.03263708915502
B2,13.0,760.0,3.1847,2.0315530820232244
B2,13.0,774.0,3.178,2.0305657646095248
B2,13.0,788.0,3.1666,2.029601043299982
B2,13.0,803.0,3.156,2.028591460917112
B2,13.0,817.0,3.1508,2.0276707249525345
B2,13.0,831.0,3.1597,2.0267699641565597
B2,13.0,846.0,3.1322,2.025826168045684
B2,13.0,860.0,3.159,2.0249644159287157
B2,13.0,874.0,3.1207,2.0241204341313495
B2,13.0,889.0,3.1018,2.0232351583520893
B2,13.0,903.0,3.1097,2.022425980220959
B2,13.0,917.0,3.1099,2.0216327014464275
B2,13.0,932.0,3.0951,2.020799781183926
B2,13.0,946.0,3.1051,2.02003772365424
B2,13.0,960.0,3.0924,2.019289965349936
B2,13.0,975.0,3.0865,2.018504128788197
B2,13.0,989.0,3.081,2.0177845168215622
B2,13.0,1003.0,3.0757,2.0170778257936672
B2,13.0,1018.0,3.0562,2.01633453246531
B2,13.0,1032.0,3.0612,2.0156533304562982
B2,13.0,1047.0,3.0421,2.014936473957026
B2,13.0,1061.0,3.0489,2.0142791682122834
B2,13.0,1075.0,3.0576,2.013632870435197
B2,13.0,1090.0,3.0377,2.012952256009626
B2,13.0,1104.0,3.0471,2.0123277446722514
B2,13.0,1118.0,3.0363,2.0117132879913235
B2,13.0,1133.0,3.0298,2.011065775828157
B2,13.0,1147.0,3.0196,2.0104712537338143
B2,13.0,1161.0,3.0194,2.009885947395108
B2,13.0,1176.0,3.0173,2.0092687746777984
B2,13.0,1190.0,3.0223,2.0087017693667453
B2,13.0,1204.0,3.0051,2.0081432380380955
B2,13.0,1219.0,3.0103,2.007553961965275
B2,13.0,1233.0,2.9909,2.0070122839890416
B2,13.0,1247.0,3.0023,2.0064784211773588
B2,13.0,1262.0,3.0046,2.0059148722449076
B2,13.0,1276.0,2.9995,2.0053965743205633
B2,13.0,1290.0,2.99,2.004885503992835
B2,13.0,1305.0,2.9815,2.0043457474120485
B2,13.0,1319.0,3.0012,2.0038490906115904
B2,13.0,1333.0,2.9926,2.0033591353566877
B2,13.0,1348.0,2.984,2.002841438977081
B2,13.0,1362.0,2.9625,2.0023648645563
B2,13.0,1376.0,2.9866,2.0018945190032067
B2,13.0,1391.0,2.9734,2.001397326475993
B2,13.0,1405.0,2.9743,2.00093943225829
B2,13.0,1419.0,2.966,2.0004873407498756
B2,13.0,1434.0,2.9637,2.000009248944331
B2,13.0,1448.0,2.9482,1.9995687694095499
B2,13.0,1462.0,2.9468,1.9991337071454318
B2,13.0,1477.0,2.9625,1.998673447039887
B2,13.0,1491.0,2.9574,1.9982492364467785
B2,13.0,1505.0,2.9494,1.9978300934724784
B2,13.0,1520.0,2.9309,1.997386513902113
B2,13.0,1534.0,2.9464,1.996977531910107
B2,13.0,1548.0,2.9316,1.9965732994557253
B2,13.0,1563.0,2.9262,1.9961453532231657
B2,13.0,1577.0,2.9316,1.995750652585266
B2,13.0,1591.0,2.937,1.995360411354683
B2,13.0,1606.0,2.9226,1.9949471433057897
B2,13.0,1620.0,2.9066,1.9945658592871707
B2,13.0,1634.0,2.9109,1.994188769375265
B2,13.0,1649.0,2.8747,1.9937893061180247
B2,13.0,1663.0,2.9155,1.9934206473599774
B2,13.0,1677.0,2.9034,1.993055939535576
B2,13.0,1692.0,2.9009,1.9926694805396576
B2,13.0,1706.0,2.8904,1.992312721139985
B2,13.0,1720.0,2.8993,1.9919596892800286
B2,13.0,1735.0,2.904,1.991585499141944
B2,13.0,1749.0,2.8996,1.9912399717639069
B2,13.0,1763.0,2.9049,1.9908979662624078
B2,13.0,1778.0,2.8945,1.9905353679591191
B2,13.0,1792.0,2.8923,1.990200457813862
B2,13.0,1806.0,2.8862,1.9898688798198385
B2,13.0,1821.0,2.8808,1.989517248804119
B2,13.0,1835.0,2.8853,1.9891923883779785
B2,13.0,1849.0,2.8746,1.9888706847412396
B2,13.0,1864.0,2.8813,1.9885294437567578
B2,13.0,1878.0,2.8742,1.9882141081762965
B2,13.0,1892.0,2.8727,1.9879017670000028
B2,13.0,1907.0,2.8786,1.9875703815141403
B2,13.0,1921.0,2.8665,1.987264084459222
B2,13.0,1935.0,2.8612,1.9869606311745083
B2,13.0,1950.0,2.8665,1.9866386053433087
B2,13.0,1964.0,2.8629,1.986340895432829
B2,13.0,1978.0,2.8565,1.9860458893241835
B2,13.0,1993.0,2.8658,1.985732762417281
B2,13.0,2007.0,2.8625,1.9854432200039303
B2,13.0,2021.0,2.8581,1.9851562511250802
B2,13.0,2036.0,2.8555,1.9848515943495597
B2,13.0,2050.0,2.8591,1.984569828669719
B2,13.0,2050.0,2.8569,1.984569828669719
B2,13.0,2050.0,2.8595,1.984569828669719
B2,13.0,2050.0,2.8354,1.984569828669719
B2,13.0,2050.0,2.8537,1.984569828669719
B4,1.3,405.0,2.5317,2.2446491224774925
B4,65.0,11349.0,1.8828,1.8663434012595297
B4,13.0,2229.0,2.0796,1.9811710199151853
B4,33.0,4583.0,1.9757,1.9148025277549583
B4,20.0,3000.0,2.0858,1.9495699327924325
B4,72.0,33739.0,1.8505,1.8395220060060729
B4,1.4,129.0,2.6238,2.323803711864846
B4,12.0,300.0,2.1077,2.093206844777387
B4,2.8,300.0,2.4276,2.1905572302032272
B4,0.16,13.0,3.725,2.954828386285867
B4,2.7,1084.0,2.32,2.1177594220646117
B4,7.0,1229.0,2.187,2.041834610311088
B4,3.5,2200.0,2.3258,2.0649076594536466
B4,0.41,41.0,3.1611,2.6077932585304238
B4,6.9,300.0,2.3285,2.124688192346814
B4,0.5,361.0,2.8399,2.376480538588587
B4,14.0,4790.0,2.0512,1.949856150493312
B4,4.2,350.0,2.3867,2.1478252712075108
B4,7.0,4448.0,2.1464,1.990631407263754
B4,7.0,2221.0,2.2237,2.0159837364626942
B4,2.0,1049.0,2.394,2.1465045659242503
B4,7.0,4109.0,2.0973,1.9932824606335389
B4,0.07,6.0,4.3629,3.3151886389154637
B4,1.5,680.0,2.5398,2.1980769824880606
B4,1.0,111.0,2.7965,2.3757392405728592
B4,18.0,2800.0,2.0743,1.9568044571196892
B4,0.12,40.0,3.0,2.8593576665072415
B4,0.35,40.0,2.85,2.637325195814367
B4,0.77,40.0,2.75,2.518391709648082
B4,1.5,40.0,2.7,2.439916116873661
B4,0.13,300.0,3.11,2.6494237418804083
B4,0.35,300.0,2.88,2.4469306590887605
B4,1.3,300.0,2.65,2.26489642201458
B4,2.7,300.0,2.5,2.1936604149969714
B4,6.7,300.0,2.33,2.1265330580494792
B4,13.0,300.0,2.22,2.0891240477401123
B4,30.0,300.0,2.1,2.052499332985546
B4,0.56,350.0,2.75,2.361621832736993
B4,1.7,350.0,2.55,2.2260612709060608
B4,3.0,350.0,2.45,2.1741621324589033
B4,7.1,350.0,2.3,2.112301158897369
B4,7.0,1500.0,2.25,2.032647579958934
B4,40.0,1500.0,2.05,1.9509770811528155
B4,7.0,8000.0,2.1,1.9727295171356172
B4,6.0,3000.0,2.1,2.014229968083434
B4,34.0,3000.0,1.9,1.9284684052473073
B4,70.0,15000.0,1.71,1.8573856732444847
B4,32.0,18000.0,1.95,1.878661084318821
B4,72.0,18000.0,1.85,1.8524065987084222
B4,9.0,8000.0,2.1,1.957770232960937
B4,0.11,2050.0,2.95,2.58626137522229
B4,0.26,2050.0,2.7,2.3961647348818245
B4,0.59,2050.0,2.5,2.2600987843178313
B4,1.3,2050.0,2.35,2.1603422029441863
B4,2.7,2050.0,2.22,2.0891061959265778
B4,6.7,2050.0,2.08,2.021978838979086
B4,13.0,2050.0,2.0,1.984569828669719
B5,1.5,10.0,2.906,2.6493003424469412
B5,0.125,300.0,2.761,2.6589315586545714
B5,0.35,300.0,2.632,2.4469306590887605
B5,0.77,300.0,2.506,2.3279971729224753
B5,1.3,300.0,2.415,2.26489642201458
B5,2.6,300.0,2.318,2.196921554457082
B5,6.7,300.0,2.199,2.1265330580494792
B5,13.0,300.0,2.12,2.0891240477401123
B5,175.0,300.0,2.011,2.002273427256236
B5,0.5,5.0,3.015,2.9283439573961783
B5,1.0,20.0,2.628,2.5800668457119076
B5,1.4,20.0,2.517,2.5418042817048137
B5,4.0,80.0,2.227,2.274574386523683
B5,7.0,140.0,2.106,2.1835485222792412
B5,13.0,260.0,1.989,2.0993941256757522
B5,20.0,400.0,1.917,2.0495184496147623
B5,40.0,800.0,1.818,1.981789305249787
B5,70.0,1400.0,1.71,1.9366018400074159
B5,0.2,300.0,2.819,2.5529274476541337
B5,0.5,300.0,2.679,2.3891687629226555
B5,1.4,300.0,2.484,2.2568408673845566
B5,2.8,300.0,2.381,2.1905572302032272
B5,7.6,300.0,2.312,2.118755895332011
B5,40.0,300.0,2.169,2.0421219164567566
B5,280.0,300.0,2.057,1.9932429053086953
B5,7.0,1000.0,1.943,2.0518965600832444
B5,13.0,1000.0,1.835,2.0172281925604816
B5,33.0,1000.0,1.778,1.9770523728939449
B5,65.0,1400.0,1.685,1.9387323591096635
B5,7.0,2000.0,1.849,2.020256034476198
B5,13.0,2000.0,1.75,1.9855876669534354
B5,70.0,2000.0,1.617,1.921087214046626
B5,8.0,780.0,1.901,2.0567106475807853
B5,62.0,780.0,1.653,1.9691664264804924
B5,540.0,780.0,1.473,1.923838406634611
B5,1.3,180.0,2.723,2.3035236366422414
B5,6.7,180.0,2.417,2.1651602726771406
B5,30.0,180.0,2.256,2.0911265476132077
B5,66.0,180.0,2.179,2.0649380052829955
B5,175.0,180.0,2.042,2.0409006418838973
B5,0.56,366.0,2.628,2.358629126368637
B5,1.7,366.0,2.456,2.2230685645377046
B5,7.1,366.0,2.267,2.109308452529013
B5,176.0,366.0,1.846,1.9885499109532954
B10,100.0,20000.0,1.8412,1.8413451361479514
B10,100.0,3670.0,1.8882,1.8884596905402498
B10,100.0,2000.0,1.9112,1.91155167763675
B10,100.0,3000.0,1.8954,1.8956970512540774
B10,100.0,2000.0,1.9112,1.91155167763675
B10,100.0,2000.0,1.9112,1.91155167763675
B10,100.0,275.0,2.0206,2.021283617009221
B10,100.0,300.0,2.0144,2.0150880584234274
B10,101.0,311.5,2.0116,2.0122061566920904
B10,102.0,19700.0,1.841,1.8411777126034232
B10,102.0,179.7,2.0526,2.053354378582426
B10,102.6,289.1,2.0164,2.0170622362975643
B10,104.0,1600.0,1.9197,1.920096154552335
B10,104.2,1000.0,1.9417,1.9421648353328644
B10,106.0,2603.8,1.8993,1.899581424065381
B10,108.0,2013.3,1.909,1.9093675883680339
B10,109.0,30000.0,1.8308,1.8308865580045366
B10,115.0,10000.0,1.8543,1.8545226679550324
B10,116.8,7047.3,1.8636,1.86384338459697
B10,120.0,106.0,2.0947,2.095588352567645
B10,123.0,28861.8,1.8286,1.8287493140303974
B10,130.0,1668.0,1.9126,1.9129421361867291
B10,130.0,800.0,1.948,1.9484436277770218
B10,130.0,2468.0,1.8965,1.8967937966877562
B10,130.0,1000.0,1.9364,1.9368803838043605
B10,130.0,152.0,2.0607,2.061454061638785
B10,132.0,12000.0,1.8464,1.846607047008045
B10,135.0,13200.0,1.8436,1.8437387499356335
B10,135.0,500.0,1.9739,1.9744324024356092
B10,137.0,681.2,1.9555,1.9560374276952095
B10,137.0,2080.0,1.9021,1.9024308417705043
B10,137.0,2490.0,1.8949,1.8952525214317673
B10,141.0,2766.0,1.8903,1.8905756352225336
B10,142.0,11328.0,1.8462,1.8464120695716424
B10,174.6,238.0,2.0185,2.0191448457826353
B10,175.0,300.0,2.0016,2.002273427256236
B10,175.0,1000.0,1.9299,1.930377572076605
B10,175.0,2.0,2.77,2.7725387118258644
B10,175.0,1.3,2.9007,2.9034412783883363
B10,175.0,180.0,2.0402,2.0409006418838973
B10,176.0,38.0,2.1978,2.198936631167864
B10,176.0,20.0,2.2857,2.287118496231887
B10,176.2,366.0,1.9879,1.9885263499790324
B10,176.2,379.0,1.9856,1.9862154718360385
B10,178.0,300.0,2.0013,2.001921072228795
B10,180.0,3500.0,1.8765,1.8767284886210385
B10,180.0,3601.9,1.8754,1.8757175914458404
B10,200.0,1000.0,1.9272,1.927663568395287
B10,200.0,4000.0,1.8697,1.869961988705819
B10,204.0,560.0,1.9584,1.9588847909786138
B10,207.0,41.2,2.1845,2.1856352738052327
B10,235.0,36000.0,1.8108,1.810930363434902
B10,235.0,36000.0,1.8108,1.810930363434902
B10,235.0,36000.0,1.8108,1.810930363434902
B10,236.0,11000.0,1.8366,1.8367494898298902
B10,236.0,1263.6,1.9127,1.913093176752095
B10,236.0,3191.0,1.8744,1.8747113998250917
B10,236.0,8100.0,1.8448,1.8449510727180263
B10,245.7,180.0,2.0335,2.0342378832881516
B10,250.0,7000.0,1.8478,1.848045289916487
B10,253.0,603.0,1.95,1.9504636367679797
B10,260.0,668.0,1.9436,1.9441266644273965
B10,269.0,1500.0,1.9024,1.9028130967650274
B10,280.0,300.0,1.9926,1.9932429053086953
B10,290.0,9000.0,1.8381,1.838310636048924
B10,300.0,1566.7,1.8986,1.8989511647983996
B10,300.0,942.0,1.9227,1.9231645380601035
B10,300.0,1800.0,1.8926,1.8929211444091238
B10,309.0,1310.7,1.9062,1.9065442190282724
B10,314.0,6200.0,1.8474,1.8476022630897606
B10,340.0,3598.0,1.8637,1.863978689741377
B10,340.0,9000.0,1.8354,1.8355994817555046
B10,340.0,3600.0,1.8637,1.8639591891265008
B10,355.0,23100.0,1.8123,1.8123931351966514
B10,357.0,23000.0,1.8123,1.8123919253767342
B10,358.0,2057.7,1.884,1.8843572495288143
B10,389.0,7000.0,1.8403,1.840485796996935
B10,398.0,555.3,1.9471,1.9475855845235914
B10,400.0,30000.0,1.8051,1.8052250776478433
B10,405.0,0.3,3.4691,3.473055655309323
B10,405.0,15600.0,1.8188,1.8189404832794878
B10,456.0,7500.0,1.8359,1.8360440716435082
B10,456.0,7500.0,1.8359,1.8360440716435082
B10,456.0,7200.0,1.837,1.837217158840374
B10,480.0,7500.0,1.8351,1.835280725153811
B10,480.0,133.1,2.0479,2.0487039195142653
B10,500.0,8350.0,1.8315,1.8316607481123428
B10,500.0,5.3,2.5084,2.5103061669325615
B10,530.0,300.0,1.9824,1.9830786318629239
B10,530.0,1226.4,1.9008,1.901221244463065
B10,530.0,270.0,1.9899,1.990600097607222
B10,540.0,1.3,2.8812,2.8839807057651434
B10,540.0,1.4,2.8576,2.8603228038069246
B10,540.4,26.0,2.2285,2.229797143986526
B10,540.4,780.0,1.9234,1.923827912926055
B10,560.0,23000.0,1.8055,1.8055814892706974
B10,560.0,16000.0,1.8134,1.8135574156811607
B10,600.0,1835.0,1.8811,1.8814142932784281
B10,600.0,1000.0,1.909,1.9094500974609312
B10,671.0,943.7,1.9105,1.910883154684816
B10,671.0,839.0,1.9165,1.9169851486545546
B10,671.0,840.0,1.9165,1.9169223272570954
B10,671.0,14800.0,1.8128,1.8129238518617423
B10,671.0,14800.0,1.8128,1.8129238518617423
B10,671.0,14800.0,1.8128,1.8129238518617423
B10,671.0,14800.0,1.8128,1.8129238518617423
B10,718.0,717.0,1.9241,1.9245774822325366
B10,744.0,1532.3,1.886,1.8864122225018702
B10,1000.0,700.0,1.9214,1.9218737708751605
B10,1000.0,20000.0,1.8011,1.8011905155559378
B10,1000.0,36000.0,1.7894,1.789422040798983
B10,1000.0,15500.0,1.8068,1.8069273612560943
B10,1000.0,0.1,4.0812,4.086298347941421
B10,1002.7,111.8,2.054,2.054871726426738
B10,1040.0,929.5,1.9059,1.906298956391986
B10,1085.0,329.0,1.967,1.9676009891950623
B10,1100.0,112.0,2.0528,2.053659020216597
B10,1200.0,600.0,1.9281,1.928582735261651
B10,1571.0,576.0,1.9277,1.9281802338631193
B10,1571.0,86.4,2.074,2.0748691158473003
B10,1750.0,4900.0,1.8325,1.832756959289187
B10,1800.0,5416.7,1.8291,1.8293084865444946
B10,1800.0,5416.7,1.8291,1.8293084865444946
B10,2000.0,30000.0,1.7857,1.7857692157561804
B10,3000.0,27777.8,1.7838,1.7838375278436291
B10,3000.0,19444.4,1.7912,1.7912666503153065
B10,3000.0,0.1,4.0707,4.0757603214960625
B10,10000.0,0.1,4.0628,4.067943155384462
