context,minimum_budget
2048.0,4.521460032e+18
2069.458487992374,4.524487481319915e+18
2091.1418132439826,4.527546651579714e+18
2113.052331549571,4.5306378751443395e+18
2135.19242338737,4.5337614878611825e+18
2157.564494177731,4.536917829096571e+18
2180.170974544471,4.540107241772632e+18
2203.014320578935,4.543330072404558e+18
2226.0970141068497,4.54658667113825e+18
2249.4215629579553,4.5498773917883597e+18
2272.990501238482,4.5532025918767293e+18
2296.8063896064527,4.5565626326712366e+18
2320.8718155498955,4.559957879225041e+18
2345.189393667969,4.563388700416251e+18
2369.761765955012,4.566855468987996e+18
2394.591602087593,4.5703585615889254e+18
2419.6815997145627,4.573898358814129e+18
2445.034484750129,4.577475245246487e+18
2470.6530116700237,4.581089609498453e+18
2496.5399638107665,4.584741844254277e+18
2522.6981536720523,4.5884323463126676e+18
2549.1304232223197,4.592161516629897e+18
2575.839644207529,4.595929760363375e+18
2602.828718463147,4.5997374869156547e+18
2630.1005782294287,4.603585109978921e+18
2657.6581864699874,4.6074730475799316e+18
2685.504537193717,4.6114017221254374e+18
2713.6426557800623,4.615371560448075e+18
2742.0755993077196,4.619382993852729e+18
2770.806456886784,4.623436458163415e+18
2799.8383499943493,4.627532393770602e+18
2829.174432813653,4.631671245679081e+18
2858.8178925767684,4.6358534635563e+18
2888.77194991087,4.640079501781224e+18
2919.0398591881453,4.6443498194937e+18
2949.6249088793793,4.648664880644338e+18
2980.5304219112118,4.653025154044921e+18
3011.759756027168,4.657431113419336e+18
3043.3163041524713,4.661883237455048e+18
3075.203494762651,4.666382009855093e+18
3107.424792256044,4.670927919390651e+18
3139.983697330176,4.675521459954131e+18
3172.8837473621124,4.680163130612836e+18
3206.1285167927595,4.684853435663189e+18
3239.7216175152184,4.689592884685517e+18
3273.6666992672112,4.694381992599415e+18
3307.9674500275905,4.699221279719692e+18
3342.6275964170295,4.7041112718129e+18
3377.650904102913,4.709052500154455e+18
3413.0411782084407,4.714045501586359e+18
3448.8022637260483,4.719090818575525e+18
3484.9380459351437,4.724188999272713e+18
3521.452450824237,4.729340597572087e+18
3558.349445517462,4.734546173171385e+18
3595.6330387055946,4.73980629163274e+18
3633.307281081593,4.745121524444115e+18
3671.3762657806606,4.750492449081398e+18
3709.8441288249624,4.755919649071141e+18
3748.7150495729925,4.761403714053956e+18
3787.9932511736224,4.766945239848579e+18
3827.6830010249364,4.772544828516602e+18
3867.788611237878,4.778203088427885e+18
3908.3144391047163,4.783920634326649e+18
3949.26488757246,4.789698087398272e+18
3990.6444057212266,4.795536075336774e+18
4032.4574892475935,4.801435232413007e+18
4074.7086809530456,4.807396199543579e+18
4117.402571237542,4.813419624360477e+18
4160.543798598219,4.819506161281431e+18
4204.137050133357,4.825656471581014e+18
4248.187062051603,4.831871223462488e+18
4292.698620186558,4.8381510921304e+18
4337.676560516709,4.844496759863938e+18
4383.125769690849,4.850908916091063e+18
4429.051185558999,4.857388257463406e+18
4475.457797708864,4.863935487931956e+18
4522.350648007936,4.870551318823551e+18
4569.734831151284,4.877236468918148e+18
4617.615495215048,4.88399166452692e+18
4665.997842215766,4.890817639571168e+18
4714.887128675538,4.89771513566206e+18
4764.288666193154,4.904684902181194e+18
4814.207822021135,4.91172769636203e+18
4864.650019648879,4.918844283372142e+18
4915.620739391912,4.926035436396369e+18
4967.1255189872745,4.933301936720801e+18
5019.169954195178,4.940644573817673e+18
5071.759699406984,4.948064145431134e+18
5124.900468259487,4.95556145766392e+18
5178.598034255699,4.963137325064931e+18
5232.858231392126,4.970792570717727e+18
5287.686954792574,4.978528026329955e+18
5343.090161348645,4.986344532323711e+18
5399.073870366939,4.994242937926849e+18
5455.644164222996,5.002224101265237e+18
5512.80718902213,5.010288889455998e+18
5570.569155267198,5.018438178701716e+18
5628.9363385333045,5.026672854385632e+18
5687.915080149636,5.034993811167831e+18
5747.511787888414,5.04340195308245e+18
5807.732936661083,5.051898193635892e+18
5868.585069221753,5.060483455906081e+18
5930.074796878052,5.069158672642743e+18
5992.208800209441,5.077924786368749e+18
6054.993829792978,5.086782749482512e+18
6118.436706936774,5.095733524361467e+18
6182.544324421098,5.104778083466625e+18
6247.323647247224,5.113917409448226e+18
6312.781713394158,5.123152495252502e+18
6378.925634583283,5.132484344229548e+18
6445.76259705103,5.141913970242347e+18
6513.299862329598,5.151442397776908e+18
6581.544768035902,5.161070662053576e+18
6650.504728668795,5.170799809139508e+18
6720.187236414576,5.180630896062313e+18
6790.5998619610045,5.190564990924906e+18
6861.750255319843,5.200603173021543e+18
6933.646146657949,5.210746532955089e+18
7006.295347137153,5.220996172755497e+18
7079.705749762916,5.23135320599955e+18
7153.885330241833,5.241818757931838e+18
7228.842147848177,5.252393965587011e+18
7304.584346299524,5.263079977913322e+18
7381.1201546414895,5.27387795589744e+18
7458.457888141793,5.284789072690597e+18
7536.605949193702,5.295814513736044e+18
7615.572828228868,5.306955476897841e+18
7695.367104639794,5.318213172591002e+18
7775.9974477119695,5.329588823912995e+18
7857.472617565705,5.34108366677664e+18
7939.801466107909,5.352698950044368e+18
8022.99293799379,5.364435935663916e+18
8107.056071598689,5.376295898805429e+18
8192.000000000005,5.388280128e+18
8277.833951969498,5.400389925279664e+18
8364.567252975932,5.412626606318856e+18
8452.209326198286,5.424991500577359e+18
8540.769693549482,5.437485951444735e+18
8630.257976710926,5.450111316386284e+18
8720.683898177886,5.462868967090529e+18
8812.057282315744,5.475760289618233e+18
8904.388056427391,5.488786684553002e+18
8997.686251831823,5.501949567153441e+18
9091.96200495393,5.51525036750692e+18
9187.225558425804,5.528690530684946e+18
9283.487262199584,5.542271516900166e+18
9380.757574671878,5.555994801665008e+18
9479.04706382004,5.569861875951986e+18
9578.366408350374,5.583874246355704e+18
9678.726398858253,5.598033435256517e+18
9780.13793900051,5.612340980985947e+18
9882.612046680097,5.626798437993814e+18
9986.15985524307,5.641407377017113e+18
10090.7926146882,5.656169385250669e+18
10196.521692889291,5.671086066519592e+18
10303.35857683012,5.6861590414535e+18
10411.314873852582,5.701389947662618e+18
10520.402312917719,5.716780439915682e+18
10630.632745879953,5.732332190319727e+18
10742.01814877486,5.748046888501753e+18
10854.570623120251,5.763926241792298e+18
10968.30239723088,5.779971975410921e+18
11083.225827547127,5.796185832653658e+18
11199.3533999774,5.812569575082412e+18
11316.697731254615,5.829124982716325e+18
11435.271570307064,5.845853854225201e+18
11555.087799643483,5.862758007124901e+18
11676.159436752585,5.879839277974801e+18
11798.499635517508,5.897099522577353e+18
11922.12168764485,5.914540616179685e+18
12047.039024108673,5.932164453677348e+18
12173.265216609876,5.949972949820188e+18
12300.813979050608,5.967968039420376e+18
12429.699169024167,5.986151677562605e+18
12559.93478932072,6.004525839816523e+18
12691.534989448453,6.023092522451345e+18
12824.514067171029,6.041853742652757e+18
12958.886470060863,6.060811538742067e+18
13094.666797068849,6.079967970397661e+18
13231.869800110353,6.099325118878768e+18
13370.510385668136,6.118885087251602e+18
13510.603616411656,6.138650000617821e+18
13652.164712833752,6.158622006345436e+18
13795.209054904197,6.178803274302104e+18
13939.752183740578,6.199195997090855e+18
14085.809803296937,6.219802390288345e+18
14233.397782069851,6.240624692685542e+18
14382.532154822384,6.26166516653096e+18
14533.229124326359,6.282926097776461e+18
14685.505063122646,6.304409796325595e+18
14839.376515299853,6.326118596284564e+18
14994.860198291959,6.348054856215822e+18
15151.973004694493,6.370220959394316e+18
15310.732004099751,6.392619314066409e+18
15471.1544449515,6.415252353711537e+18
15633.25775641887,6.4381225373066e+18
15797.059550289843,6.461232349593092e+18
15962.577622884894,6.484584301347092e+18
16129.829956990377,6.508180929652029e+18
16298.834723812186,6.532024798174319e+18
16469.610284950155,6.556118497441908e+18
16642.17519439288,6.580464645125724e+18
16816.548200533416,6.605065886324056e+18
16992.748248206433,6.629924893849956e+18
17170.794480746237,6.655044368521601e+18
17350.706242066826,6.680427039455756e+18
17532.50307876338,6.706075664364253e+18
17716.204742236,6.731993029853623e+18
17901.83119083544,6.758181951727826e+18
18089.402592031765,6.78464527529421e+18
18278.939324605144,6.811385875672591e+18
18470.46198086018,6.838406658107676e+18
18663.991368863066,6.865710558284675e+18
18859.548514702157,6.893300542648238e+18
19057.154664772603,6.921179608724777e+18
19256.831288084548,6.949350785448119e+18
19458.600078595522,6.977817133488571e+18
19662.482957567634,7.006581745585471e+18
19868.5020759491,7.035647746883203e+18
20076.67981678072,7.06501829527069e+18
20287.03879762792,7.094696581724538e+18
20499.60187303795,7.124685830655686e+18
20714.3921370228,7.154989300259725e+18
20931.432925568486,7.185610282870903e+18
21150.7478191703,7.216552105319822e+18
21372.360645394587,7.247818129294849e+18
21596.295481467783,7.2794117517074e+18
21822.57665689199,7.31133640506095e+18
22051.228756088527,7.343595557823993e+18
22282.276621068777,7.376192714806868e+18
22515.74535413322,7.409131417542531e+18
22751.66032059853,7.442415244671322e+18
22990.047151553685,7.476047812329801e+18
23230.93174664434,7.51003277454357e+18
23474.340276886993,7.544373823624324e+18
23720.29918751219,7.57907469057097e+18
23968.835200837766,7.614139145474995e+18
24219.975319171896,7.649570997930047e+18
24473.746827747127,7.685374097445875e+18
24730.1772976844,7.721552333866505e+18
24989.294588988876,7.758109637792906e+18
25251.12685357659,7.795049981009998e+18
25515.70253833314,7.832377376918192e+18
25783.0503882041,7.870095880969386e+18
26053.1994493184,7.908209591107637e+18
26326.179072143615,7.946722648214309e+18
26602.018914675158,7.985639236558029e+18
26880.74894565831,8.024963584249257e+18
27162.399447844025,8.064699963699626e+18
27447.00102127935,8.104852692086175e+18
27734.584586631805,8.14542613182036e+18
28025.18138854862,8.186424691021992e+18
28318.82299905164,8.227852823998202e+18
28615.54132096734,8.269715031727355e+18
28915.368591392715,8.312015862348049e+18
29218.337385198134,8.354759911653293e+18
29524.480618565965,8.397951823589761e+18
29833.83155256718,8.441596290762387e+18
30146.423796774787,8.485698054944175e+18
30462.29131291548,8.530261907591367e+18
30781.468418559183,8.575292690364003e+18
31103.989790847918,8.620795295651987e+18
31429.890470262828,8.66677466710656e+18
31759.205864431613,8.71323580017747e+18
32091.97175197514,8.760183742655659e+18
32428.22428639477,8.807623595221719e+18
32768.0,8.855560511999999e+18
33111.335807878,8.903999701118659e+18
33458.269011903736,8.952946425275425e+18
33808.83730479312,9.002406002309431e+18
34163.07877419787,9.052383805778933e+18
34521.03190684372,9.102885265545138e+18
34882.73559271152,9.153915868362111e+18
35248.22912926298,9.205481158472938e+18
35617.55222570958,9.25758673821201e+18
35990.74500732727,9.31023826861376e+18
36367.84801981573,9.36344147002768e+18
36748.90223370322,9.417202122739784e+18
37133.949048798306,9.47152606760066e+18
37523.03029868752,9.52641920666003e+18
37916.188255280176,9.581887503807947e+18
38313.465633401465,9.637936985422811e+18
38714.90559543302,9.69457374102607e+18
39120.55175600205,9.751803923943793e+18
39530.44818672044,9.809633751975266e+18
39944.639420972286,9.868069508068452e+18
40363.170458752815,9.927117541002682e+18
40786.08677155709,9.98678426607836e+18
41213.43430732049,1.0047076165814002e+19
41645.25949541033,1.010799979065047e+19
42081.60925167089,1.0169561759662735e+19
42522.53098351982,1.023176876127891e+19
42968.07259509945,1.029462755400701e+19
43418.28249248093,1.0358144967169182e+19
43873.209588923535,1.0422327901643688e+19
44332.90331018852,1.0487183330614639e+19
44797.41359990962,1.0552718300329648e+19
45266.79092501847,1.0618939930865306e+19
45741.08628122827,1.0685855416900809e+19
46220.35119857385,1.0753472028499593e+19
46704.637747010354,1.0821797111899208e+19
47193.99854207005,1.0890838090309409e+19
47688.48675057941,1.0960602464718746e+19
48188.15609643471,1.1031097814709393e+19
48693.06086643951,1.110233179928075e+19
49203.25591620245,1.1174312157681506e+19
49718.796676096674,1.124704671025042e+19
50239.739157282784,1.1320543359266085e+19
50766.13995779383,1.1394810089805382e+19
51298.05626868413,1.1469854970611034e+19
51835.545880243466,1.1545686154968269e+19
52378.66718827541,1.1622311881590645e+19
52927.47920044143,1.1699740475515077e+19
53482.04154267256,1.1777980349006414e+19
54042.41446564664,1.185704000247129e+19
54608.65885133502,1.193692802538175e+19
55180.83621961669,1.20176530972084e+19
55759.00873496233,1.2099223988363426e+19
56343.239213187764,1.2181649561153382e+19
56933.59112827942,1.2264938770742174e+19
57530.12861928955,1.2349100666123844e+19
58132.91649730546,1.2434144391105843e+19
58742.02025249048,1.2520079185302366e+19
59357.50606119943,1.2606914385138258e+19
59979.44079316785,1.2694659424863291e+19
60607.892018777995,1.2783323837577275e+19
61242.92801639902,1.287291725626564e+19
61884.617779806016,1.2963449414846153e+19
62533.031025675366,1.305493014922638e+19
63188.238201159395,1.314736939837237e+19
63850.31049153959,1.324077720538837e+19
64519.31982796153,1.3335163718608126e+19
65195.33889524876,1.3430539192697274e+19
65878.44113980063,1.352691398976763e+19
66568.70077757155,1.3624298580502903e+19
67266.19280213368,1.3722703545296226e+19
67970.99299282562,1.3822139575399807e+19
68683.17792298498,1.3922617474086412e+19
69402.82496826732,1.4024148157823025e+19
70130.01231505355,1.4126742657457017e+19
70864.81896894402,1.4230412119414495e+19
71607.32476334179,1.4335167806911312e+19
72357.61036812708,1.4441021101176838e+19
73115.75729842059,1.454798350269037e+19
73881.84792344074,1.465606663243071e+19
74655.96547545213,1.4765282233138688e+19
75438.19405880866,1.4875642170592958e+19
76228.61865909044,1.4987158434899114e+19
77027.3251523382,1.5099843141792481e+19
77834.4003143821,1.5213708533954284e+19
78649.93183027057,1.532876698234189e+19
79474.00830379628,1.5445030987532792e+19
80306.7192671229,1.5562513181082767e+19
81148.1551905117,1.5681226326898151e+19
81998.40749215183,1.580118332262275e+19
82857.56854809122,1.5922397201038901e+19
83725.73170227397,1.6044881131483621e+19
84602.99127668106,1.6168648421279273e+19
85489.44258157836,1.62937125171794e+19
86385.18192587099,1.6420087006829582e+19
87290.30662756797,1.65477856202438e+19
88204.91502435414,1.667682223129598e+19
89129.10648427512,1.6807210859227472e+19
90062.98141653292,1.693896567017013e+19
91006.64128239414,1.7072100978685295e+19
91960.18860621458,1.7206631249319176e+19
92923.72698657739,1.7342571098174282e+19
93897.361107548,1.7479935294497298e+19
94881.1967500488,1.7618738762283882e+19
95875.3408033511,1.7758996581899985e+19
96879.90127668761,1.7900723991720194e+19
97894.98731098854,1.8043936389783507e+19
98920.70919073763,1.818864933546603e+19
99957.17835595553,1.8334878551171631e+19
101004.50741430638,1.848263992404e+19
102062.81015333258,1.8631949507672773e+19
103132.20155281643,1.8782823523877552e+19
104212.79779727363,1.8935278364430553e+19
105304.71628857449,1.9089330592857244e+19
106408.07565870066,1.924499694623212e+19
107522.99578263305,1.9402294336997003e+19
108649.59779137613,1.956123985479851e+19
109788.00408511743,1.9721850768344707e+19
110938.33834652725,1.988414452728145e+19
112100.7255541945,2.004813876408797e+19
113275.2919962066,2.021385129599281e+19
114462.16528386915,2.0381300126909395e+19
115661.47436557089,2.05505034493922e+19
116873.34954079233,2.0721479646613148e+19
118097.92247426389,2.089424729435905e+19
119335.32621026874,2.1068825163049554e+19
120585.69518709918,2.12452322197767e+19
121849.16525166197,2.142348763036548e+19
123125.87367423676,2.1603610761456017e+19
124415.95916339145,2.1785621182607917e+19
125719.56188105136,2.196953866842625e+19
127036.82345772648,2.2155383200709878e+19
128367.88700790059,2.2343174970622644e+19
129712.8971455791,2.253293438088688e+19
131072.0,2.2724682047999996e+19
