domain,q,mapping_type,quality_anchor,reliability,nearest_distance,sample_rows,low_support_flag,ci_low,ci_high,sensitivity_ci_low,sensitivity_ci_high
arxiv,0.5688268340572794,direct,arxiv,1.0,0.0,1719,0,0.5679106355654503,0.5697001988857407,0.5679106355654503,0.5697001988857407
github,0.43040224628153123,direct,github,1.0,0.0,15117,0,0.43013375296106243,0.4306527079896996,0.43013375296106243,0.4306527079896996
stackexchange,0.5608130198868628,direct,stackexchange,1.0,0.0,30378,0,0.5591937496470119,0.5624240890085269,0.5591937496470119,0.5624240890085269
wikipedia_en,0.5066614962481865,near_direct,wikipedia,0.9,0.0,17511,0,0.5047623576799923,0.5085510866091727,0.5047623576799923,0.5085510866091727
gutenberg_pg_19,0.5100215216134684,near_direct,book,0.9,0.0,79,1,0.49899333293066217,0.521046855249547,0.49899333293066217,0.521046855249547
pile_cc,0.6083099190620287,near_direct,commoncrawl,0.9,0.0,18191,0,0.6066661423496534,0.6099107718719476,0.6066661423496534,0.6099107718719476
dm_mathematics,0.5434641406116133,inferred,(none),0.0,1.2527270586067605,1922,0,0.54188697442077,0.5450994031431261,0.40986939150266316,0.6770588897205634
freelaw,0.5434641406116133,inferred,(none),0.0,0.5060778728325223,5100,0,0.54188697442077,0.5450994031431261,0.40986939150266316,0.6770588897205634
nih_exporter,0.5434641406116133,inferred,(none),0.0,0.46559649079469767,1884,0,0.54188697442077,0.5450994031431261,0.40986939150266316,0.6770588897205634
pubmed_central,0.5434641406116133,inferred,(none),0.0,0.5014128443271351,2629,0,0.54188697442077,0.5450994031431261,0.40986939150266316,0.6770588897205634
philpapers,0.5434641406116133,inferred,(none),0.0,2.524922184854153,67,1,0.54188697442077,0.5450994031431261,0.40986939150266316,0.6770588897205634
enron_emails,0.5434641406116133,inferred,(none),0.0,0.41746353645117623,1010,0,0.54188697442077,0.5450994031431261,0.40986939150266316,0.6770588897205634
ubuntu_irc,0.5434641406116133,inferred,(none),0.0,0.5577888220533325,16,1,0.54188697442077,0.5450994031431261,0.40986939150266316,0.6770588897205634
europarl,0.5434641406116133,inferred,(none),0.0,0.46867949928828345,157,0,0.54188697442077,0.5450994031431261,0.40986939150266316,0.6770588897205634
hackernews,0.5434641406116133,inferred,(none),0.0,0.4259363292771567,944,0,0.54188697442077,0.5450994031431261,0.40986939150266316,0.6770588897205634
pubmed_abstracts,0.5434641406116133,inferred,(none),0.0,0.35800354017108355,29895,0,0.54188697442077,0.5450994031431261,0.40986939150266316,0.6770588897205634
uspto_backgrounds,0.5434641406116133,inferred,(none),0.0,0.32080803960529436,11415,0,0.54188697442077,0.5450994031431261,0.40986939150266316,0.6770588897205634
