domain,q,ci_low,ci_high,mapping_type,quality_anchor
arxiv,0.5688268340572794,0.5679290434891148,0.5697190251332173,quality_anchor,arxiv
book,0.5100215216134684,0.49945688052787945,0.5215097309879243,quality_anchor,book
c4,0.6192139471319362,0.617328063559691,0.6209638416121338,quality_anchor,c4
commoncrawl,0.6083099190620287,0.6067093581155915,0.6097047440641895,quality_anchor,commoncrawl
github,0.43040224628153123,0.43013375296106243,0.43064853966850125,quality_anchor,github
stackexchange,0.5608130198868628,0.5591456550615653,0.5623746060350292,quality_anchor,stackexchange
wikipedia,0.5066614962481865,0.5047290449810262,0.5084347491697504,quality_anchor,wikipedia
arxiv,0.5688268340572794,0.5679106355654503,0.5697001988857407,direct,arxiv
github,0.43040224628153123,0.43013375296106243,0.4306527079896996,direct,github
stackexchange,0.5608130198868628,0.5591937496470119,0.5624240890085269,direct,stackexchange
wikipedia_en,0.5066614962481865,0.5047623576799923,0.5085510866091727,near_direct,wikipedia
gutenberg_pg_19,0.5100215216134684,0.49899333293066217,0.521046855249547,near_direct,book
pile_cc,0.6083099190620287,0.6066661423496534,0.6099107718719476,near_direct,commoncrawl
dm_mathematics,0.5434641406116133,0.54188697442077,0.5450994031431261,inferred,(none)
freelaw,0.5434641406116133,0.54188697442077,0.5450994031431261,inferred,(none)
nih_exporter,0.5434641406116133,0.54188697442077,0.5450994031431261,inferred,(none)
pubmed_central,0.5434641406116133,0.54188697442077,0.5450994031431261,inferred,(none)
philpapers,0.5434641406116133,0.54188697442077,0.5450994031431261,inferred,(none)
enron_emails,0.5434641406116133,0.54188697442077,0.5450994031431261,inferred,(none)
ubuntu_irc,0.5434641406116133,0.54188697442077,0.5450994031431261,inferred,(none)
europarl,0.5434641406116133,0.54188697442077,0.5450994031431261,inferred,(none)
hackernews,0.5434641406116133,0.54188697442077,0.5450994031431261,inferred,(none)
pubmed_abstracts,0.5434641406116133,0.54188697442077,0.5450994031431261,inferred,(none)
uspto_backgrounds,0.5434641406116133,0.54188697442077,0.5450994031431261,inferred,(none)
