alpha,normalized_rmse,median_spearman,model
1e-06,0.4107919802322503,0.8097794250180246,linear_ridge
1.778279410038923e-06,0.410791980185749,0.8097794250180246,linear_ridge
3.162277660168379e-06,0.41079198010305695,0.8097794250180246,linear_ridge
5.623413251903491e-06,0.4107919799560088,0.8097794250180246,linear_ridge
1e-05,0.4107919796945198,0.8097794250180246,linear_ridge
1.778279410038923e-05,0.41079197922953137,0.8097794250180246,linear_ridge
3.1622776601683795e-05,0.4107919784026904,0.8097794250180246,linear_ridge
5.623413251903491e-05,0.41079197693245684,0.8097794250180246,linear_ridge
0.0001,0.41079197431835324,0.8097794250180246,linear_ridge
0.00017782794100389227,0.4107919696709559,0.8097794250180246,linear_ridge
0.00031622776601683794,0.41079196141040836,0.8097794250180246,linear_ridge
0.0005623413251903491,0.4107919467329386,0.8097794250180246,linear_ridge
0.001,0.410791920670533,0.8097794250180246,linear_ridge
0.0017782794100389228,0.41079187444520754,0.809786398788066,linear_ridge
0.0031622776601683794,0.4107917926260198,0.809786398788066,linear_ridge
0.005623413251903491,0.4107916483377221,0.8098013298085396,linear_ridge
0.01,0.4107913955760418,0.8097970382577449,linear_ridge
0.01778279410038923,0.4107909581840434,0.809774418208764,linear_ridge
0.03162277660168379,0.4107902186004535,0.8098065154324167,linear_ridge
0.05623413251903491,0.41078902424296804,0.8097794250180246,linear_ridge
0.1,0.4107872822189184,0.809861500926975,linear_ridge
0.1778279410038923,0.41078539079250775,0.8098672229947013,linear_ridge
0.31622776601683794,0.4107858353046645,0.8099851512342501,linear_ridge
0.5623413251903491,0.41079862854582877,0.8104691129936714,linear_ridge
1.0,0.4108591112221376,0.811008864913425,linear_ridge
1.7782794100389228,0.4110847011755475,0.8119786659857406,linear_ridge
3.1622776601683795,0.41185160237448704,0.8136743649935342,linear_ridge
5.623413251903491,0.41432712228074303,0.8167042892619677,linear_ridge
10.0,0.42197376022251176,0.8141841654650324,linear_ridge
17.78279410038923,0.44421964731299735,0.8156701149277302,linear_ridge
31.622776601683793,0.5026122817541155,0.7515968145248968,linear_ridge
56.23413251903491,0.632813465070351,0.6738029791945618,linear_ridge
100.0,0.8711370836096219,0.5290747201908882,linear_ridge
177.82794100389228,1.2368001519506544,0.35404131762053537,linear_ridge
316.22776601683796,1.7323721491277788,0.17526764971790207,linear_ridge
562.341325190349,2.3582465941331106,0.0615840221272359,linear_ridge
1000.0,3.1105164739855504,-0.013217976447969237,linear_ridge
1778.2794100389228,3.943880280487227,-0.08808130843661666,linear_ridge
3162.2776601683795,4.755187189072848,-0.12771154484384475,linear_ridge
5623.413251903491,5.436952155535005,-0.14228350556757188,linear_ridge
10000.0,5.939334814397627,-0.15116039957198935,linear_ridge
