budget_FLOPs,context_length,eta,quality_cost_type,quality_cost_amplitude,quality_cost_shape,s_Q,support_mode,N_B,D_B,N_abs,D_abs,Q_A,Q_eff,Q0,predicted_loss,cost_train,cost_quality,cost_attention,cost_total,share_train,share_quality,share_attention,budget_slack,budget_relative_slack,max_normalized_violation,support_status,extrapolation_flag,solver,solver_success,solver_message,grid_best_loss,fine_grid_best_loss,p_source,lambda0,param_E,param_A,param_B,param_alpha,param_beta,param_c_Q,param_nu_Q,param_Q0,scenario_id,marginal_N,marginal_D,marginal_Q,dL_dN_abs,dL_dD_abs,dL_dQ,kkt_relative_dispersion,active_set,verification_3d_loss,verification_2d3d_relative_loss_difference,fine_grid_relative_loss_difference,repeat_relative_loss_difference,baseline_Q0_loss,loss_2048,delta_loss
1e+19,2048,0.0002,exponential,10000000.0,6.0,1.0,operational_extended,0.2658386454532921,5.012072576829732,265838645.45329216,5012072576.829732,0.6663686002523352,0.6663686002523352,0.5389559587975633,3.1572341367456693,7.994415508428045e+18,1.459832392863266e+18,5.457520987086879e+17,1e+19,0.7994415508428045,0.1459832392863266,0.0545752098708687,0.0,0.0,0.0,one_component_extrapolated,True,SLSQP-2D,True,Optimization terminated successfully,3.1572847429994177,3.1572341367456693,p_ref,0.0,1.6897975628980857,0.3539803206859227,1.2403055835550174,0.3399765818812715,0.2798781285427261,0.3620399283468315,0.9902880682591864,0.5389559587975633,operational_extended|exponential|2048|1e+19,2.2109457877693528e-20,2.2109458897427648e-20,2.2109462175814836e-20,-7.102747445032695e-10,-4.411240770861396e-11,-0.3623664787425863,1.1422725245839997e-07,budget,3.1572341367456693,0.0,0.0,0.0,3.167111156115161,3.1572341367456693,0.0
1e+22,2048,0.0002,exponential,10000000.0,6.0,1.0,operational_extended,5.622127998337718,251.1546040148524,5622127998.337718,251154604014.8524,0.999999,0.999999,0.5389559587975633,2.150742517961796,8.472139986859944e+21,9.494952567037488e+20,5.783647564363055e+20,9.999999999999998e+21,0.8472139986859945,0.0949495256703748,0.0578364756436305,2097152.0,2.097152e-16,0.0,joint_observed,False,SLSQP-2D,True,Optimization terminated successfully,2.1508395016812663,2.1507425179617963,p_ref,0.0,1.6897975628980857,0.3539803206859227,1.2403055835550174,0.3399765818812715,0.2798781285427261,0.3620399283468315,0.9902880682591864,0.5389559587975633,operational_extended|exponential|2048|1e+22,7.392760464045022e-24,7.392760284411982e-24,6.744238611623724e-23,-1.1900869860251324e-11,-2.9435097610135e-13,-0.4100054287265799,1.214925351447466e-08,Q_upper|budget,2.150742517961796,0.0,0.0,0.0,2.3113558689831155,2.150742517961796,0.0
1e+24,2048,0.0002,exponential,10000000.0,6.0,1.0,operational_extended,40.72528697996312,3776.245086004932,40725286979.96312,3776245086004.932,0.9999989999999996,0.9999989999999996,0.5389559587975633,1.913886785648573,9.227319890053582e+23,1.4276173878542484e+22,6.2991837116099126e+22,9.999999999999996e+23,0.9227319890053582,0.0142761738785424,0.0629918371160991,268435456.0,2.6843545600000003e-16,0.0,bridge_gap_extrapolated,True,SLSQP-2D,True,Optimization terminated successfully,1.9140206883567343,1.913886785648573,p_ref,0.0,1.6897975628980857,0.3539803206859227,1.2403055835550174,0.3399765818812715,0.2798781285427261,0.3620399283468315,0.9902880682591864,0.5389559587975633,operational_extended|exponential|2048|1e+24,3.462236697526138e-26,3.4622366799645727e-26,4.4855313659537514e-24,-8.380074046139169e-13,-9.168463913520602e-15,-0.4100054287256957,2.536158978107889e-09,Q_upper|budget,1.9138867856485728,1.1601762789212498e-16,0.0,0.0,2.081562790388859,1.913886785648573,0.0
1e+19,4096,0.0002,exponential,10000000.0,6.0,1.0,operational_extended,0.2591865966899692,4.82100798511761,259186596.68996924,4821007985.11761,0.6710563013871433,0.6710563013871433,0.5389559587975633,3.16898100432848,7.497243913666794e+18,1.4791323839872305e+18,1.0236237023459732e+18,9.999999999999998e+18,0.7497243913666795,0.147913238398723,0.1023623702345973,2048.0,2.048e-16,0.0,one_component_extrapolated,True,SLSQP-2D,True,Optimization terminated successfully,3.1691056633046766,3.16898100432848,p_ref,0.0,1.6897975628980857,0.3539803206859227,1.2403055835550174,0.3399765818812715,0.2798781285427261,0.3620399283468315,0.9902880682591864,0.5389559587975633,operational_extended|exponential|4096|1e+19,2.235127532158029e-20,2.235127576577097e-20,2.235127517503979e-20,-7.348075112543409e-10,-4.636224589291093e-11,-0.3624162805984252,1.5434195427189735e-08,budget,3.16898100432848,0.0,0.0,0.0,3.179619162986535,3.1572341367456693,0.011746867582810516
1e+22,4096,0.0002,exponential,10000000.0,6.0,1.0,operational_extended,5.448863352415257,244.27534630847416,5448863352.415257,244275346308.47415,0.9999989999999996,0.9999989999999996,0.5389559587975633,2.1549093098025183,7.986137894392744e+21,9.234880784261682e+20,1.0903740271810894e+21,1.0000000000000002e+22,0.7986137894392744,0.0923488078426168,0.1090374027181089,-2097152.0,-2.097152e-16,2.097152e-16,joint_observed,False,SLSQP-2D,True,Optimization terminated successfully,2.1549354409347274,2.1549093098025183,p_ref,0.0,1.6897975628980857,0.3539803206859227,1.2403055835550174,0.3399765818812715,0.2798781285427261,0.3620399283468315,0.9902880682591864,0.5389559587975633,operational_extended|exponential|4096|1e+22,7.450447698565741e-24,7.45044779332319e-24,6.93416918029684e-23,-1.2410675948979212e-11,-3.050020358548449e-13,-0.4100054287252537,6.359178142416528e-09,Q_upper|budget,2.1549093098025183,0.0,0.0,0.0,2.315687657487758,2.150742517961796,0.004166791840722439
1e+24,4096,0.0002,exponential,10000000.0,6.0,1.0,operational_extended,39.58040612878663,3653.8058895062186,39580406128.78663,3653805889506.2183,0.999999,0.999999,0.5389559587975633,1.9160111420907655,8.677147261344518e+23,1.3813289923991268e+22,1.1847198394155714e+23,1.0000000000000004e+24,0.8677147261344518,0.0138132899239912,0.1184719839415571,-268435456.0,-2.6843545600000003e-16,2.6843545600000003e-16,bridge_gap_extrapolated,True,SLSQP-2D,True,Optimization terminated successfully,1.916193243875678,1.9160111420907655,p_ref,0.0,1.6897975628980857,0.3539803206859227,1.2403055835550174,0.3399765818812715,0.2798781285427261,0.3620399283468315,0.9902880682591864,0.5389559587975633,operational_extended|exponential|4096|1e+24,3.494323445848601e-26,3.494323629384886e-26,4.635841719859244e-24,-8.706467871476932e-13,-9.563517425544231e-15,-0.4100054287265799,2.6262062419026743e-08,Q_upper|budget,1.9160111420906816,4.380603996387707e-14,0.0,0.0,2.0836990465750627,1.913886785648573,0.0021243564421924432
1e+19,8192,0.0002,exponential,10000000.0,6.0,1.0,operational_extended,0.2472887651895158,4.49464132900043,247288765.1895158,4494641329.00043,0.6795115477673151,0.6795115477673151,0.5389559587975633,3.1907601189778743,6.668845825309684e+18,1.5101146746590856e+18,1.821039500031231e+18,1e+19,0.6668845825309684,0.1510114674659085,0.1821039500031231,0.0,0.0,0.0,one_component_extrapolated,True,SLSQP-2D,True,Optimization terminated successfully,3.19126448202726,3.1907601189778743,p_ref,0.0,1.6897975628980857,0.3539803206859227,1.2403055835550174,0.3399765818812715,0.2798781285427261,0.3620399283468315,0.9902880682591864,0.5389559587975633,operational_extended|exponential|8192|1e+19,2.279410771030366e-20,2.2794107571709276e-20,2.2794105196275124e-20,-7.82564304551559e-10,-5.0713963369305116e-11,-0.3625079480708541,7.150185379574134e-08,budget,3.1907601189778743,0.0,0.0,0.0,3.2028368642052736,3.1572341367456693,0.03352598223220493
1e+22,8192,0.0002,exponential,10000000.0,6.0,1.0,operational_extended,5.146373056727295,232.06929924064693,5146373056.727295,232069299240.6469,0.999999,0.999999,0.5389559587975633,2.162656018201512,7.165891133433897e+21,8.773428610630868e+20,1.9567660055030163e+21,1e+22,0.7165891133433897,0.0877342861063086,0.1956766005503016,0.0,0.0,0.0,joint_observed,False,SLSQP-2D,True,Optimization terminated successfully,2.1626690965452773,2.162656018201512,p_ref,0.0,1.6897975628980857,0.3539803206859227,1.2403055835550174,0.3399765818812715,0.2798781285427261,0.3620399283468315,0.9902880682591864,0.5389559587975633,operational_extended|exponential|8192|1e+22,7.558106387008494e-24,7.558106512060015e-24,7.298882633017219e-23,-1.3397787612415089e-11,-3.256831703629418e-13,-0.4100054287265799,8.272675187232326e-09,Q_upper|budget,2.162656018201512,0.0,0.0,0.0,2.3237284406661582,2.150742517961796,0.011913500239716157
1e+24,8192,0.0002,exponential,10000000.0,6.0,1.0,operational_extended,37.56815335131579,3439.4861536013746,37568153351.3158,3439486153601.3745,0.999999,0.999999,0.5389559587975633,1.9199554410015167,7.752908596093425e+23,1.3003049659999866e+22,2.117060907306578e+23,1.0000000000000004e+24,0.7752908596093425,0.0130030496599998,0.2117060907306578,-268435456.0,-2.6843545600000003e-16,2.6843545600000003e-16,bridge_gap_extrapolated,True,SLSQP-2D,True,Optimization terminated successfully,1.9200212772693104,1.9199554410015167,p_ref,0.0,1.6897975628980857,0.3539803206859227,1.2403055835550174,0.3399765818812715,0.2798781285427261,0.3620399283468315,0.9902880682591864,0.5389559587975633,operational_extended|exponential|8192|1e+24,3.553942866601391e-26,3.553943010386695e-26,4.924708233264618e-24,-9.33697948423466e-13,-1.0332773128525252e-14,-0.4100054287265799,2.022898317701362e-08,Q_upper|budget,1.919955441001517,1.1565091573646363e-16,0.0,0.0,2.087664423182829,1.913886785648573,0.006068655352943653
1e+19,32768,0.0002,exponential,10000000.0,6.0,1.0,operational_extended,0.1998909189884613,3.3498588854940863,199890918.98846135,3349858885.4940863,0.7149835008363005,0.7149835008363005,0.5389559587975633,3.2904390944664947,4.017638226618456e+18,1.5940294597204278e+18,4.388332313661119e+18,1.0000000000000002e+19,0.4017638226618455,0.1594029459720427,0.4388332313661118,-2048.0,-2.048e-16,2.048e-16,one_component_extrapolated,True,SLSQP-2D,True,Optimization terminated successfully,3.290540450907849,3.2904390944664947,p_ref,0.0,1.6897975628980857,0.3539803206859227,1.2403055835550174,0.3399765818812715,0.2798781285427261,0.3620399283468315,0.9902880682591864,0.5389559587975633,operational_extended|exponential|32768|1e+19,2.4748805457894824e-20,2.4748804343918082e-20,2.474880219970276e-20,-1.0407562816707202e-09,-7.388013999959217e-11,-0.3629211530149834,7.27632116056234e-08,budget,3.2904390944664947,0.0,0.0,0.0,3.309415616946929,3.1572341367456693,0.1332049577208254
1e+22,32768,0.0002,exponential,10000000.0,6.0,1.0,operational_extended,4.019751785534456,184.3560030159021,4019751785.534456,184356003015.9021,0.999999,0.999999,0.5389559587975633,2.198396430815226,4.446392233783008e+21,6.969617423302723e+20,4.85664602388672e+21,1e+22,0.4446392233783008,0.0696961742330272,0.485664602388672,0.0,0.0,0.0,joint_observed,False,SLSQP-2D,True,Optimization terminated successfully,2.1983964589447003,2.198396430815226,p_ref,0.0,1.6897975628980857,0.3539803206859227,1.2403055835550174,0.3399765818812715,0.2798781285427261,0.3620399283468315,0.9902880682591864,0.5389559587975633,operational_extended|exponential|32768|1e+22,8.061014888977962e-24,8.061015190739233e-24,9.187911161959436e-23,-1.8655860836401503e-11,-4.372526556699057e-13,-0.4100054287265799,1.8717324732489137e-08,Q_upper|budget,2.198396430815226,0.0,0.0,0.0,2.3606389269434267,2.150742517961796,0.047653912853430125
1e+24,32768,0.0002,exponential,10000000.0,6.0,1.0,operational_extended,29.912130220559003,2636.536753908526,29912130220.559,2636536753908.526,0.999999,0.999999,0.5389559587975633,1.9380758925266568,4.731865842852105e+23,9.967482586197003e+21,5.168459331285926e+23,1e+24,0.4731865842852105,0.009967482586197,0.5168459331285926,-134217728.0,-1.34217728e-16,1.34217728e-16,bridge_gap_extrapolated,True,SLSQP-2D,True,Optimization terminated successfully,1.9382442439904488,1.9380758925266568,p_ref,0.0,1.6897975628980857,0.3539803206859227,1.2403055835550174,0.3399765818812715,0.2798781285427261,0.3620399283468315,0.9902880682591864,0.5389559587975633,operational_extended|exponential|32768|1e+24,3.828468934406645e-26,3.828468816678943e-26,6.424513427977049e-24,-1.2671477119894397e-12,-1.452082475620126e-14,-0.4100054287265799,1.5375298243596742e-08,Q_upper|budget,1.9380758925266568,0.0,0.0,0.0,2.1058671250363354,1.913886785648573,0.024189106878083733
1e+19,131072,0.0002,exponential,10000000.0,6.0,1.0,operational_extended,0.1309520291513469,1.988211077525892,130952029.15134694,1988211077.525892,0.7780004900734893,0.7780004900734893,0.5389559587975633,3.501182015053105,1.562161649899209e+18,1.612649957581155e+18,6.825188392519637e+18,1e+19,0.1562161649899208,0.1612649957581155,0.6825188392519637,0.0,0.0,0.0,one_component_extrapolated,True,SLSQP-2D,True,Optimization terminated successfully,3.5016579142834625,3.501182015053105,p_ref,0.0,1.6897975628980857,0.3539803206859227,1.2403055835550174,0.3399765818812715,0.2798781285427261,0.3620399283468315,0.9902880682591864,0.5389559587975633,operational_extended|exponential|131072|1e+19,2.863943978442797e-20,2.863944101401309e-20,2.8639441409614873e-20,-1.8343282501804839e-09,-1.4404628028555048e-10,-0.3638029373552034,3.3226580066786485e-08,budget,3.501182015053105,0.0,0.0,0.0,3.535337456123027,3.1572341367456693,0.3439478783074357
1e+22,131072,0.0002,exponential,10000000.0,6.0,1.0,operational_extended,2.545035281029937,116.59454537033172,2545035281.0299373,116594545370.33173,0.999999,0.999999,0.5389559587975633,2.274885486910326,1.7804233892588395e+21,4.407881281766719e+20,7.778788482564488e+21,1e+22,0.1780423389258839,0.0440788128176671,0.7778788482564488,0.0,0.0,0.0,joint_observed,False,SLSQP-2D,True,Optimization terminated successfully,2.275073325692217,2.274885486910326,p_ref,0.0,1.6897975628980857,0.3539803206859227,1.2403055835550174,0.3399765818812715,0.2798781285427261,0.3620399283468315,0.9902880682591864,0.5389559587975633,operational_extended|exponential|131072|1e+22,9.16388520541096e-24,9.163884859173878e-24,1.4527665702576212e-22,-3.44197665551184e-11,-7.859617128800685e-13,-0.4100054287265799,1.889139166576573e-08,Q_upper|budget,2.2748854869103257,1.952138744588897e-16,0.0,0.0,2.4388804594265943,2.150742517961796,0.12414296894853027
1e+24,131072,0.0002,exponential,10000000.0,6.0,1.0,operational_extended,19.454840582226524,1586.0263781380834,19454840582.226524,1586026378138.0833,0.999999,0.999999,0.5389559587975633,1.9765426374604884,1.851353420752952e+23,5.996006041601697e+21,8.08868651883103e+23,1e+24,0.1851353420752952,0.0059960060416016,0.8088686518831031,0.0,0.0,0.0,bridge_gap_extrapolated,True,SLSQP-2D,True,Optimization terminated successfully,1.976566439959724,1.9765426374604884,p_ref,0.0,1.6897975628980857,0.3539803206859227,1.2403055835550174,0.3399765818812715,0.2798781285427261,0.3620399283468315,0.9902880682591864,0.5389559587975633,operational_extended|exponential|131072|1e+24,4.413679247364567e-26,4.413679289009288e-26,1.0679813408100605e-23,-2.255076201415771e-12,-2.7828536459719732e-14,-0.4100054287265799,4.717687797462764e-09,Q_upper|budget,1.9765426374604884,0.0,0.0,0.0,2.1444525632680014,1.913886785648573,0.06265585181191535
1e+19,2048,0.0002,power,5000000000.0,4.0,1.0,operational_extended,0.2213087245364119,7.049698395883924,221308724.536412,7049698395.8839245,0.5389559587975633,0.5389559587975633,0.5389559587975633,3.1671111561151584,9.360958562156763e+18,0.0,6.390414378432352e+17,1e+19,0.9360958562156764,0.0,0.0639041437843235,0.0,0.0,0.0,one_component_extrapolated,True,SLSQP-2D,True,Optimization terminated successfully,3.167374631552548,3.1671111561151584,p_ref,0.0,1.6897975628980857,0.3539803206859227,1.2403055835550174,0.3399765818812715,0.2798781285427261,0.3620399283468315,0.9902880682591864,0.5389559587975633,operational_extended|power|2048|1e+19,2.0096169295157583e-20,2.00961691446684e-20,1.6365277005782062e-20,-9.080604181897564e-10,-2.8506423986027343e-11,-0.3612299303457454,3.7442257037828494e-09,Q_lower|budget,3.1671111561151584,0.0,0.0,0.0,3.167111156115161,3.1671111561151584,0.0
1e+22,2048,0.0002,power,5000000000.0,4.0,1.0,operational_extended,5.737969602816866,241.8017385259488,5737969602.816866,241801738525.9488,0.999998999999999,0.999998999999999,0.5389559587975633,2.152203180660152,8.324706153420996e+21,1.1069939065054638e+21,5.6829994007354e+20,1e+22,0.8324706153420995,0.1106993906505463,0.0568299940073539,0.0,0.0,0.0,joint_observed,False,SLSQP-2D,True,Optimization terminated successfully,2.152372449343533,2.152203180660152,p_ref,0.0,1.6897975628980857,0.3539803206859227,1.2403055835550174,0.3399765818812715,0.2798781285427261,0.3620399283468315,0.9902880682591864,0.5389559587975633,operational_extended|power|2048|1e+22,7.471701232907601e-24,7.4717012454432e-24,8.478157792429378e-23,-1.1580034261666096e-11,-3.090011383289281e-13,-0.4100054287226012,8.388719422975035e-10,Q_upper|budget,2.152203180660152,0.0,2.0634167528450807e-16,0.0,2.3113558689831155,2.152203180660152,0.0
1e+24,2048,0.0002,power,5000000000.0,4.0,1.0,operational_extended,40.86502252512614,3752.2529366395847,40865022525.126144,3752252936639.585,0.999999,0.999999,0.5389559587975633,1.913990824560829,9.200154046544842e+23,1.7178210387769883e+22,6.280638495774613e+22,1.0000000000000004e+24,0.9200154046544842,0.0171782103877698,0.0628063849577461,-268435456.0,-2.6843545600000003e-16,2.6843545600000003e-16,bridge_gap_extrapolated,True,SLSQP-2D,True,Optimization terminated successfully,1.914116916805786,1.913990824560829,p_ref,0.0,1.6897975628980857,0.3539803206859227,1.2403055835550174,0.3399765818812715,0.2798781285427261,0.3620399283468315,0.9902880682591864,0.5389559587975633,operational_extended|power|2048|1e+24,3.468418447650915e-26,3.468418344231924e-26,5.4634730876180886e-24,-8.341699123617021e-13,-9.243562208623776e-15,-0.4100054287265799,1.490866715381124e-08,Q_upper|budget,1.913990824560828,6.960679290904546e-16,0.0,0.0,2.081562790388859,1.913990824560829,0.0
1e+19,4096,0.0002,power,5000000000.0,4.0,1.0,operational_extended,0.2152045593472014,6.814203572615662,215204559.34720147,6814203572.615662,0.5389559587975633,0.5389559587975633,0.5389559587975633,3.1796191629865347,8.798686062881277e+18,0.0,1.2013139371187236e+18,1e+19,0.8798686062881277,0.0,0.1201313937118723,0.0,0.0,0.0,one_component_extrapolated,True,SLSQP-2D,True,Optimization terminated successfully,3.1797054359535823,3.1796191629865347,p_ref,0.0,1.6897975628980857,0.3539803206859227,1.2403055835550174,0.3399765818812715,0.2798781285427261,0.3620399283468315,0.9902880682591864,0.5389559587975633,operational_extended|power|4096|1e+19,2.028817578110609e-20,2.0288175848571848e-20,1.693085124716527e-20,-9.427391242382582e-10,-2.977336328797724e-11,-0.3612299303457454,1.662686529417942e-09,Q_lower|budget,3.1796191629865347,0.0,0.0,0.0,3.179619162986535,3.1671111561151584,0.01250800687137632
1e+22,4096,0.0002,power,5000000000.0,4.0,1.0,operational_extended,5.5583972241754935,235.39421277190897,5558397224.175493,235394212771.90897,0.999999,0.999999,0.5389559587975633,2.156341528243584,7.850487233150126e+21,1.0776595766171096e+21,1.0718531902327638e+21,1e+22,0.7850487233150125,0.1077659576617109,0.1071853190232763,0.0,0.0,0.0,joint_observed,False,SLSQP-2D,True,Optimization terminated successfully,2.15640852900868,2.156341528243584,p_ref,0.0,1.6897975628980857,0.3539803206859227,1.2403055835550174,0.3399765818812715,0.2798781285427261,0.3620399283468315,0.9902880682591864,0.5389559587975633,operational_extended|power|4096|1e+22,7.528074708991629e-24,7.528074276818971e-24,8.708936679395181e-23,-1.208406714693655e-11,-3.19807109451475e-13,-0.4100054287265799,2.8704063794580737e-08,Q_upper|budget,2.156341528243584,0.0,0.0,0.0,2.315687657487758,2.152203180660152,0.004138347583432012
1e+24,4096,0.0002,power,5000000000.0,4.0,1.0,operational_extended,39.711884891942674,3631.327432725829,39711884891.94267,3631327432725.829,0.999999,0.999999,0.5389559587975633,1.91611274806301,8.65241142080171e+23,1.66246006544831e+22,1.18134257265346e+23,1e+24,0.865241142080171,0.0166246006544831,0.118134257265346,-134217728.0,-1.34217728e-16,1.34217728e-16,bridge_gap_extrapolated,True,SLSQP-2D,True,Optimization terminated successfully,1.916304731262524,1.91611274806301,p_ref,0.0,1.6897975628980857,0.3539803206859227,1.2403055835550174,0.3399765818812715,0.2798781285427261,0.3620399283468315,0.9902880682591864,0.5389559587975633,operational_extended|power|4096|1e+24,3.5003643768946025e-26,3.5003640550968583e-26,5.645410202482867e-24,-8.667864107558264e-13,-9.639351228840678e-15,-0.4100054287265799,4.596632297186314e-08,Q_upper|budget,1.91611274806301,0.0,0.0,0.0,2.0836990465750627,1.913990824560829,0.002121923502180989
1e+19,8192,0.0002,power,5000000000.0,4.0,1.0,operational_extended,0.2044586127969599,6.403128136116046,204458612.79695997,6403128136.116046,0.5389559587975633,0.5389559587975633,0.5389559587975633,3.2028368642052683,7.855048177628824e+18,0.0,2.1449518223711767e+18,1e+19,0.7855048177628824,0.0,0.2144951822371177,0.0,0.0,0.0,one_component_extrapolated,True,SLSQP-2D,True,Optimization terminated successfully,3.2028497549473145,3.2028368642052683,p_ref,0.0,1.6897975628980857,0.3539803206859227,1.2403055835550174,0.3399765818812715,0.2798781285427261,0.3620399283468315,0.9902880682591864,0.5389559587975633,operational_extended|power|8192|1e+19,2.064458408800988e-20,2.064458334598043e-20,1.801779764567357e-20,-1.0097194637875802e-09,-3.22414028067582e-11,-0.3612299303457454,1.7971528542245127e-08,Q_lower|budget,3.2028368642052683,0.0,0.0,0.0,3.2028368642052736,3.1671111561151584,0.03572570809010989
1e+22,8192,0.0002,power,5000000000.0,4.0,1.0,operational_extended,5.245201717845677,223.9990099635796,5245201717.845677,223999009963.5796,0.999999,0.999999,0.5389559587975633,2.1640371578994846,7.049519951140194e+21,1.0254911342017922e+21,1.9249889146580157e+21,1e+22,0.7049519951140194,0.1025491134201792,0.1924988914658015,0.0,0.0,0.0,joint_observed,False,SLSQP-2D,True,Optimization terminated successfully,2.164037650409349,2.1640371578994846,p_ref,0.0,1.6897975628980857,0.3539803206859227,1.2403055835550174,0.3399765818812715,0.2798781285427261,0.3620399283468315,0.9902880682591864,0.5389559587975633,operational_extended|power|8192|1e+22,7.633349367573916e-24,7.633350077947287e-24,9.151974796941958e-23,-1.306061525564436e-11,-3.4077606321511893e-13,-0.4100054287265799,4.653090691249161e-08,Q_upper|budget,2.1640371578994846,0.0,0.0,0.0,2.3237284406661582,2.152203180660152,0.011833977239332771
1e+24,8192,0.0002,power,5000000000.0,4.0,1.0,operational_extended,37.68576642911471,3419.539187348474,37685766429.11471,3419539187348.474,0.999999,0.999999,0.5389559587975633,1.9200527314723692,7.732077306577158e+23,1.5655011690683914e+22,2.111372576516003e+23,1e+24,0.7732077306577159,0.0156550116906839,0.2111372576516003,0.0,0.0,0.0,bridge_gap_extrapolated,True,SLSQP-2D,True,Optimization terminated successfully,1.9201241564286704,1.9200527314723697,p_ref,0.0,1.6897975628980857,0.3539803206859227,1.2403055835550174,0.3399765818812715,0.2798781285427261,0.3620399283468315,0.9902880682591864,0.5389559587975633,operational_extended|power|8192|1e+24,3.559732785383562e-26,3.5597330111023944e-26,5.995057174110749e-24,-9.297953734345709e-13,-1.040997870202104e-14,-0.4100054287265799,3.1704461994370525e-08,Q_upper|budget,1.9200527314723692,0.0,0.0,0.0,2.087664423182829,1.913990824560829,0.0060619069115401825
1e+19,32768,0.0002,power,5000000000.0,4.0,1.0,operational_extended,0.1691974698477285,4.568191669613537,169197469.84772855,4568191669.613537,0.5586175067944013,0.5586175067944013,0.5389559587975633,3.309208700783339,4.637558833668487e+18,2.969902376098827e+17,5.065450928721633e+18,1.0000000000000004e+19,0.4637558833668487,0.0296990237609882,0.5065450928721633,-4096.0,-4.096e-16,4.096e-16,one_component_extrapolated,True,SLSQP-2D,True,Optimization terminated successfully,3.3094424721536373,3.309208700783339,p_ref,0.0,1.6897975628980857,0.3539803206859227,1.2403055835550174,0.3399765818812715,0.2798781285427261,0.3620399283468315,0.9902880682591864,0.5389559587975633,operational_extended|power|32768|1e+19,2.2690792783426296e-20,2.2690792019661094e-20,2.2690789581779565e-20,-1.3012545878617483e-09,-4.967127839795898e-11,-0.3613828579348849,8.284606365366785e-08,budget,3.309208700783339,0.0,0.0,0.0,3.309415616946929,3.1671111561151584,0.14209754466818048
1e+22,32768,0.0002,power,5000000000.0,4.0,1.0,operational_extended,4.082434763540848,179.12364533123088,4082434763.540848,179123645331.23087,0.999999,0.999999,0.5389559587975633,2.1995694302534314,4.3875635800342696e+21,8.200469736136325e+20,4.792389446352098e+21,1e+22,0.4387563580034269,0.0820046973613632,0.4792389446352098,0.0,0.0,0.0,joint_observed,False,SLSQP-2D,True,Optimization terminated successfully,2.1995746943808534,2.1995694302534314,p_ref,0.0,1.6897975628980857,0.3539803206859227,1.2403055835550174,0.3399765818812715,0.2798781285427261,0.3620399283468315,0.9902880682591864,0.5389559587975633,operational_extended|power|32768|1e+22,8.126235853406814e-24,8.126236129759059e-24,1.1444794404075196e-22,-1.827303257404884e-11,-4.536662993170014e-13,-0.4100054287261379,1.7003705355756915e-08,Q_upper|budget,2.1995694302534314,0.0,0.0,0.0,2.3606389269434267,2.152203180660152,0.04736624959327962
1e+24,32768,0.0002,power,5000000000.0,4.0,1.0,operational_extended,29.98420968271088,2624.755409908872,29984209682.71088,2624755409908.872,0.999999,0.999999,0.5389559587975633,1.938156270081331,4.722072994592241e+23,1.2016407584780757e+22,5.157762929559953e+23,1.0000000000000004e+24,0.4722072994592241,0.0120164075847807,0.5157762929559953,-268435456.0,-2.6843545600000003e-16,2.6843545600000003e-16,bridge_gap_extrapolated,True,SLSQP-2D,True,Optimization terminated successfully,1.9383317923812216,1.938156270081331,p_ref,0.0,1.6897975628980857,0.3539803206859227,1.2403055835550174,0.3399765818812715,0.2798781285427261,0.3620399283468315,0.9902880682591864,0.5389559587975633,operational_extended|power|32768|1e+24,3.833270696711462e-26,3.833270565332199e-26,7.81037839178244e-24,-1.2630676591821974e-12,-1.460429627408706e-14,-0.4100054287265799,1.7136706029789972e-08,Q_upper|budget,1.938156270081331,0.0,0.0,0.0,2.1058671250363354,1.913990824560829,0.024165445520502038
1e+19,131072,0.0002,power,5000000000.0,4.0,1.0,operational_extended,0.124633929146928,2.1798375964886043,124633929.14692806,2179837596.4886045,0.6677961889052837,0.6677961889052837,0.5389559587975633,3.5271536629827165,1.630090347315424e+18,1.2479362525736689e+18,7.121973400110909e+18,1.0000000000000002e+19,0.1630090347315424,0.1247936252573668,0.7121973400110909,-2048.0,-2.048e-16,2.048e-16,one_component_extrapolated,True,SLSQP-2D,True,Optimization terminated successfully,3.527214645823363,3.5271536629827165,p_ref,0.0,1.6897975628980857,0.3539803206859227,1.2403055835550174,0.3399765818812715,0.2798781285427261,0.3620399283468315,0.9902880682591864,0.5389559587975633,operational_extended|power|131072|1e+19,2.7911304411148203e-20,2.7911305188542236e-20,2.791130608060122e-20,-1.959992091657585e-09,-1.2804304886521464e-10,-0.3623815701474787,3.05910929966627e-08,budget,3.5271536629827165,0.0,0.0,0.0,3.535337456123027,3.1671111561151584,0.3600425068675581
1e+22,131072,0.0002,power,5000000000.0,4.0,1.0,operational_extended,2.5709581409336657,114.41650269131544,2570958140.9336658,114416502691.31544,0.999999,0.999999,0.5389559587975633,2.275731886557369,1.7649602343083765e+21,5.238108379827074e+20,7.711228927708917e+21,1.0000000000000002e+22,0.1764960234308376,0.0523810837982707,0.7711228927708917,-2097152.0,-2.097152e-16,2.097152e-16,joint_observed,False,SLSQP-2D,True,Optimization terminated successfully,2.275971072652293,2.275731886557369,p_ref,0.0,1.6897975628980857,0.3539803206859227,1.2403055835550174,0.3399765818812715,0.2798781285427261,0.3620399283468315,0.9902880682591864,0.5389559587975633,operational_extended|power|131072|1e+22,9.212376988026793e-24,9.212377030283487e-24,1.791728680308837e-22,-3.3955522488068936e-11,-8.051615644237598e-13,-0.4100054287265799,2.2934740073735835e-09,Q_upper|budget,2.275731886557369,0.0,0.0,0.0,2.4388804594265943,2.152203180660152,0.12352870589721698
1e+24,131072,0.0002,power,5000000000.0,4.0,1.0,operational_extended,19.483197860140294,1581.733796962851,19483197860.140293,1581733796962.851,0.999999,0.999999,0.5389559587975633,1.9765984155925589,1.8490339516978923e+23,7.24134444039049e+21,8.078552603898203e+23,1e+24,0.1849033951697892,0.0072413444403904,0.8078552603898204,0.0,0.0,0.0,bridge_gap_extrapolated,True,SLSQP-2D,True,Optimization terminated successfully,1.976620606307104,1.9765984155925589,p_ref,0.0,1.6897975628980857,0.3539803206859227,1.2403055835550174,0.3399765818812715,0.2798781285427261,0.3620399283468315,0.9902880682591864,0.5389559587975633,operational_extended|power|131072|1e+24,4.417028066077863e-26,4.417028410777583e-26,1.2960672002223007e-23,-2.250679213918811e-12,-2.7925232547087834e-14,-0.4100054287265799,3.901941551496992e-08,Q_upper|budget,1.9765984155925589,0.0,0.0,0.0,2.1444525632680014,1.913990824560829,0.06260759103172986
1e+19,2048,0.0002,logarithmic,2000000000.0,10.0,1.0,operational_extended,0.3501152593812773,3.0025009577437225,350115259.3812774,3002500957.7437224,0.9999989999999996,0.9999989999999996,0.5389559587975633,3.107332152819049,6.307328409677863e+18,3.2620913042214625e+18,4.305802861006755e+17,1e+19,0.6307328409677863,0.3262091304221463,0.0430580286100675,0.0,0.0,0.0,one_component_extrapolated,True,SLSQP-2D,True,Optimization terminated successfully,3.107349752048653,3.1073321528190494,p_ref,0.0,1.6897975628980857,0.3539803206859227,1.2403055835550174,0.3399765818812715,0.2798781285427261,0.3620399283468315,0.9902880682591864,0.5389559587975633,operational_extended|logarithmic|2048|1e+19,2.5518819073272294e-20,2.5518818810643854e-20,7.510498213658388e-20,-4.911053384067252e-10,-8.499187567227416e-11,-0.4100054287256957,5.145779755835874e-09,Q_upper|budget,3.107332152819049,0.0,0.0,0.0,3.167111156115161,3.107332152819049,0.0
1e+22,2048,0.0002,logarithmic,2000000000.0,10.0,1.0,operational_extended,5.197067593592188,290.7181050778553,5197067593.592188,290718105077.8553,0.999999,0.999999,0.5389559587975633,2.145477344256668,9.0652898566239e+21,3.158530224972402e+20,6.188571208788583e+20,1e+22,0.9065289856623902,0.031585302249724,0.0618857120878858,0.0,0.0,0.0,joint_observed,False,SLSQP-2D,True,Optimization terminated successfully,2.1454815308538824,2.145477344256668,p_ref,0.0,1.6897975628980857,0.3539803206859227,1.2403055835550174,0.3399765818812715,0.2798781285427261,0.3620399283468315,0.9902880682591864,0.5389559587975633,operational_extended|logarithmic|2048|1e+22,7.096197053976935e-24,7.096197673408651e-24,7.756750503594232e-22,-1.322295968148749e-11,-2.440920448180641e-13,-0.4100054287261379,4.3645327618525137e-08,Q_upper|budget,2.145477344256668,0.0,0.0,0.0,2.3113558689831155,2.145477344256668,0.0
1e+24,2048,0.0002,logarithmic,2000000000.0,10.0,1.0,operational_extended,40.246651300504055,3860.2378614072986,40246651300.50406,3860237861407.299,0.999999,0.999999,0.5389559587975633,1.9135317680125488,9.321698828703784e+23,4.1939864590038346e+21,6.363613067061784e+22,1e+24,0.9321698828703784,0.0041939864590038,0.0636361306706178,-134217728.0,-1.34217728e-16,1.34217728e-16,bridge_gap_extrapolated,True,SLSQP-2D,True,Optimization terminated successfully,1.9136942615744703,1.9135317680125488,p_ref,0.0,1.6897975628980857,0.3539803206859227,1.2403055835550174,0.3399765818812715,0.2798781285427261,0.3620399283468315,0.9902880682591864,0.5389559587975633,operational_extended|logarithmic|2048|1e+24,3.44098549074682e-26,3.4409853804225823e-26,5.84168097648508e-23,-8.51388608361085e-13,-8.913920602727126e-15,-0.4100054287265799,1.603090749106387e-08,Q_upper|budget,1.9135317680125492,1.1603915264790894e-16,0.0,0.0,2.081562790388859,1.9135317680125488,0.0
1e+19,4096,0.0002,logarithmic,2000000000.0,10.0,1.0,operational_extended,0.3373131452176652,2.9527583705479707,337313145.2176652,2952758370.547971,0.999999,0.999999,0.5389559587975633,3.118051006672533,5.976025278223945e+18,3.20804807045588e+18,8.15926651320176e+17,1e+19,0.5976025278223944,0.3208048070455879,0.0815926651320176,0.0,0.0,0.0,one_component_extrapolated,True,SLSQP-2D,True,Optimization terminated successfully,3.1182569163713434,3.118051006672533,p_ref,0.0,1.6897975628980857,0.3539803206859227,1.2403055835550174,0.3399765818812715,0.2798781285427261,0.3620399283468315,0.9902880682591864,0.5389559587975633,operational_extended|logarithmic|4096|1e+19,2.5638413935433548e-20,2.5638413805691324e-20,7.637021134074577e-20,-5.162409988109151e-10,-8.682868893513074e-11,-0.4100054287265799,2.530231148097925e-09,Q_upper|budget,3.1180510066725327,1.4242525503903732e-16,0.0,0.0,3.179619162986535,3.107332152819049,0.010718853853484145
1e+22,4096,0.0002,logarithmic,2000000000.0,10.0,1.0,operational_extended,5.047738284777205,281.6267157235402,5047738284.777205,281626715723.5402,0.999999,0.999999,0.5389559587975633,2.149755434232026,8.529467729842683e+21,3.05975609442795e+20,1.1645566607145212e+21,1e+22,0.8529467729842684,0.0305975609442795,0.1164556660714521,0.0,0.0,0.0,joint_observed,False,SLSQP-2D,True,Optimization terminated successfully,2.149796438570786,2.149755434232026,p_ref,0.0,1.6897975628980857,0.3539803206859227,1.2403055835550174,0.3399765818812715,0.2798781285427261,0.3620399283468315,0.9902880682591864,0.5389559587975633,operational_extended|logarithmic|4096|1e+22,7.15958017229129e-24,7.159579687349575e-24,8.007151601990422e-22,-1.3749751056953795e-11,-2.542223193902456e-13,-0.4100054287265799,3.386663190663563e-08,Q_upper|budget,2.149755434232026,0.0,0.0,0.0,2.315687657487758,2.145477344256668,0.004278089975358057
1e+24,4096,0.0002,logarithmic,2000000000.0,10.0,1.0,operational_extended,39.13022272904788,3732.411855361083,39130222729.04788,3732411855361.083,0.999999,0.999999,0.5389559587975633,1.915664540142081,8.763006433009082e+23,4.055108867074582e+21,1.1964424783201732e+23,1e+24,0.8763006433009082,0.0040551088670745,0.1196442478320173,-134217728.0,-1.34217728e-16,1.34217728e-16,bridge_gap_extrapolated,True,SLSQP-2D,True,Optimization terminated successfully,1.915814688090853,1.915664540142081,p_ref,0.0,1.6897975628980857,0.3539803206859227,1.2403055835550174,0.3399765818812715,0.2798781285427261,0.3620399283468315,0.9902880682591864,0.5389559587975633,operational_extended|logarithmic|4096|1e+24,3.4735689041528475e-26,3.4735688121471417e-26,6.041744307317042e-23,-8.840949431961997e-13,-9.306499247015975e-15,-0.4100054287265799,1.3243685402491144e-08,Q_upper|budget,1.9156645401420749,3.4772988736623378e-15,0.0,0.0,2.0836990465750627,1.9135317680125488,0.0021327721295323343
1e+19,8192,0.0002,logarithmic,2000000000.0,10.0,1.0,operational_extended,0.3151612372207665,2.862224832266931,315161237.22076654,2862224832.2669306,0.999999,0.999999,0.5389559587975633,3.1380359990596305,5.412373916047481e+18,3.109687179943821e+18,1.477938904008699e+18,1e+19,0.541237391604748,0.3109687179943821,0.1477938904008698,0.0,0.0,0.0,one_component_extrapolated,True,SLSQP-2D,True,Optimization terminated successfully,3.139129618591692,3.1380359990596305,p_ref,0.0,1.6897975628980857,0.3539803206859227,1.2403055835550174,0.3399765818812715,0.2798781285427261,0.3620399283468315,0.9902880682591864,0.5389559587975633,operational_extended|logarithmic|8192|1e+19,2.586284445893618e-20,2.586284342172219e-20,7.878583759554019e-20,-5.654346654747324e-10,-9.035923079892497e-11,-0.4100054287265799,2.0052202912112422e-08,Q_upper|budget,3.1380359990596305,0.0,0.0,0.0,3.2028368642052736,3.107332152819049,0.030703846240581534
1e+22,8192,0.0002,logarithmic,2000000000.0,10.0,1.0,operational_extended,4.785737318323218,265.6618699155408,4785737318.323217,265661869915.54083,0.999999,0.999999,0.5389559587975633,2.1577009681298844,7.62832754946199e+21,2.886304743649209e+20,2.083041976173088e+21,1e+22,0.7628327549461991,0.028863047436492,0.2083041976173087,0.0,0.0,0.0,joint_observed,False,SLSQP-2D,True,Optimization terminated successfully,2.1579101294334677,2.1577009681298844,p_ref,0.0,1.6897975628980857,0.3539803206859227,1.2403055835550174,0.3399765818812715,0.2798781285427261,0.3620399283468315,0.9902880682591864,0.5389559587975633,operational_extended|logarithmic|8192|1e+22,7.277478876514303e-24,7.27747854131639e-24,8.488338234937383e-22,-1.4767690302232508e-11,-2.73937638985604e-13,-0.4100054287265799,2.302981058090925e-08,Q_upper|budget,2.1577009681298844,0.0,0.0,0.0,2.3237284406661582,2.145477344256668,0.012223623873216294
1e+24,8192,0.0002,logarithmic,2000000000.0,10.0,1.0,operational_extended,37.16579418730814,3509.096239762016,37165794187.308136,3509096239762.016,0.999999,0.999999,0.5389559587975633,1.9196237507482128,7.825100917827119e+23,3.812485821155555e+21,2.136774223961325e+23,1e+24,0.7825100917827119,0.0038124858211555,0.2136774223961325,0.0,0.0,0.0,bridge_gap_extrapolated,True,SLSQP-2D,True,Optimization terminated successfully,1.9196721445817977,1.9196237507482128,p_ref,0.0,1.6897975628980857,0.3539803206859227,1.2403055835550174,0.3399765818812715,0.2798781285427261,0.3620399283468315,0.9902880682591864,0.5389559587975633,operational_extended|logarithmic|8192|1e+24,3.5340690871427247e-26,3.534069125758481e-26,6.426235286502089e-23,-9.47267662602315e-13,-1.007116614732162e-14,-0.4100054287265799,5.463356294924295e-09,Q_upper|budget,1.9196237507481613,2.6835648560051674e-14,0.0,0.0,2.087664423182829,1.9135317680125488,0.0060919827356640255
1e+19,32768,0.0002,logarithmic,2000000000.0,10.0,1.0,operational_extended,0.2351305409970913,2.476355265283868,235130540.99709132,2476355265.283868,0.999999,0.999999,0.5389559587975633,3.231149173931096,3.4936005193631493e+18,2.690456086687131e+18,3.8159433939497226e+18,1.0000000000000004e+19,0.3493600519363149,0.2690456086687131,0.3815943393949723,-4096.0,-4.096e-16,4.096e-16,one_component_extrapolated,True,SLSQP-2D,True,Optimization terminated successfully,3.2324142744351905,3.231149173931096,p_ref,0.0,1.6897975628980857,0.3539803206859227,1.2403055835550174,0.3399765818812715,0.2798781285427261,0.3620399283468315,0.9902880682591864,0.5389559587975633,operational_extended|logarithmic|32768|1e+19,2.6932585337137118e-20,2.6932584345461143e-20,9.10623705564362e-20,-8.37257952055175e-10,-1.0875896816192016e-10,-0.4100054287261379,1.8410337836018517e-08,Q_upper|budget,3.231149173931096,0.0,0.0,0.0,3.309415616946929,3.107332152819049,0.12381702111204707
1e+22,32768,0.0002,logarithmic,2000000000.0,10.0,1.0,operational_extended,3.794267895043211,205.26218560202844,3794267895.043211,205262185602.02844,0.999999,0.999999,0.5389559587975633,2.1942381520140826,4.672918325377064e+21,2.230087517577475e+20,5.104072922865188e+21,1e+22,0.4672918325377064,0.0223008751757747,0.5104072922865188,0.0,0.0,0.0,joint_observed,False,SLSQP-2D,True,Optimization terminated successfully,2.194322077599548,2.1942381520140826,p_ref,0.0,1.6897975628980857,0.3539803206859227,1.2403055835550174,0.3399765818812715,0.2798781285427261,0.3620399283468315,0.9902880682591864,0.5389559587975633,operational_extended|logarithmic|32768|1e+22,7.822272483762504e-24,7.822272818350158e-24,1.0986084949610561e-21,-2.0156270387502836e-11,-3.810868911586244e-13,-0.4100054287261379,2.1386857079727865e-08,Q_upper|budget,2.1942381520140826,0.0,0.0,0.0,2.3606389269434267,2.145477344256668,0.048760807757414426
1e+24,32768,0.0002,logarithmic,2000000000.0,10.0,1.0,operational_extended,29.66626312313068,2677.341342388012,29666263123.13068,2677341342388.012,0.999999,0.999999,0.5389559587975633,1.937802453147761,4.76560276402312e+23,2.908819025989475e+21,5.205309045716987e+23,1.0000000000000004e+24,0.476560276402312,0.0029088190259894,0.5205309045716987,-268435456.0,-2.6843545600000003e-16,2.6843545600000003e-16,bridge_gap_extrapolated,True,SLSQP-2D,True,Optimization terminated successfully,1.937947417996528,1.937802453147761,p_ref,0.0,1.6897975628980857,0.3539803206859227,1.2403055835550174,0.3399765818812715,0.2798781285427261,0.3620399283468315,0.9902880682591864,0.5389559587975633,operational_extended|logarithmic|32768|1e+24,3.812047969886807e-26,3.812047915968584e-26,8.422638429650924e-23,-1.281239701963144e-12,-1.4238184185242845e-14,-0.4100054287265799,7.072080975757417e-09,Q_upper|budget,1.937802453147761,0.0,0.0,0.0,2.1058671250363354,1.9135317680125488,0.024270685135212133
1e+19,131072,0.0002,logarithmic,2000000000.0,10.0,1.0,operational_extended,0.1376951353514628,1.8108645400329249,137695135.35146287,1810864540.032925,0.999999,0.999999,0.5389559587975633,3.4347785219048155,1.4960834276579889e+18,1.9674283380090816e+18,6.536488234332931e+18,1.0000000000000002e+19,0.1496083427657988,0.1967428338009081,0.6536488234332931,-2048.0,-2.048e-16,2.048e-16,one_component_extrapolated,True,SLSQP-2D,True,Optimization terminated successfully,3.4362946280929787,3.4347785219048155,p_ref,0.0,1.6897975628980857,0.3539803206859227,1.2403055835550174,0.3399765818812715,0.2798781285427261,0.3620399283468315,0.9902880682591864,0.5389559587975633,operational_extended|logarithmic|131072|1e+19,2.9398219269619424e-20,2.939821887081906e-20,1.2452769150408378e-19,-1.7149720098345616e-09,-1.6234355591437307e-10,-0.4100054287265799,6.78272997809221e-09,Q_upper|budget,3.4347785219048155,0.0,0.0,0.0,3.535337456123027,3.107332152819049,0.3274463690857665
1e+22,131072,0.0002,logarithmic,2000000000.0,10.0,1.0,operational_extended,2.45378462094855,124.79150874760565,2453784620.94855,124791508747.60564,0.999999,0.999999,0.5389559587975633,2.2719366407830144,1.8372689099390475e+21,1.3558073794326084e+20,8.027150352117694e+21,1.0000000000000002e+22,0.1837268909939047,0.013558073794326,0.8027150352117695,-2097152.0,-2.097152e-16,2.097152e-16,joint_observed,False,SLSQP-2D,True,Optimization terminated successfully,2.2719920622606966,2.2719366407830144,p_ref,0.0,1.6897975628980857,0.3539803206859227,1.2403055835550174,0.3399765818812715,0.2798781285427261,0.3620399283468315,0.9902880682591864,0.5389559587975633,operational_extended|logarithmic|131072|1e+22,8.991276194720979e-24,8.991275712211847e-24,1.807036256392976e-21,-3.614568178823774e-11,-7.205038069054009e-13,-0.4100054287265799,2.683207233170484e-08,Q_upper|budget,2.2719366407830144,0.0,0.0,0.0,2.4388804594265943,2.145477344256668,0.12645929652634624
1e+24,131072,0.0002,logarithmic,2000000000.0,10.0,1.0,operational_extended,19.35849437773861,1600.7459749734094,19358494377.73861,1600745974973.4094,0.999999,0.999999,0.5389559587975633,1.9763534201371484,1.8592819174026278e+23,1.7391433337467628e+21,8.123326649259906e+23,1e+24,0.1859281917402627,0.0017391433337467,0.8123326649259907,-134217728.0,-1.34217728e-16,1.34217728e-16,bridge_gap_extrapolated,True,SLSQP-2D,True,Optimization terminated successfully,1.9763831273904469,1.9763534201371484,p_ref,0.0,1.6897975628980857,0.3539803206859227,1.2403055835550174,0.3399765818812715,0.2798781285427261,0.3620399283468315,0.9902880682591864,0.5389559587975633,operational_extended|logarithmic|131072|1e+24,4.402282207693069e-26,4.402282398493442e-26,1.4087355790503072e-22,-2.27012799765663e-12,-2.7501442873011565e-14,-0.4100054287261379,2.1670619970834218e-08,Q_upper|budget,1.9763534201371376,5.392831528918489e-15,0.0,0.0,2.1444525632680014,1.9135317680125488,0.06282165212459967
