context_length,attention_train_ratio
1500.0,0.049999999999999996
1514.4605151556239,0.05048201717185413
1529.060434643623,0.05096868115478744
1543.801102369642,0.05146003674565474
1558.6838751950315,0.05195612917316772
1573.710123061754,0.052457004102058474
1588.8812291184809,0.0529627076372827
1604.1985898479165,0.05347328632826389
1619.6636151953335,0.05398878717317779
1635.2777286983628,0.05450925762327877
1651.0423676180253,0.05503474558726751
1666.9589830710368,0.05556529943570123
1683.0290401633708,0.0561009680054457
1699.2540181251288,0.05664180060417096
1715.6354104466955,0.05718784701488985
1732.1747250162211,0.057739157500540705
1748.8734842584113,0.058295782808613715
1765.7332252746692,0.05885777417582231
1782.7554999845822,0.05942518333281941
1799.941875268781,0.059998062508959366
1817.293933113158,0.060576464437105265
1834.8132707544949,0.06116044235848317
1852.5015008274827,0.06175005002758276
1870.36025151317,0.06234534171710567
1888.3911666888246,0.06294637222296083
1906.5959060792575,0.06355319686930859
1924.9761454095947,0.06416587151365316
1943.5335765595341,0.06478445255198448
1962.269907719069,0.06540899692396897
1981.1868635457306,0.06603956211819102
2000.2861853233474,0.06667620617744492
2019.5696311223157,0.0673189877040772
2039.0389759614366,0.06796796586538122
2058.6960119712994,0.06862320039904332
2078.542548559254,0.06928475161864181
2098.5804125759537,0.06995268041919846
2118.81144848352,0.070627048282784
2139.237518525321,0.07130791728417736
2159.8605028973966,0.07199535009657988
2180.682299921517,0.0726894099973839
2201.704826219927,0.07339016087399756
2222.930016891766,0.07409766722972554
2244.359825691202,0.07481199418970673
2265.9962252072555,0.07553320750690852
2287.8412070453855,0.07626137356817952
2309.8967820108096,0.07699655940036032
2332.1649802936054,0.07773883267645351
2354.6478516555717,0.0784882617218524
2377.3474656189196,0.07924491552063066
2400.2659116567606,0.08000886372189202
2423.4052993854534,0.08078017664618178
2446.7677587587746,0.08155892529195916
2470.3554402639866,0.08234518134213288
2494.170515119796,0.08313901717065987
2518.215175476196,0.08394050584920654
2542.4916346162586,0.08474972115387529
2567.0021271598657,0.08556673757199552
2591.7489092694077,0.08639163030898027
2616.734258857448,0.08722447529524828
2641.960475796413,0.08806534919321378
2667.429882130285,0.08891432940434284
2693.144822288357,0.08977149407627856
2719.107663301017,0.0906369221100339
2745.320795017641,0.0915106931672547
2771.7866303265723,0.09239288767755242
2798.5076053772336,0.0932835868459078
2825.4861798043567,0.09418287266014523
2852.7248369544004,0.09509082789848002
2880.226084114133,0.09600753613713776
2907.9924527414355,0.09693308175804786
2936.0264986983066,0.09786754995661022
2964.3308024861326,0.09881102674953775
2992.9079694832176,0.09976359898277393
3021.7606301846163,0.1007253543394872
3050.8914404442503,0.10169638134814168
3080.3030817193844,0.10267676939064614
3109.9982613174625,0.10366660871058209
3139.979712645292,0.10466599042150974
3170.2501954606632,0.10567500651535544
3200.8124961263816,0.10669374987087939
3231.6694278667414,0.10772231426222473
3262.823831026496,0.10876079436754987
3294.278573332288,0.10980928577774295
3326.0365501566293,0.11086788500522099
3358.100684784428,0.11193668949281427
3390.473928682051,0.11301579762273505
3423.15926176902,0.114105308725634
3456.159692692299,0.1152053230897433
3489.4782591032535,0.11631594197010846
3523.118027937241,0.11743726759790805
3557.082095695932,0.1185694031898644
3591.3735887323337,0.11971245295774446
3625.99566353858,0.12086652211795268
3660.951507036463,0.12203171690121545
3696.244336870799,0.12320814456235997
3731.8774017056003,0.12439591339018669
3767.853981523129,0.12559513271743764
3804.1773879257894,0.12680591293085966
3840.850964440973,0.12802836548136576
3877.8780868288327,0.12926260289429442
3915.2621633929984,0.13050873877976663
3953.006635294321,0.13176688784314403
3991.114976867623,0.13303716589558745
4029.590695941506,0.13431968986471687
4068.4373341612536,0.13561457780537514
4107.658467314815,0.13692194891049386
4147.257705661966,0.13824192352206552
4187.238694266633,0.1395746231422211
4227.605113332404,0.14092017044441346
4268.360678541293,0.14227868928470977
4309.509141395764,0.14365030471319215
4351.054289564066,0.14503514298546885
4392.999947228853,0.14643333157429508
4435.349975439224,0.14784499918130747
4478.108272466108,0.14927027574887028
4521.278774161121,0.15070929247203738
4564.865454318824,0.1521621818106275
4608.872325042531,0.15362907750141772
4653.3034371136,0.15511011457045334
4698.162880364331,0.1566054293454777
4743.454784054395,0.15811515946847984
4789.183317250945,0.15963944390836485
4835.35268921239,0.16117842297374635
4881.967149775816,0.16273223832586056
4929.030989748209,0.16430103299160698
4976.548541301404,0.16588495137671347
5024.524178370855,0.1674841392790285
5072.9623170582745,0.1690987439019425
5121.867416038093,0.17072891386793645
5171.243976967896,0.1723747992322632
5221.09654490281,0.17403655149676034
5271.4297087138375,0.17571432362379458
5322.248101510278,0.17740827005034257
5373.556401066196,0.17911854670220653
5425.359330251001,0.18084531100836668
5477.661657464199,0.18258872191547335
5530.468197074291,0.1843489399024764
5583.783809861943,0.1861261269953981
5637.613403467432,0.18792044678224776
5691.961932842357,0.18973206442807858
5746.834400705756,0.19156114669019186
5802.235858004593,0.19340786193348644
5858.1714043787115,0.19527238014595705
5914.646188630217,0.19715487295434056
5971.665409197436,0.19905551363991456
6029.234314633444,0.20097447715444816
6087.3582040891515,0.20291194013630506
6146.042427801112,0.20486808092670375
6205.292387583994,0.20684307958613316
6265.113537327809,0.208837117910927
6325.511383499964,0.21085037944999882
6386.491485652077,0.2128830495217359
6448.059456931758,0.2149353152310586
6510.220964599307,0.21700736548664357
6572.981730549338,0.2190993910183113
6636.347531837501,0.2212115843945834
6700.324201212248,0.22334414004040828
6764.917627651722,0.2254972542550574
6830.133756905856,0.2276711252301952
6895.978592043638,0.22986595306812127
6962.458194005699,0.23208193980018998
7029.578682162241,0.23431928940540805
7097.346234876279,0.23657820782920932
7165.767090072369,0.2388589030024123
7234.847545810809,0.2411615848603603
7304.593960867349,0.24348646536224497
7375.0127553185475,0.24583375851061826
7446.110411132674,0.24820368037108917
7517.893472766427,0.2505964490922143
7590.368547767295,0.25301228492557654
7663.542307381799,0.25545141024606
7737.42148716957,0.25791404957231906
7812.0128876233375,0.2604004295874446
7887.323374794939,0.2629107791598313
7963.35988092729,0.265445329364243
8040.1294050925035,0.26800431350308346
8117.639013836179,0.27058796712787264
8195.895841827818,0.27319652806092726
8274.907092517593,0.2758302364172531
8354.680038799412,0.2784893346266471
8435.222023680366,0.2811740674560122
8516.540460956685,0.2838846820318895
8598.642835896115,0.2866214278632038
8681.536705926952,0.28938455686423176
8765.229701333723,0.29217432337779076
8849.729525959496,0.2949909841986499
8935.043957915033,0.2978347985971678
9021.18085029476,0.3007060283431587
9108.148131899623,0.3036049377299875
9195.953807966955,0.30653179359889854
9284.605960907302,0.3094868653635767
9374.11275104842,0.3124704250349474
9464.48241738646,0.31548274724621533
9555.723278344292,0.31852410927814306
9647.843732537252,0.32159479108457506
9740.852259546204,0.3246950753182068
9834.75742069811,0.3278252473566037
9929.567859854033,0.3309855953284678
10025.29230420483,0.334176410140161
10121.939565074503,0.3373979855024834
10219.518538731212,0.3406506179577071
10318.038207206211,0.3439346069068738
10417.507639120617,0.34725025463735393
10517.935990520167,0.3505978663506723
10619.33250571803,0.353977750190601
10721.706518145702,0.35739021727152337
10825.067451212231,0.36083558170707436
10929.424819171498,0.3643141606390499
11034.788227998082,0.36782627426660275
11141.167376271458,0.3713722458757153
11248.572056068731,0.3749524018689578
11357.012153866,0.3785670717955334
11466.497651448364,0.38221658838161215
11577.038626828824,0.3859012875609608
11688.645255175821,0.38962150850586075
11801.327809749939,0.3933775936583313
11915.096662849519,0.39716988876165066
12029.962286765422,0.4009987428921808
12145.935254744989,0.4048645084914997
12263.026241965272,0.40876754139884236
12381.24602651577,0.412708200883859
12500.605490390393,0.4166868496796798
12621.115620489232,0.4207038540163078
12742.787509629874,0.42475958365432914
12865.632357568467,0.42885441191894896
12989.661472030668,0.43298871573435566
13114.88626975248,0.43716287565841605
13241.318277531169,0.44137727591770565
13368.969133286257,0.4456323044428752
13497.85058713089,0.449928352904363
13627.974502453255,0.45426581674844185
13759.352857008704,0.45864509523362346
13891.997744022268,0.463066591467409
14025.921373301815,0.46753071244339384
14161.136072361958,0.47203786907873196
14297.654287558753,0.4765884762519585
14435.488585235493,0.4811829528411831
14574.651652879244,0.4858217217626415
14715.15630028884,0.49050521000962805
14857.01546075397,0.49523384869179904
15000.24219224568,0.5000080730748561
15144.84967861834,0.5048283226206114
15290.851230823177,0.5096950410274392
15438.260288133675,0.5146086762711225
15587.090419382323,0.5195696806460774
15737.355324210022,0.5245785108070008
15889.068834326803,0.5296356278108935
16042.244914785155,0.5347414971595051
16196.897665265471,0.5398965888421824
16353.041321373907,0.5451013773791302
16510.69025595275,0.5503563418650917
16669.85898040339,0.5556619660134464
16830.56214602221,0.5610187382007403
16992.81454534902,0.566427151511634
17156.631113528834,0.5718877037842945
17322.02692968658,0.5774008976562194
17489.017218315148,0.582967240610505
17657.617350676755,0.5885872450225585
17827.842846217824,0.5942614282072608
17999.709373997695,0.5999903124665898
18173.232754130702,0.6057744251376901
18348.428959242556,0.6116142986414186
18525.31411594056,0.617510470531352
18703.90450629806,0.6234634835432686
18884.216569353164,0.6294738856451055
19066.26690262193,0.6355422300873977
19250.07226362632,0.6416690754542107
19435.64957143629,0.647854985714543
19623.015908227717,0.6541005302742573
19812.188520854364,0.6604062840284789
20003.184822435618,0.6667728274145207
20196.02239395933,0.673200746465311
20390.718985900105,0.6796906328633369
20587.292519853218,0.6862430839951074
20785.761090184234,0.6928587030061412
20986.14296569475,0.6995380988564918
21188.45659130376,0.706281886376792
21392.720589745637,0.7130906863248546
21598.953763284328,0.719965125442811
21807.17509544405,0.7269058365148018
22017.40375275672,0.7339134584252239
22229.659086526153,0.7409886362175384
22443.960634609524,0.7481320211536509
22660.328123215517,0.7553442707738506
22878.781468720288,0.762626048957343
23099.340779500708,0.769978025983357
23322.026357785293,0.7774008785928431
23546.85870152303,0.7848952900507676
23773.858506270113,0.7924619502090038
24003.04666709521,0.8001015555698404
24234.44428050227,0.8078148093500758
24468.072646373148,0.8156024215457717
24703.953269927664,0.8234651089975888
24942.1078637034,0.8314035954567801
25182.558349554252,0.8394186116518084
25425.32686066832,0.8475108953556107
25670.435743605238,0.855681191453508
25917.90756035309,0.8639302520117697
26167.765090405446,0.8722588363468482
26420.03133285785,0.8806677110952617
26674.729508525073,0.8891576502841692
26931.88306207853,0.8977294354026176
27191.515664204308,0.906383855473477
27453.651213782043,0.9151217071260681
27718.313840084717,0.9239437946694906
27985.52790500002,0.9328509301666674
28255.318005272213,0.9418439335090737
28527.708974767014,0.9509236324922338
28802.725886756903,0.9600908628918968
29080.394056229383,0.9693464685409795
29360.73904221712,0.9786913014072374
29643.786650150585,0.9881262216716862
29929.562934233694,0.9976520978077899
30218.094199841413,1.0072698066613806
30509.40700594199,1.0169802335313998
30803.528167540997,1.0267842722513667
31100.48475814993,1.0366828252716644
31400.304112278238,1.046676803742608
31703.01382794943,1.0567671275983144
32008.641769241432,1.0669547256413812
32317.21606885139,1.0772405356283798
32628.765130685515,1.0876255043561838
32943.31763247322,1.0981105877491073
33260.90252840715,1.108696750946905
33581.54905180832,1.1193849683936106
33905.286717816976,1.1301762239272326
34232.14532610947,1.1410715108703158
34562.15496364121,1.1520718321213737
34895.34600741644,1.1631782002472146
35231.749127283685,1.1743916375761227
35571.39528875983,1.1857131762919944
35914.31575587968,1.1971438585293228
36260.542094074175,1.208684736469139
36610.10617307583,1.2203368724358612
36963.040169852255,1.2321013389950752
37319.37657156838,1.2439792190522792
37679.148178576026,1.2559716059525343
38042.38810743421,1.2680796035811406
38409.12979395665,1.2803043264652219
38779.406996289865,1.2926468998763287
39153.253798020494,1.3051084599340166
39530.704611312656,1.317690153710422
39911.794180075565,1.3303931393358523
40296.55758316156,1.3432185861053851
40685.0302375954,1.3561676745865132
41077.24790183389,1.3692415967277964
41473.246679057745,1.3824415559685914
41873.063020494694,1.3957687673498231
42276.73372877485,1.4092244576258286
42684.29596131833,1.4228098653772776
43095.787233755414,1.4365262411251807
43511.24542338033,1.450374847446011
43930.708772636804,1.4643569590878938
44354.21589263947,1.4784738630879823
44781.805766727004,1.4927268588909002
45213.51775405097,1.5071172584683656
45649.39159319864,1.521646386439955
46089.46740585093,1.536315580195031
46533.78570047554,1.5511261900158513
46982.38737605562,1.566079579201854
47435.31372585484,1.5811771241951613
47892.606441217824,1.5964202147072608
48354.30761540819,1.6118102538469394
48820.459747483044,1.627348658249435
49291.10574620504,1.6430368582068346
49766.28893399199,1.6588762977997333
50246.053050904644,1.6748684350301548
50730.442258673225,1.6910147419557742
51219.5011447619,1.7073167048253968
51713.27472647344,1.7237758242157815
52211.80845509283,1.7403936151697612
52715.14822007109,1.757171607335703
53223.340353249274,1.7741113451083093
53736.43163312321,1.7912143877707738
54254.46928914992,1.8084823096383307
54777.50100609385,1.8259167002031285
55305.574928417715,1.8435191642805906
55838.73966471295,1.8612913221570986
56377.044292174614,1.879234809739154
56920.53836111878,1.8973512787039593
57469.271899543586,1.915642396651453
58023.29541773425,1.9341098472578082
58582.65991291237,1.9527553304304126
59147.41687393064,1.9715805624643548
59717.61828601161,1.990587276200387
60293.31663553335,2.009777221184445
60874.56491486064,2.029152163828688
61461.41662722286,2.0487138875740953
62053.92579163889,2.0684641930546297
62652.14694788938,2.0884048982629793
63256.13516153758,2.1085378387179197
63865.94602899731,2.1288648676332436
64481.635682651,2.149387856088367
65103.26079601658,2.1701086932005524
65730.87858896411,2.191029286298804
66364.54683298289,2.2121515610994296
67004.32385649905,2.2334774618833015
67650.26855024532,2.2550089516748444
68302.4403726804,2.27674801242268
68960.89935546387,2.298696645182129
69625.70610898061,2.320856870299354
70296.92182792054,2.3432307275973514
70974.60829691142,2.365820276563714
71658.82789620604,2.3886275965402013
72349.64360742425,2.411654786914142
73047.11901935017,2.4349039673116724
73751.31833378614,2.4583772777928714
74462.30637146143,2.4820768790487144
75180.14857799956,2.5060049525999855
75904.91102994235,2.5301637009980786
76636.66044083217,2.554555348027739
77375.46416735285,2.579182138911762
78121.39021552962,2.6040463405176544
78874.50724698965,2.629150241566322
79634.88458528127,2.654496152842709
80402.5922222558,2.680086407408527
81177.70082451003,2.705923360817001
81960.28173989103,2.7320093913297008
82750.4070040636,2.7583469001354537
83548.14934714095,2.784938311571365
84353.5822003802,2.8117860733460067
85166.77970293985,2.8388926567646617
85987.81670870652,2.866260556956884
86816.76879318334,2.893892293106111
87653.71226044738,2.9217904086815794
88498.7241501733,2.9499574716724433
89351.88224472458,2.9783960748241527
90213.26507631346,3.0071088358771156
91082.95193422948,3.0360983978076495
91961.02287213871,3.0653674290712907
92847.55871545151,3.094918623848384
93742.64106876313,3.1247547022921047
94646.35232336515,3.1548784107788386
95558.77566482947,3.185292522160983
96479.99508066554,3.215999836022185
97410.09536805097,3.247003178935033
98349.16214163792,3.278305404721264
99297.2818414326,3.3099093947144205
100254.54174075277,3.3418180580250922
101221.02995426094,3.3740343318086983
102196.8354460752,3.40656118153584
103182.04803795836,3.439401601265279
104176.75841758559,3.4725586139195195
105181.0581468933,3.50603527156311
106195.03967050485,3.5398346556834954
107218.7963242431,3.57395987747477
108252.42234371937,3.6084140781239795
109296.01287300892,3.6432004291002973
110349.66397340849,3.6783221324469495
111413.47263227878,3.7137824210759596
112487.53677197192,3.749584559065731
113571.95525884493,3.785731841961498
114666.82791236114,3.822227597078705
115772.25551427712,3.8590751838092374
116888.3398179204,3.89627799393068
118015.18355755553,3.9338394519185176
119152.89045784068,3.9717630152613563
120301.56524337531,4.010052174779177
121461.31364833977,4.048710454944659
122632.24242622919,4.08774141420764
123814.45935967732,4.127148645322578
125008.07327038128,4.166935775679376
126213.19402911571,4.207106467637191
127429.93256584748,4.247664418861583
128658.4008799465,4.288613362664884
129898.71205049472,4.329957068349825
131150.98024669642,4.371699341556547
132415.32073838433,4.4138440246128114
133691.84990663375,4.456394996887792
134980.68525447257,4.499356175149086
136281.94541769839,4.54273151392328
137595.7501757987,4.586525005859957
138922.22046297637,4.630740682099213
140261.47837928153,4.675382612642718
141613.64720185043,4.720454906728348
142978.85139625406,4.765961713208469
144357.21662795352,4.811907220931784
145748.86977386827,4.858295659128943
147153.93893405495,4.905131297801832
148572.55344349868,4.952418448116623
150004.84388401828,5.00016146280061
151450.9420962858,5.048364736542861
152910.981191964,5.0970327063988
154385.09556595545,5.146169852198515
155873.42090877803,5.195780696959268
157376.09421905153,5.245869807301718
158893.25381610982,5.296441793870327
160425.03935273262,5.347501311757754
161971.59182800006,5.399053060933336
163533.05360027324,5.451101786675775
165109.56840029435,5.503652280009812
166701.28134442162,5.556709378147388
168308.33894798352,5.610277964932784
169930.88913876694,5.664362971292231
171569.0812706334,5.718969375687781
173223.06613726664,5.774102204575555
174892.99598605468,5.82976653286849
176579.02453210013,5.885967484403338
178281.30697237494,5.942710232412498
180000.0,6.0
