loss,N_B,D_B,Q_A,log10_N_B,top20_start
3.1691056633046766,0.2715510155067367,4.607300366792326,0.6745568532688682,-0.5661485687573877,True
3.1692100885668615,0.2715510155067367,4.5065539033557025,0.6881169427159987,-0.5661485687573877,True
3.169319422507649,0.2715510155067367,4.704248867371321,0.6609967638217378,-0.5661485687573877,True
3.1696493652451707,0.2715510155067367,4.402134543284851,0.7016770321631292,-0.5661485687573877,True
3.16983502006318,0.2715510155067367,4.797307724663596,0.6474366743746072,-0.5661485687573877,True
3.1704404239098407,0.2715510155067367,4.294201770053554,0.7152371216102597,-0.5661485687573877,True
3.170636482327366,0.2715510155067367,4.886417127201957,0.6338765849274768,-0.5661485687573877,True
3.17160039649547,0.2715510155067367,4.18294995005473,0.7287972110573901,-0.5661485687573877,True
3.171708253781461,0.2715510155067367,4.971547216869428,0.6203164954803463,-0.5661485687573877,True
3.1717238095375677,0.20738182818838266,6.07194038894862,0.6474366743746072,-0.6832293012896284,True
3.1717568342615485,0.20738182818838266,6.215400794801919,0.6338765849274768,-0.6832293012896284,True
3.1720115306446965,0.20738182818838266,5.923625436246921,0.6609967638217378,-0.6832293012896284,True
3.1720951209178563,0.20738182818838266,6.353790249356694,0.6203164954803463,-0.6832293012896284,True
3.1726356723179916,0.20738182818838266,5.77072036122626,0.6745568532688682,-0.6832293012896284,True
3.1727234326326568,0.20738182818838266,6.486939671353223,0.6067564060332158,-0.6832293012896284,True
3.1730352364920065,0.2715510155067367,5.052695863018785,0.6067564060332158,-0.5661485687573877,True
3.173146549728861,0.2715510155067367,4.0686081628659965,0.7423573005045206,-0.5661485687573877,True
3.173612040052086,0.20738182818838266,5.613537436232113,0.6881169427159987,-0.6832293012896284,True
3.1736268311862927,0.20738182818838266,6.614725833751405,0.5931963165860853,-0.6832293012896284,True
3.174532962713599,0.3555757737643033,3.4462519205309863,0.7152371216102597,-0.449067836225147,True
3.174587246327256,0.3555757737643033,3.5154242405035845,0.7016770321631292,-0.449067836225147,False
3.17460282330378,0.2715510155067367,5.129886213014601,0.5931963165860853,-0.5661485687573877,False
3.1747907235696244,0.20738182818838266,6.737069234179664,0.5796362271389548,-0.6832293012896284,False
3.1748114977554938,0.3555757737643033,3.37423015991453,0.7287972110573901,-0.449067836225147,False
3.174956506958869,0.20738182818838266,5.452435663815686,0.7016770321631292,-0.6832293012896284,False
3.1749568672430537,0.3555757737643033,3.581697727210246,0.6881169427159987,-0.449067836225147,False
3.1750962151128377,0.2715510155067367,3.9514393419653797,0.7559173899516511,-0.5661485687573877,False
3.1754407224963943,0.3555757737643033,3.2994320988835324,0.7423573005045206,-0.449067836225147,False
3.175624785686112,0.3555757737643033,3.645045388386747,0.6745568532688682,-0.449067836225147,False
3.1762009031117953,0.20738182818838266,6.85393142440986,0.5660761376918243,-0.6832293012896284,False
3.1763969248308332,0.2715510155067367,5.203164101005935,0.5796362271389548,-0.5661485687573877,False
3.176438839201178,0.3555757737643033,3.2219556638560873,0.7559173899516511,-0.449067836225147,False
3.176574448521484,0.3555757737643033,3.705461041293271,0.6609967638217378,-0.449067836225147,False
3.1766849485180773,0.20738182818838266,5.287818664571649,0.7152371216102597,-0.6832293012896284,False
3.177466716472937,0.2715510155067367,3.831738691631153,0.7694774793987816,-0.5661485687573877,False
3.1777898274005305,0.3555757737643033,3.7629575426423414,0.6474366743746072,-0.449067836225147,False
3.177824316720026,0.3555757737643033,3.141924234381665,0.7694774793987816,-0.449067836225147,False
3.1778435849752005,0.20738182818838266,6.965311920727931,0.5525160482446938,-0.6832293012896284,False
3.178403990428672,0.2715510155067367,5.272595389519872,0.5660761376918243,-0.5661485687573877,False
3.178813176292382,0.20738182818838266,5.120131553500996,0.7287972110573901,-0.6832293012896284,False
3.179255450050217,0.3555757737643033,3.8175649005191916,0.6338765849274768,-0.449067836225147,False
3.179615820260891,0.3555757737643033,3.05948688080451,0.7830375688459121,-0.449067836225147,False
3.179705435953583,0.20738182818838266,7.071244814250453,0.5389559587975633,-0.6832293012896284,False
3.1802752961754286,0.2715510155067367,3.7098313694302356,0.7830375688459121,-0.5661485687573877,False
3.180611023428406,0.2715510155067367,5.338263309641382,0.5525160482446938,-0.5661485687573877,False
3.1809564248916318,0.3555757737643033,3.869328324565795,0.6203164954803463,-0.449067836225147,False
3.1813568717602636,0.20738182818838266,4.949856824230314,0.7423573005045206,-0.6832293012896284,False
3.18183213629617,0.3555757737643033,2.9748181237618727,0.7965976582930426,-0.449067836225147,False
3.1821484330615113,0.15837621738405513,8.282397260292214,0.6067564060332158,-0.8003100338218692,False
3.1822726113636546,0.15837621738405513,8.491852198769768,0.5931963165860853,-0.8003100338218692,False
3.182332775406996,0.15837621738405513,8.066567473918868,0.6203164954803463,-0.8003100338218692,False
3.1826910191409947,0.15837621738405513,8.694549133467339,0.5796362271389548,-0.8003100338218692,False
3.182840040429053,0.15837621738405513,7.844813019506942,0.6338765849274768,-0.8003100338218692,False
3.182878459282208,0.3555757737643033,3.9183062644339586,0.6067564060332158,-0.449067836225147,False
3.183005590991109,0.2715510155067367,5.400265855792756,0.5389559587975633,-0.5661485687573877,False
3.183389530988441,0.15837621738405513,8.890172399441017,0.5660761376918243,-0.8003100338218692,False
3.1835390411822773,0.2715510155067367,3.5860694501774137,0.7965976582930426,-0.5661485687573877,False
3.1836846835150943,0.15837621738405513,7.617649291203545,0.6474366743746072,-0.8003100338218692,False
3.1843315214627075,0.20738182818838266,4.777509298874559,0.7559173899516511,-0.6832293012896284,False
3.184354238809673,0.15837621738405513,9.078473047928371,0.5525160482446938,-0.8003100338218692,False
3.184492093449515,0.3555757737643033,2.8881171788034132,0.8101577477401731,-0.449067836225147,False
3.1848811542322,0.15837621738405513,7.385653683363683,0.6609967638217378,-0.8003100338218692,False
3.1850078717630246,0.3555757737643033,3.9645684794522222,0.5931963165860853,-0.449067836225147,False
3.1855714993450963,0.15837621738405513,9.25926696172324,0.5389559587975633,-0.8003100338218692,False
3.1864438364772747,0.15837621738405513,7.149460956851522,0.6745568532688682,-0.8003100338218692,False
3.1872748101075103,0.2715510155067367,3.4608282152278225,0.8101577477401731,-0.5661485687573877,False
3.187331598758254,0.3555757737643033,4.008194175051074,0.5796362271389548,-0.449067836225147,False
3.1876144802794815,0.3555757737643033,2.799606664754852,0.8237178371873035,-0.449067836225147,False
3.18775235465653,0.20738182818838266,4.603630239868366,0.7694774793987816,-0.6832293012896284,False
3.18808959290793,0.46559991923486804,2.6447321318436514,0.7423573005045206,-0.3319871036929063,False
3.1882237873797283,0.46559991923486804,2.5947191303288255,0.7559173899516511,-0.3319871036929063,False
3.1882857620838316,0.46559991923486804,2.692575979695072,0.7287972110573901,-0.3319871036929063,False
3.1883869890413323,0.15837621738405513,6.909757222158991,0.6881169427159987,-0.8003100338218692,False
3.188707001562758,0.46559991923486804,2.5425627622033957,0.7694774793987816,-0.3319871036929063,False
3.1887941461441147,0.46559991923486804,2.7382407851379273,0.7152371216102597,-0.3319871036929063,False
3.1895583460305814,0.46559991923486804,2.4883058369506355,0.7830375688459121,-0.3319871036929063,False
3.1895971486497228,0.46559991923486804,2.7817312837736416,0.7016770321631292,-0.3319871036929063,False
3.189837196219391,0.3555757737643033,4.04927023413369,0.5660761376918243,-0.449067836225147,False
3.190677762820907,0.46559991923486804,2.8230654582468304,0.6881169427159987,-0.3319871036929063,False
3.1907246877147,0.15837621738405513,6.6672726300309515,0.7016770321631292,-0.8003100338218692,False
3.19079732536895,0.46559991923486804,2.4320091125357943,0.7965976582930426,-0.3319871036929063,False
3.191217960869727,0.3555757737643033,2.7095307724292734,0.8372779266344341,-0.449067836225147,False
3.1914991623632605,0.2715510155067367,3.3345018388947287,0.8237178371873035,-0.5661485687573877,False
3.1916342846120385,0.20738182818838266,4.428780756391609,0.7830375688459121,-0.6832293012896284,False
3.192019601387658,0.46559991923486804,2.862273100845711,0.6745568532688682,-0.3319871036929063,False
3.192443770161805,0.46559991923486804,2.3737519753125267,0.8101577477401731,-0.3319871036929063,False
3.192512836733977,0.3555757737643033,4.087889564566983,0.5525160482446938,-0.449067836225147,False
3.193470770062882,0.15837621738405513,6.4227729141007766,0.7152371216102597,-0.8003100338218692,False
3.193606919272109,0.46559991923486804,2.8993943548922814,0.6609967638217378,-0.3319871036929063,False
3.1945177617661376,0.46559991923486804,2.3136328280958245,0.8237178371873035,-0.3319871036929063,False
3.1953209890085184,0.3555757737643033,2.618152910131605,0.8508380160815645,-0.449067836225147,False
3.195347302629388,0.3555757737643033,4.124149577521352,0.5389559587975633,-0.449067836225147,False
3.195424629512801,0.46559991923486804,2.934478268727661,0.6474366743746072,-0.3319871036929063,False
3.1959918545804453,0.20738182818838266,4.25353466974685,0.7965976582930426,-0.6832293012896284,False
3.196228290309983,0.2715510155067367,3.2074985699743017,0.8372779266344341,-0.5661485687573877,False
3.196638783964008,0.15837621738405513,6.177049980134627,0.7287972110573901,-0.8003100338218692,False
3.1970395502484545,0.46559991923486804,2.2517691455592774,0.8372779266344341,-0.3319871036929063,False
3.197458312913511,0.46559991923486804,2.9675813906517154,0.6338765849274768,-0.3319871036929063,False
3.1996942219515714,0.46559991923486804,2.9987664276684796,0.6203164954803463,-0.3319871036929063,False
3.19994172142473,0.3555757737643033,2.5257528630960713,0.8643981055286951,-0.449067836225147,False
3.2000294658353723,0.46559991923486804,2.188297163523101,0.8508380160815645,-0.3319871036929063,False
3.200203451241187,0.12095093601979644,11.499181654530947,0.5660761376918243,-0.9173907663541099,False
3.2002419409168175,0.15837621738405513,5.930911779608345,0.7423573005045206,-0.8003100338218692,False
3.2003489400576184,0.12095093601979644,11.173990671128161,0.5796362271389548,-0.9173907663541099,False
3.200356288131392,0.12095093601979644,11.81619189689574,0.5525160482446938,-0.9173907663541099,False
3.200794420811326,0.12095093601979644,12.12431854935675,0.5389559587975633,-0.9173907663541099,False
3.2008058051616386,0.12095093601979644,10.84141389602264,0.5931963165860853,-0.9173907663541099,False
3.200839189281706,0.20738182818838266,4.078471027070551,0.8101577477401731,-0.6832293012896284,False
3.2014779550195245,0.2715510155067367,3.0802355291205465,0.8508380160815645,-0.5661485687573877,False
3.2015870641907966,0.12095093601979644,10.5023326159311,0.6067564060332158,-0.9173907663541099,False
3.2021192795134255,0.46559991923486804,3.02810098556555,0.6067564060332158,-0.3319871036929063,False
3.202705648190219,0.12095093601979644,10.157706656684072,0.6203164954803463,-0.9173907663541099,False
3.2035078240518584,0.46559991923486804,2.123371178603916,0.8643981055286951,-0.3319871036929063,False
3.204174348935186,0.12095093601979644,9.808564644744898,0.6338765849274768,-0.9173907663541099,False
3.2042930750035747,0.15837621738405513,5.685171738570767,0.7559173899516511,-0.8003100338218692,False
3.2047210730402633,0.46559991923486804,3.0556564029018802,0.5931963165860853,-0.3319871036929063,False
3.2050979299203006,0.3555757737643033,2.4326235243684655,0.8779581949758255,-0.449067836225147,False
3.206005768260674,0.12095093601979644,9.45599250221675,0.6474366743746072,-0.9173907663541099,False
3.2061899525188458,0.20738182818838266,3.9041664693309928,0.8237178371873035,-0.6832293012896284,False
3.2072634257622448,0.2715510155067367,2.9531332606083156,0.8643981055286951,-0.5661485687573877,False
3.2074878446663937,0.46559991923486804,3.0815066870215246,0.5796362271389548,-0.3319871036929063,False
3.207494824255471,0.46559991923486804,2.0571624468402647,0.8779581949758255,-0.3319871036929063,False
3.2082122704199523,0.12095093601979644,9.10112042458981,0.6609967638217378,-0.9173907663541099,False
3.208804608227437,0.15837621738405513,5.440638033752024,0.7694774793987816,-0.8003100338218692,False
3.2100155293767907,0.609668320472284,2.0343931121547545,0.7694774793987816,-0.21490637116066558,False
3.2100164610877844,0.609668320472284,1.9995081865186284,0.7830375688459121,-0.21490637116066558,False
3.210342079687894,0.609668320472284,2.067648101249278,0.7559173899516511,-0.21490637116066558,False
3.2103641777789376,0.609668320472284,1.9629944375190205,0.7965976582930426,-0.21490637116066558,False
3.21040847791993,0.46559991923486804,3.105727556326645,0.5660761376918243,-0.3319871036929063,False
3.2108059384440293,0.12095093601979644,8.745108658074862,0.6745568532688682,-0.9173907663541099,False
3.210806911060644,0.3555757737643033,2.339067273441756,0.8915182844229561,-0.449067836225147,False
3.2109774241274596,0.609668320472284,2.099282411378265,0.7423573005045206,-0.21490637116066558,False
3.2110785513254787,0.609668320472284,1.9248643501397449,0.8101577477401731,-0.21490637116066558,False
3.2119035272869763,0.609668320472284,2.129314611072692,0.7287972110573901,-0.21490637116066558,False
3.2120104402772385,0.46559991923486804,1.9898576838324484,0.8915182844229561,-0.3319871036929063,False
3.2120573111976785,0.20738182818838266,3.7311876665006274,0.8372779266344341,-0.6832293012896284,False
3.2121799672786273,0.609668320472284,1.8851426899293693,0.8237178371873035,-0.21490637116066558,False
3.2131030353678165,0.609668320472284,2.1577714918792763,0.7152371216102597,-0.21490637116066558,False
3.2134724815319946,0.46559991923486804,3.128395589763274,0.5525160482446938,-0.3319871036929063,False
3.213599422527374,0.2715510155067367,2.826610188606757,0.8779581949758255,-0.5661485687573877,False
3.21368926020109,0.609668320472284,1.843867283948802,0.8372779266344341,-0.21490637116066558,False
3.2137885227418304,0.15837621738405513,5.198103015151923,0.7830375688459121,-0.8003100338218692,False
3.213798535386912,0.12095093601979644,8.389132448505773,0.6881169427159987,-0.9173907663541099,False
3.214559297508422,0.609668320472284,2.184686979288255,0.7016770321631292,-0.21490637116066558,False
3.2156276392253753,0.609668320472284,1.8010896376746943,0.8508380160815645,-0.21490637116066558,False
3.2162563798727333,0.609668320472284,2.210101065548412,0.6881169427159987,-0.21490637116066558,False
3.2166699708693827,0.46559991923486804,3.1495874817949483,0.5389559587975633,-0.3319871036929063,False
3.217074299832394,0.46559991923486804,1.921657183997007,0.9050783738700865,-0.3319871036929063,False
3.217085389846183,0.3555757737643033,2.2453920949482105,0.9050783738700865,-0.449067836225147,False
3.217201471220597,0.12095093601979644,8.034366572658694,0.7016770321631292,-0.9173907663541099,False
3.218016603327708,0.609668320472284,1.7568753524458562,0.8643981055286951,-0.21490637116066558,False
3.218179073105939,0.609668320472284,2.2340587832629075,0.6745568532688682,-0.21490637116066558,False
3.2184539055955583,0.20738182818838266,3.560084029588752,0.8508380160815645,-0.6832293012896284,False
3.2192563402538874,0.15837621738405513,4.958333067365262,0.7965976582930426,-0.8003100338218692,False
3.2203128937950467,0.609668320472284,2.256609234595891,0.6609967638217378,-0.21490637116066558,False
3.2205000595496536,0.2715510155067367,2.7010771326318186,0.8915182844229561,-0.5661485687573877,False
3.2208778454037,0.609668320472284,1.711304310612906,0.8779581949758255,-0.21490637116066558,False
3.2210257759927896,0.12095093601979644,7.681969882670486,0.7152371216102597,-0.9173907663541099,False
3.2226440805871004,0.609668320472284,2.277804687077826,0.6474366743746072,-0.21490637116066558,False
3.2227055450824955,0.46559991923486804,1.8527725919352942,0.918638463317217,-0.3319871036929063,False
3.2239494093154417,0.3555757737643033,2.151907541812905,0.918638463317217,-0.449067836225147,False
3.224233143326988,0.609668320472284,1.664470600013022,0.8915182844229561,-0.21490637116066558,False
3.2251595856180573,0.609668320472284,2.2976997434907145,0.6338765849274768,-0.21490637116066558,False
3.225219108616881,0.15837621738405513,4.722059181172944,0.8101577477401731,-0.8003100338218692,False
3.2252820796852326,0.12095093601979644,7.3330702936143135,0.7287972110573901,-0.9173907663541099,False
3.225391825127753,0.20738182818838266,3.3913808961130507,0.8643981055286951,-0.6832293012896284,False
3.2256332253462396,0.09236948050470176,15.875889624303285,0.5389559587975633,-1.0344714988863506,False
3.226135538768863,0.09236948050470176,15.35169939609742,0.5525160482446938,-1.0344714988863506,False
3.226950922416719,0.09236948050470176,14.820865262435825,0.5660761376918243,-1.0344714988863506,False
3.227847061892221,0.609668320472284,2.3163505902157975,0.6203164954803463,-0.21490637116066558,False
3.227978785445873,0.2715510155067367,2.5769320340261417,0.9050783738700865,-0.5661485687573877,False
3.2280905746543427,0.09236948050470176,14.28504583784915,0.5796362271389548,-1.0344714988863506,False
3.2281042342508033,0.609668320472284,1.616482155765835,0.9050783738700865,-0.21490637116066558,False
3.2289226572105654,0.46559991923486804,1.7834243737506568,0.9321985527643475,-0.3319871036929063,False
3.2295654786361325,0.09236948050470176,13.745964204774388,0.5931963165860853,-1.0344714988863506,False
3.2299805990180066,0.12095093601979644,6.988750623251408,0.7423573005045206,-0.9173907663541099,False
3.2306948472278947,0.609668320472284,2.333814325773265,0.6067564060332158,-0.21490637116066558,False
3.2313863642498055,0.09236948050470176,13.205386122122105,0.6067564060332158,-1.0344714988863506,False
3.2314141883298215,0.3555757737643033,2.0589206546312946,0.9321985527643475,-0.449067836225147,False
3.231687395326021,0.15837621738405513,4.489968473933826,0.8237178371873035,-0.8003100338218692,False
3.232512664287054,0.609668320472284,1.5674601055625366,0.918638463317217,-0.21490637116066558,False
3.232882587997901,0.20738182818838266,3.2255733635170483,0.8779581949758255,-0.6832293012896284,False
3.2335636745526517,0.09236948050470176,12.66509705537668,0.6203164954803463,-1.0344714988863506,False
3.233691945351914,0.609668320472284,2.350148369084296,0.5931963165860853,-0.21490637116066558,False
3.2351311312423996,0.12095093601979644,6.650035653039825,0.7559173899516511,-0.9173907663541099,False
3.2357432044852414,0.46559991923486804,1.7138390494860394,0.945758642211478,-0.3319871036929063,False
3.2360483109955247,0.2715510155067367,2.454555035331737,0.918638463317217,-0.5661485687573877,False
3.2361075373766113,0.09236948050470176,12.126878657639427,0.6338765849274768,-1.0344714988863506,False
3.2368280046862066,0.609668320472284,2.365409945226195,0.5796362271389548,-0.21490637116066558,False
3.23747959635843,0.609668320472284,1.517537814340335,0.9321985527643475,-0.21490637116066558,False
3.2386712872881267,0.15837621738405513,4.262696854366327,0.8372779266344341,-0.8003100338218692,False
3.2390277426445833,0.09236948050470176,11.592485357130153,0.6474366743746072,-1.0344714988863506,False
3.2394939062453014,0.3555757737643033,1.966731951119704,0.945758642211478,-0.449067836225147,False
3.2400932953256345,0.609668320472284,2.3796556451012076,0.5660761376918243,-0.21490637116066558,False
3.2403561730988857,0.798315132009284,1.5428309252298547,0.8101577477401731,-0.09782563862842485,False
3.240481180580362,0.798315132009284,1.5672315019059124,0.7965976582930426,-0.09782563862842485,False
3.2405751341519893,0.798315132009284,1.51720696812358,0.8237178371873035,-0.09782563862842485,False
3.2407430547585427,0.12095093601979644,6.317880723475265,0.7694774793987816,-0.9173907663541099,False
3.2409303366554347,0.798315132009284,1.5904192702015028,0.7830375688459121,-0.09782563862842485,False
3.2409371217635785,0.20738182818838266,3.0631209155590784,0.8915182844229561,-0.6832293012896284,False
3.241158555143204,0.798315132009284,1.4903564635886737,0.8372779266344341,-0.09782563862842485,False
3.2416845325155954,0.798315132009284,1.6124113967811533,0.7694774793987816,-0.09782563862842485,False
3.242127548563578,0.798315132009284,1.4622844277709564,0.8508380160815645,-0.09782563862842485,False
3.2423337257874527,0.09236948050470176,11.063621701586719,0.6609967638217378,-1.0344714988863506,False
3.242725400430851,0.798315132009284,1.633230821857678,0.7559173899516511,-0.09782563862842485,False
3.24302553583078,0.609668320472284,1.466859635093185,0.945758642211478,-0.21490637116066558,False
3.2431834068129684,0.46559991923486804,1.644246258808028,0.9593187316586085,-0.3319871036929063,False
3.2434786846599697,0.609668320472284,2.392941054457879,0.5525160482446938,-0.21490637116066558,False
3.243503785714114,0.798315132009284,1.4330047815094653,0.8643981055286951,-0.09782563862842485,False
3.244035334852775,0.798315132009284,1.652905446330935,0.7423573005045206,-0.09782563862842485,False
3.2447205058428765,0.2715510155067367,2.3343040379913,0.9321985527643475,-0.5661485687573877,False
3.2453094208775344,0.798315132009284,1.4025409892652785,0.8779581949758255,-0.09782563862842485,False
3.2455975055099655,0.798315132009284,1.6714673428945659,0.7287972110573901,-0.09782563862842485,False
3.246034557485724,0.09236948050470176,10.541921074111738,0.6745568532688682,-1.0344714988863506,False
3.246180395823407,0.15837621738405513,4.040822977328489,0.8508380160815645,-0.8003100338218692,False
3.246825336189406,0.12095093601979644,5.993162108632167,0.7830375688459121,-0.9173907663541099,False
3.2469756120454956,0.609668320472284,2.4053204470438696,0.5389559587975633,-0.21490637116066558,False
3.2473958633083653,0.798315132009284,1.6889520037763397,0.7152371216102597,-0.09782563862842485,False
3.247566999366618,0.798315132009284,1.370926588314888,0.8915182844229561,-0.09782563862842485,False
3.2482013065707487,0.3555757737643033,1.875631596151404,0.9593187316586085,-0.449067836225147,False
3.249169867260077,0.609668320472284,1.4155793840304138,0.9593187316586085,-0.21490637116066558,False
3.2494151398317483,0.798315132009284,1.7053976347920339,0.7016770321631292,-0.09782563862842485,False
3.2495657395004707,0.20738182818838266,2.904442951823089,0.9050783738700865,-0.6832293012896284,False
3.2501389397886804,0.09236948050470176,10.028926330891535,0.6881169427159987,-1.0344714988863506,False
3.250299344964896,0.798315132009284,1.3382055811081386,0.9050783738700865,-0.09782563862842485,False
3.2512571745034076,0.46559991923486804,1.574875739878102,0.972878821105739,-0.3319871036929063,False
3.2516408412178004,0.798315132009284,1.7208445026206503,0.6881169427159987,-0.09782563862842485,False
3.2533865433426996,0.12095093601979644,5.6766693388941345,0.7965976582930426,-0.9173907663541099,False
3.253529418193534,0.798315132009284,1.3044326649483524,0.918638463317217,-0.09782563862842485,False
3.2540062218393278,0.2715510155067367,2.216510842093002,0.945758642211478,-0.5661485687573877,False
3.254059237159036,0.798315132009284,1.7353343397198806,0.6745568532688682,-0.09782563862842485,False
3.2542238653228255,0.15837621738405513,3.824863580434295,0.8643981055286951,-0.8003100338218692,False
3.254655208494837,0.09236948050470176,9.526072823388674,0.7016770321631292,-1.0344714988863506,False
3.2559298605142355,0.609668320472284,1.3638585697198726,0.972878821105739,-0.21490637116066558,False
3.2566573457442347,0.798315132009284,1.7489098091359643,0.6609967638217378,-0.09782563862842485,False
3.2572801275784857,0.798315132009284,1.2696732757886482,0.9321985527643475,-0.09782563862842485,False
3.2575467763485677,0.3555757737643033,1.7858958543733017,0.972878821105739,-0.449067836225147,False
3.2587781017401523,0.20738182818838266,2.7499152925164716,0.918638463317217,-0.6832293012896284,False
3.2594229148156604,0.798315132009284,1.7616140296379705,0.6474366743746072,-0.09782563862842485,False
3.259591341516824,0.09236948050470176,9.034674162121597,0.7152371216102597,-1.0344714988863506,False
3.2599730654730656,0.46559991923486804,1.5059543054732514,0.9864389105528695,-0.3319871036929063,False
3.2604182471889884,0.070542,20.78829175734852,0.5389559587975633,-1.1515522314185913,False
3.260434863295762,0.12095093601979644,5.36909956208709,0.8101577477401731,-0.9173907663541099,False
3.2615740530195176,0.798315132009284,1.2340034270159768,0.945758642211478,-0.09782563862842485,False
3.2620537027963548,0.070542,19.89860754881791,0.5525160482446938,-1.1515522314185913,False
3.2623444004713194,0.798315132009284,1.7734901601202484,0.6338765849274768,-0.09782563862842485,False
3.262810383215409,0.15837621738405513,3.615270240066038,0.8779581949758255,-0.8003100338218692,False
3.263317591213843,0.609668320472284,1.3118644165495268,0.9864389105528695,-0.21490637116066558,False
3.263914934168885,0.2715510155067367,2.1014779463429347,0.9593187316586085,-0.5661485687573877,False
3.2640177080909467,0.070542,19.015799856722804,0.5660761376918243,-1.1515522314185913,False
3.264954972807398,0.09236948050470176,8.555910962955622,0.7287972110573901,-1.0344714988863506,False
3.2654109432914136,0.798315132009284,1.784581041051007,0.6203164954803463,-0.09782563862842485,False
3.266318412765884,0.070542,18.142669585651866,0.5796362271389548,-1.1515522314185913,False
3.266432974239807,0.798315132009284,1.1975093295823642,0.9593187316586085,-0.09782563862842485,False
3.2675353444466273,0.3555757737643033,1.6977839143078672,0.9864389105528695,-0.449067836225147,False
3.267978124638426,0.12095093601979644,5.071053956169387,0.8237178371873035,-0.9173907663541099,False
3.2685831446946487,0.20738182818838266,2.599867691972504,0.9321985527643475,-0.6832293012896284,False
3.268612342815626,0.798315132009284,1.7949288898724622,0.6067564060332158,-0.09782563862842485,False
3.268963650605585,0.070542,17.281893478583225,0.5931963165860853,-1.1515522314185913,False
3.2693050257912897,0.46559991923486804,1.4377029005492703,0.999999,-0.3319871036929063,False
3.270753411295121,0.09236948050470176,8.090822697190125,0.7423573005045206,-1.0344714988863506,False
3.2713106412723794,0.609668320472284,1.2597677321204062,0.999999,-0.21490637116066558,False
3.271876862400515,0.798315132009284,1.1602867866033202,0.972878821105739,-0.09782563862842485,False
3.2719390307443983,0.798315132009284,1.8045750466453507,0.5931963165860853,-0.09782563862842485,False
3.271948187663512,0.15837621738405513,3.412427532606831,0.8915182844229561,-0.8003100338218692,False
3.2719609374909138,0.070542,16.43599277510748,0.6067564060332158,-1.1515522314185913,False
3.274453856105414,0.2715510155067367,1.989476058775225,0.972878821105739,-0.5661485687573877,False
3.275317474875102,0.070542,15.60730594273632,0.6203164954803463,-1.1515522314185913,False
3.2753820432842904,0.798315132009284,1.8135597658416724,0.5796362271389548,-0.09782563862842485,False
3.2760238226884955,0.12095093601979644,4.783036135382212,0.8372779266344341,-0.9173907663541099,False
3.27699366417071,0.09236948050470176,7.640302650565497,0.7559173899516511,-1.0344714988863506,False
3.27792077985065,0.798315132009284,1.1224403633264537,0.9864389105528695,-0.09782563862842485,False
3.2781374626288318,0.3555757737643033,1.6115351560967321,0.999999,-0.449067836225147,False
3.2789329930058893,0.798315132009284,1.821922049987662,0.5660761376918243,-0.09782563862842485,False
3.2789889318450935,0.20738182818838266,2.454582356977987,0.945758642211478,-0.6832293012896284,False
3.279040158482415,0.070542,14.79796603652346,0.6338765849274768,-1.1515522314185913,False
3.2794513330519153,1.0453340424532898,1.1912880370223426,0.8372779266344341,0.019255093903815843,False
3.2795455224826817,1.0453340424532898,1.173283921185581,0.8508380160815645,0.019255093903815843,False
3.2796976733290872,1.0453340424532898,1.2083818297468165,0.8237178371873035,0.019255093903815843,False
3.28000120441243,1.0453340424532898,1.1543591601837315,0.8643981055286951,0.019255093903815843,False
3.280264337352074,1.0453340424532898,1.2245803183956665,0.8101577477401731,0.019255093903815843,False
3.280840049570915,1.0453340424532898,1.1345087463602643,0.8779581949758255,0.019255093903815843,False
3.2811319112991515,1.0453340424532898,1.2399026002988158,0.7965976582930426,0.019255093903815843,False
3.2816450671939448,0.15837621738405513,3.2166525401205837,0.9050783738700865,-0.8003100338218692,False
3.2820843709519507,1.0453340424532898,1.113733587156753,0.8915182844229561,0.019255093903815843,False
3.2822817974171645,1.0453340424532898,1.2543712442858954,0.7830375688459121,0.019255093903815843,False
3.2825840405334623,0.798315132009284,1.829699520809102,0.5525160482446938,-0.09782563862842485,False
3.283135591862788,0.070542,14.009883047932709,0.6474366743746072,-1.1515522314185913,False
3.283682463778276,0.09236948050470176,7.205095889704858,0.7694774793987816,-1.0344714988863506,False
3.2836962282198847,1.0453340424532898,1.268011706622533,0.7694774793987816,0.019255093903815843,False
3.2837570361625703,1.0453340424532898,1.0920410716402325,0.9050783738700865,0.019255093903815843,False
3.2845455540341812,0.798315132009284,1.0840823418225403,0.999999,-0.09782563862842485,False
3.284579146220777,0.12095093601979644,4.505452429621092,0.8508380160815645,-0.9173907663541099,False
3.285358272301901,1.0453340424532898,1.2808517781981072,0.7559173899516511,0.019255093903815843,False
3.2856249698082824,0.2715510155067367,1.8807423405947308,0.9864389105528695,-0.5661485687573877,False
3.285881348464747,1.0453340424532898,1.0694455837451617,0.918638463317217,0.019255093903815843,False
3.2863278663392297,0.798315132009284,1.8369283236006924,0.5389559587975633,-0.09782563862842485,False
3.287251832924304,1.0453340424532898,1.2929210692977466,0.7423573005045206,0.019255093903815843,False
3.2876101043354833,0.070542,13.244731406148805,0.6609967638217378,-1.1515522314185913,False
3.288480877884464,1.0453340424532898,1.045968942026262,0.9321985527643475,0.019255093903815843,False
3.289361640400339,1.0453340424532898,1.304250536290558,0.7287972110573901,0.019255093903815843,False
3.2900023195377184,0.20738182818838266,2.3142934321147792,0.9593187316586085,-0.6832293012896284,False
3.2908262972972215,0.09236948050470176,6.785800042278194,0.7830375688459121,-1.0344714988863506,False
3.291579200685144,1.0453340424532898,1.021640745348786,0.945758642211478,0.019255093903815843,False
3.29167323921196,1.0453340424532898,1.3148720527956614,0.7152371216102597,0.019255093903815843,False
3.291908342111665,0.15837621738405513,3.0281956002334627,0.918638463317217,-0.8003100338218692,False
3.2924697727758,0.070542,12.503942605096938,0.6745568532688682,-1.1515522314185913,False
3.293651003861326,0.12095093601979644,4.238613866093203,0.8643981055286951,-0.9173907663541099,False
3.2941729707062746,1.0453340424532898,1.3248180263696203,0.7016770321631292,0.019255093903815843,False
3.2951994394083473,1.0453340424532898,0.9964986044502976,0.9593187316586085,0.019255093903815843,False
3.2968479521463565,1.0453340424532898,1.3341210604986817,0.6881169427159987,0.019255093903815843,False
3.297395836373698,0.2715510155067367,1.7754793785870036,0.999999,-0.5661485687573877,False
3.297720446642249,0.070542,11.788702757017067,0.6881169427159987,-1.1515522314185913,False
3.298431438345213,0.09236948050470176,6.382868622678977,0.7965976582930426,-1.0344714988863506,False
3.29936326085651,1.0453340424532898,0.9705882408155443,0.972878821105739,0.019255093903815843,False
3.2996860528200873,1.0453340424532898,1.3428136606692949,0.6745568532688682,0.019255093903815843,False
3.3016280920888366,0.20738182818838266,2.1791873852320145,0.972878821105739,-0.6832293012896284,False
3.3026758678421952,1.0453340424532898,1.3509279825138125,0.6609967638217378,0.019255093903815843,False
3.302744808029794,0.15837621738405513,2.847242168915129,0.9321985527643475,-0.8003100338218692,False
3.3032460476738517,0.12095093601979644,3.982739644396236,0.8779581949758255,-0.9173907663541099,False
3.3033677756071436,0.070542,11.099954726074115,0.7016770321631292,-1.1515522314185913,False
3.304087776383663,1.0453340424532898,0.9439634368880698,0.9864389105528695,0.019255093903815843,False
3.3058066902181555,1.0453340424532898,1.358495619462055,0.6474366743746072,0.019255093903815843,False
3.306503979581335,0.09236948050470176,5.996616580037845,0.8101577477401731,-1.0344714988863506,False
3.309068481674374,1.0453340424532898,1.3655474269471262,0.6338765849274768,0.019255093903815843,False
3.3093562100549794,1.0453340424532898,0.9166858253091733,0.999999,0.019255093903815843,False
3.309417239139724,0.070542,10.438404378226526,0.7152371216102597,-1.1515522314185913,False
3.31245184269765,1.0453340424532898,1.3721133799878453,0.6203164954803463,0.019255093903815843,False
3.3133706903651974,0.12095093601979644,3.7379618713333924,0.8915182844229561,-0.9173907663541099,False
3.313866008613012,0.20738182818838266,2.049404202962809,0.9864389105528695,-0.6832293012896284,False
3.3141605985567337,0.15837621738405513,2.6739156428139,0.945758642211478,-0.8003100338218692,False
3.31504986532687,0.09236948050470176,5.627227710299223,0.8237178371873035,-1.0344714988863506,False
3.3158741773951697,0.070542,9.804530398926044,0.7287972110573901,-1.1515522314185913,False
3.3159479821687494,1.0453340424532898,1.3782224608731053,0.6067564060332158,0.019255093903815843,False
3.319548686920504,1.0453340424532898,1.3839025736797126,0.5931963165860853,0.019255093903815843,False
3.3227438227814465,0.070542,9.198597078301859,0.7423573005045206,-1.1515522314185913,False
3.3232462915005434,1.0453340424532898,1.3891804824414233,0.5796362271389548,0.019255093903815843,False
3.324031110449057,0.12095093601979644,3.5043313095497766,0.9050783738700865,-0.9173907663541099,False
3.3240749231263886,0.09236948050470176,5.274763557916781,0.8372779266344341,-1.0344714988863506,False
3.32616085787752,0.15837621738405513,2.5082809747184913,0.9593187316586085,-0.8003100338218692,False
3.3266816247479434,0.20738182818838266,1.9250392893736334,0.999999,-0.6832293012896284,False
3.327033648372684,1.0453340424532898,1.3940817699323362,0.5660761376918243,0.019255093903815843,False
3.327527208057654,1.368786856841176,0.9074346605663952,0.8779581949758255,0.1363358264360566,False
3.327555940181456,1.368786856841176,0.9200897825188813,0.8643981055286951,0.1363358264360566,False
3.3278561257779002,1.368786856841176,0.8940947141178633,0.8915182844229561,0.1363358264360566,False
3.327921063562627,1.368786856841176,0.9320728050437616,0.8508380160815645,0.1363358264360566,False
3.32856470589509,1.368786856841176,0.8800605768058612,0.9050783738700865,0.1363358264360566,False
3.3286021325319393,1.368786856841176,0.9433993461776949,0.8372779266344341,0.1363358264360566,False
3.3295795520950953,1.368786856841176,0.9540874638629457,0.8237178371873035,0.1363358264360566,False
3.3296756249084045,1.368786856841176,0.865326710135036,0.918638463317217,0.1363358264360566,False
3.330031331604513,0.070542,8.620669442387433,0.7559173899516511,-1.1515522314185913,False
3.3308346001332745,1.368786856841176,0.9641572230137242,0.8101577477401731,0.1363358264360566,False
3.330904098749317,1.0453340424532898,1.398630814214867,0.5525160482446938,0.019255093903815843,False
3.3312120829106955,1.368786856841176,0.8498918651115438,0.9321985527643475,0.1363358264360566,False
3.3323494376001017,1.368786856841176,0.9736302884521433,0.7965976582930426,0.1363358264360566,False
3.333197570475579,1.368786856841176,0.8337595237271979,0.945758642211478,0.1363358264360566,False
3.333584893006422,0.09236948050470176,4.939173433545717,0.8508380160815645,-1.0344714988863506,False
3.3341071091655747,1.368786856841176,0.9825295478521261,0.7830375688459121,0.1363358264360566,False
3.334851444209761,1.0453340424532898,1.4028507803163857,0.5389559587975633,0.019255093903815843,False
3.335233235450098,0.12095093601979644,3.2818238932362864,0.918638463317217,-0.9173907663541099,False
3.3356554341920517,1.368786856841176,0.8169383063100499,0.9593187316586085,0.1363358264360566,False
3.3360915361308088,1.368786856841176,0.9908787673851733,0.7694774793987816,0.1363358264360566,False
3.3377418152257143,0.070542,8.070630115212738,0.7694774793987816,-1.1515522314185913,False
3.338287503054042,1.368786856841176,0.9987022815005895,0.7559173899516511,0.1363358264360566,False
3.338607897377911,1.368786856841176,0.7994423297335912,0.972878821105739,0.1363358264360566,False
3.3387488789380497,0.15837621738405513,2.3503489110089633,0.972878821105739,-0.8003100338218692,False
3.340680639274645,1.368786856841176,1.0060247172056918,0.7423573005045206,0.1363358264360566,False
3.342072979474434,1.368786856841176,0.7812915009516762,0.9864389105528695,0.1363358264360566,False
3.343257396339974,1.368786856841176,1.012870752338223,0.7287972110573901,0.1363358264360566,False
3.3435854528875213,0.09236948050470176,4.62030518929293,0.8643981055286951,-1.0344714988863506,False
3.3458803701970385,0.070542,7.548197325696291,0.7830375688459121,-1.1515522314185913,False
3.346005022199555,1.368786856841176,1.0192649066347017,0.7152371216102597,0.1363358264360566,False
3.3460351788339575,1.368786856841176,0.762511730418423,0.999999,0.1363358264360566,False
3.346982683801001,0.12095093601979644,3.070347773014608,0.9321985527643475,-0.9173907663541099,False
3.348911532915962,1.368786856841176,1.0252313638797512,0.7016770321631292,0.1363358264360566,False
3.3519231497457986,0.15837621738405513,2.2000806826200363,0.9864389105528695,-0.8003100338218692,False
3.3519656825431556,1.368786856841176,1.0307938230538096,0.6881169427159987,0.1363358264360566,False
3.3540822380469044,0.09236948050470176,4.317916419615724,0.8779581949758255,-1.0344714988863506,False
3.354452106862915,0.070542,7.052943520171573,0.7965976582930426,-1.1515522314185913,False
3.3551569317361007,1.368786856841176,1.035975376159466,0.6745568532688682,0.1363358264360566,False
3.358475415577672,1.368786856841176,1.040798410279052,0.6609967638217378,0.1363358264360566,False
3.359284622853316,0.12095093601979644,2.8697506687263745,0.945758642211478,-0.9173907663541099,False
3.361911911038636,1.368786856841176,1.045284531377777,0.6474366743746072,0.1363358264360566,False
3.3634621759216,0.070542,6.5843141009151545,0.8101577477401731,-1.1515522314185913,False
3.3650808514730284,0.09236948050470176,4.031685790711367,0.8915182844229561,-1.0344714988863506,False
3.365457804423159,1.368786856841176,1.0494545073988886,0.6338765849274768,0.1363358264360566,False
3.3656481713301356,0.15837621738405513,2.0573929898011443,0.999999,-0.8003100338218692,False
3.3691050590951885,1.368786856841176,1.0533282282832153,0.6203164954803463,0.1363358264360566,False
3.372143434159027,0.12095093601979644,2.6798273311443617,0.9593187316586085,-0.9173907663541099,False
3.3728461837299366,1.368786856841176,1.0569246806702979,0.6067564060332158,0.1363358264360566,False
3.372915792411348,0.070542,6.141645878314602,0.8237178371873035,-1.1515522314185913,False
3.3765868598893674,0.09236948050470176,3.7612242412125148,0.9050783738700865,-1.0344714988863506,False
3.3766742012890876,1.368786856841176,1.0602619351897207,0.5931963165860853,0.1363358264360566,False
3.3805826188780714,1.368786856841176,1.0633571444188303,0.5796362271389548,0.1363358264360566,False
3.3828182565054226,0.070542,5.7241848949540985,0.8372779266344341,-1.1515522314185913,False
3.384565398608346,1.368786856841176,1.0662265497585188,0.5660761376918243,0.1363358264360566,False
3.384820816751586,1.7923241599059143,0.7017031861191622,0.9050783738700865,0.2534165589682973,False
3.3849724979098688,1.7923241599059143,0.7105965522422023,0.8915182844229561,0.2534165589682973,False
3.3850218242845487,1.7923241599059143,0.6923043395128201,0.918638463317217,0.2534165589682973,False
3.385455571216533,1.7923241599059143,0.718997057426167,0.8779581949758255,0.2534165589682973,False
3.385561842170612,0.12095093601979644,2.500326939607876,0.972878821105739,-0.9173907663541099,False
3.3855975113482155,1.7923241599059143,0.6823894506684413,0.9321985527643475,0.2534165589682973,False
3.3862495453175288,1.7923241599059143,0.7269190406945663,0.8643981055286951,0.2534165589682973,False
3.38657036047315,1.7923241599059143,0.6719503659350307,0.945758642211478,0.2534165589682973,False
3.387334796088569,1.7923241599059143,0.7343782393809054,0.8508380160815645,0.2534165589682973,False
3.3879629424298465,1.7923241599059143,0.6609816956115067,0.9593187316586085,0.2534165589682973,False
3.3886057659727036,0.09236948050470176,3.506085839486388,0.918638463317217,-1.0344714988863506,False
3.388616929556821,1.368786856841176,1.068885495655572,0.5525160482446938,0.1363358264360566,False
3.388692599420372,1.7923241599059143,0.7413914889636418,0.8372779266344341,0.2534165589682973,False
3.389796967818682,1.7923241599059143,0.6494811675107872,0.972878821105739,0.2534165589682973,False
3.3903051448585555,1.7923241599059143,0.7479764465972363,0.8237178371873035,0.2534165589682973,False
3.3920902364620544,1.7923241599059143,0.6374499691488754,0.9864389105528695,0.2534165589682973,False
3.3921555358834734,1.7923241599059143,0.7541513399884286,0.8101577477401731,0.2534165589682973,False
3.3927320008879436,1.368786856841176,1.0713484497733128,0.5389559587975633,0.1363358264360566,False
3.393174970330538,0.070542,5.331103350228916,0.8508380160815645,-1.1515522314185913,False
3.3942277804556436,1.7923241599059143,0.7599347423675913,0.7965976582930426,0.2534165589682973,False
3.3948273484857743,1.7923241599059143,0.6248930683329189,0.999999,0.2534165589682973,False
3.3965067742850295,1.7923241599059143,0.7653453735538533,0.7830375688459121,0.2534165589682973,False
3.3989782786027387,1.7923241599059143,0.770401926506553,0.7694774793987816,0.2534165589682973,False
3.3995379493137596,0.12095093601979644,2.3309602904433984,0.9864389105528695,-0.9173907663541099,False
3.4011429378509317,0.09236948050470176,3.2657781255226963,0.9321985527643475,-1.0344714988863506,False
3.401628893788533,1.7923241599059143,0.7751229182855797,0.7559173899516511,0.2534165589682973,False
3.4039914497031853,0.070542,4.961515421216839,0.8643981055286951,-1.1515522314185913,False
3.404446029922356,1.7923241599059143,0.7795265639966509,0.7423573005045206,0.2534165589682973,False
3.407417875123959,1.7923241599059143,0.7836306720595916,0.7287972110573901,0.2534165589682973,False
3.410533362390224,1.7923241599059143,0.7874525589924182,0.7152371216102597,0.2534165589682973,False
3.413782135517227,1.7923241599059143,0.7910089818357003,0.7016770321631292,0.2534165589682973,False
3.414036041402632,0.12095093601979644,2.1714066592075008,0.999999,-0.9173907663541099,False
3.4142034537102512,0.09236948050470176,3.039771806438108,0.945758642211478,-1.0344714988863506,False
3.41527332908955,0.070542,4.614491837300753,0.8779581949758255,-1.1515522314185913,False
3.417154514593706,1.7923241599059143,0.794316086335323,0.6881169427159987,0.2534165589682973,False
3.4206414614682146,1.7923241599059143,0.7973893690436888,0.6745568532688682,0.2534165589682973,False
3.424234545520386,1.7923241599059143,0.8002436515774567,0.6609967638217378,0.2534165589682973,False
3.4270263570004924,0.070542,4.2890731210360835,0.8915182844229561,-1.1515522314185913,False
3.427791753044566,0.09236948050470176,2.8275097126461284,0.9593187316586085,-1.0344714988863506,False
3.4279259100049355,1.7923241599059143,0.802893065373617,0.6474366743746072,0.2534165589682973,False
3.4317082391837563,1.7923241599059143,0.805351045406254,0.6338765849274768,0.2534165589682973,False
3.4355747264154677,1.7923241599059143,0.8076303314565356,0.6203164954803463,0.2534165589682973,False
3.43925637692529,0.070542,3.9842814552105983,0.9050783738700865,-1.1515522314185913,False
3.439519043332244,1.7923241599059143,0.8097429756625194,0.6067564060332158,0.2534165589682973,False
3.4419107510310996,0.09236948050470176,2.6284149558052703,0.972878821105739,-1.0344714988863506,False
3.4435353101998016,1.7923241599059143,0.8117003552088435,0.5931963165860853,0.2534165589682973,False
3.4476180675275865,1.7923241599059143,0.813513189145908,0.5796362271389548,0.2534165589682973,False
3.4517622489716975,1.7923241599059143,0.8151915584513784,0.5660761376918243,0.2534165589682973,False
3.4517773723598135,2.3469146259892733,0.5424096068531822,0.9321985527643475,0.370497291500538,False
3.4518464892105998,2.3469146259892733,0.5357932708616626,0.945758642211478,0.370497291500538,False
3.4519692846095515,0.070542,3.699131175697878,0.918638463317217,-1.1515522314185913,False
3.452054190108821,2.3469146259892733,0.5486553698240143,0.918638463317217,0.370497291500538,False
3.4522825673221567,2.3469146259892733,0.5287962530433403,0.9593187316586085,0.370497291500538,False
3.4526561439496115,2.3469146259892733,0.5545418819841644,0.9050783738700865,0.370497291500538,False
3.4531059441763117,2.3469146259892733,0.5214099105940365,0.972878821105739,0.370497291500538,False
3.453563037641526,2.3469146259892733,0.5600814405850977,0.8915182844229561,0.370497291500538,False
3.454333249863567,2.3469146259892733,0.5136273300119404,0.9864389105528695,0.370497291500538,False
3.454755452536436,2.3469146259892733,0.5652870963844644,0.8779581949758255,0.370497291500538,False
3.4559481513415347,2.3469146259892733,0.5054435965658449,0.999999,0.370497291500538,False
3.4559631555526233,1.7923241599059143,0.8167449285621361,0.5525160482446938,0.2534165589682973,False
3.456214833462706,2.3469146259892733,0.570172450674166,0.8643981055286951,0.370497291500538,False
3.456558859279084,0.09236948050470176,2.4418982592259924,0.9864389105528695,-1.0344714988863506,False
3.4579235281564333,2.3469146259892733,0.5747514718555948,0.8508380160815645,0.370497291500538,False
3.459864799884956,2.3469146259892733,0.5790383319046698,0.8372779266344341,0.370497291500538,False
3.4602164311927703,1.7923241599059143,0.8181821737111765,0.5389559587975633,0.2534165589682973,False
3.4620228233578594,2.3469146259892733,0.5830472625403581,0.8237178371873035,0.370497291500538,False
3.4643826696434643,2.3469146259892733,0.5867924304895353,0.8101577477401731,0.370497291500538,False
3.465170942995631,0.070542,3.4326379217203358,0.9321985527643475,-1.1515522314185913,False
3.466930283608634,2.3469146259892733,0.5902878309203212,0.7965976582930426,0.370497291500538,False
3.469652456202528,2.3469146259892733,0.59354719788502,0.7830375688459121,0.370497291500538,False
3.4717007771690804,0.09236948050470176,2.2673644562790565,0.999999,-1.0344714988863506,False
3.4725367932048954,2.3469146259892733,0.5965839304607938,0.7694774793987816,0.370497291500538,False
3.4755716816220517,2.3469146259892733,0.5994110331891181,0.7559173899516511,0.370497291500538,False
3.478746254623028,2.3469146259892733,0.602041069382081,0.7423573005045206,0.370497291500538,False
3.4788670128433687,0.070542,3.1838264999746366,0.945758642211478,-1.1515522314185913,False
3.48205035570429,2.3469146259892733,0.6044861258736828,0.7287972110573901,0.370497291500538,False
3.485474502621195,2.3469146259892733,0.6067577878374489,0.7152371216102597,0.370497291500538,False
3.489009851509373,2.3469146259892733,0.6088671223591583,0.7016770321631292,0.370497291500538,False
3.492648161528615,2.3469146259892733,0.6108246695378065,0.6881169427159987,0.370497291500538,False
3.4930625907092776,0.070542,2.951737537399041,0.9593187316586085,-1.1515522314185913,False
3.4963817602888096,2.3469146259892733,0.6126404399828549,0.6745568532688682,0.370497291500538,False
3.5002035102578013,2.3469146259892733,0.6143239176763065,0.6609967638217378,0.370497291500538,False
3.5041067763017666,2.3469146259892733,0.6158840672701903,0.6474366743746072,0.370497291500538,False
3.5077613108745185,0.070542,2.7354330099620845,0.972878821105739,-1.1515522314185913,False
3.508085394467888,2.3469146259892733,0.6173293449906057,0.6338765849274768,0.370497291500538,False
3.5121336420852196,2.3469146259892733,0.618667712416287,0.6203164954803463,0.370497291500538,False
3.51624620923158,2.3469146259892733,0.6199066524911445,0.6067564060332158,0.370497291500538,False
3.520418171591152,2.3469146259892733,0.6210531872153687,0.5931963165860853,0.370497291500538,False
3.522962354540153,0.070542,2.534000742559659,0.9864389105528695,-1.1515522314185913,False
3.524644964708533,2.3469146259892733,0.6221138965378769,0.5796362271389548,0.370497291500538,False
3.5287246184182695,3.073109421217368,0.41440752220683325,0.972878821105739,0.4875780240327786,False
3.528797883035912,3.073109421217368,0.4190597976193202,0.9593187316586085,0.4875780240327786,False
3.528922359629557,2.3469146259892733,0.6230949380438592,0.5660761376918243,0.370497291500538,False
3.5290008624540032,3.073109421217368,0.4094763219045287,0.9864389105528695,0.4875780240327786,False
3.5292058838713065,3.073109421217368,0.4234420495168419,0.945758642211478,0.4875780240327786,False
3.529608563018532,3.073109421217368,0.40425815180485736,0.999999,0.4875780240327786,False
3.5299302489109365,3.073109421217368,0.42756385881576014,0.9321985527643475,0.4875780240327786,False
3.5309519963244633,3.073109421217368,0.4314353223970921,0.918638463317217,0.4875780240327786,False
3.5322524258489656,3.073109421217368,0.43506690398382175,0.9050783738700865,0.4875780240327786,False
3.5332464399069,2.3469146259892733,0.6240020670949926,0.5525160482446938,0.370497291500538,False
3.5338134695626278,3.073109421217368,0.4384693000352671,0.8915182844229561,0.4875780240327786,False
3.5356178465023995,3.073109421217368,0.44165332076446695,0.8779581949758255,0.4875780240327786,False
3.5376135799386885,2.3469146259892733,0.6248406571367039,0.5389559587975633,0.370497291500538,False
3.5376491304351876,3.073109421217368,0.44462978601230635,0.8643981055286951,0.4875780240327786,False
3.538631230548742,0.070542,2.3465579787530584,0.999999,-1.1515522314185913,False
3.539891773681255,3.073109421217368,0.4474094354201806,0.8508380160815645,0.4875780240327786,False
3.5423311065058405,3.073109421217368,0.45000285212456304,0.8372779266344341,0.4875780240327786,False
3.5449533220170917,3.073109421217368,0.45242039904352466,0.8237178371873035,0.4875780240327786,False
3.547745452112646,3.073109421217368,0.4546721667279719,0.8101577477401731,0.4875780240327786,False
3.5506953378067405,3.073109421217368,0.4567679316999553,0.7965976582930426,0.4875780240327786,False
3.5537915960689577,3.073109421217368,0.4587171241880427,0.7830375688459121,0.4875780240327786,False
3.5570235846075136,3.073109421217368,0.46052880418731557,0.7694774793987816,0.4875780240327786,False
3.5603813655986096,3.073109421217368,0.4622116448117696,0.7559173899516511,0.4875780240327786,False
3.5638556690817773,3.073109421217368,0.4637739219634603,0.7423573005045206,0.4875780240327786,False
3.56743785654832,3.073109421217368,0.465223509410292,0.7287972110573901,0.4875780240327786,False
3.5711198851123083,3.073109421217368,0.4665678784384917,0.7152371216102597,0.4875780240327786,False
3.574894272551897,3.073109421217368,0.4678141013229981,0.7016770321631292,0.4875780240327786,False
3.5787540634316124,3.073109421217368,0.46896885793646176,0.6881169427159987,0.4875780240327786,False
3.5826927964565125,3.073109421217368,0.4700384448931972,0.6745568532688682,0.4875780240327786,False
3.5867044731622215,3.073109421217368,0.47102878669674725,0.6609967638217378,0.4875780240327786,False
3.5907835280076794,3.073109421217368,0.4719454484276488,0.6474366743746072,0.4875780240327786,False
3.5949247999078486,3.073109421217368,0.47279364957089665,0.6338765849274768,0.4875780240327786,False
3.599123505220097,3.073109421217368,0.4735782786401214,0.6203164954803463,0.4875780240327786,False
3.6033752121792824,3.073109421217368,0.4743039083075259,0.6067564060332158,0.4875780240327786,False
3.6076758167618537,3.073109421217368,0.4749748107952261,0.5931963165860853,0.4875780240327786,False
3.6120215199478527,3.073109421217368,0.47559497332501893,0.5796362271389548,0.4875780240327786,False
3.616041614462288,4.02400726903055,0.32029691393904763,0.999999,0.6046587565650194,False
3.616322422077465,4.02400726903055,0.32356387101947914,0.9864389105528695,0.6046587565650194,False
3.616408806340914,3.073109421217368,0.47616811346002363,0.5660761376918243,0.4875780240327786,False
3.6168810253845085,4.02400726903055,0.3266351492396517,0.972878821105739,0.6046587565650194,False
3.6177376998341675,4.02400726903055,0.3295185470835649,0.9593187316586085,0.6046587565650194,False
3.6188799445461486,4.02400726903055,0.33222210542621217,0.945758642211478,0.6046587565650194,False
3.6202916831864442,4.02400726903055,0.3347540094400218,0.9321985527643475,0.6046587565650194,False
3.620834424099854,3.073109421217368,0.4766976942034721,0.5525160482446938,0.4875780240327786,False
3.621956232448928,4.02400726903055,0.3371225019755111,0.918638463317217,0.6046587565650194,False
3.6238571749230646,4.02400726903055,0.3393358081290739,0.9050783738700865,0.6046587565650194,False
3.6252953661306977,3.073109421217368,0.4771869387475201,0.5389559587975633,0.4875780240327786,False
3.6259786940009673,4.02400726903055,0.3414020705087334,0.8915182844229561,0.6046587565650194,False
3.628305715127525,4.02400726903055,0.34332929456042194,0.8779581949758255,0.6046587565650194,False
3.630823962525915,4.02400726903055,0.3451253032162952,0.8643981055286951,0.6046587565650194,False
3.633519974103326,4.02400726903055,0.3467977000657527,0.8508380160815645,0.6046587565650194,False
3.6363810938507104,4.02400726903055,0.34835384022229876,0.8372779266344341,0.6046587565650194,False
3.6393954514708793,4.02400726903055,0.3498008080585955,0.8237178371873035,0.6046587565650194,False
3.6425519345771997,4.02400726903055,0.3511454010020485,0.8101577477401731,0.6046587565650194,False
3.645840156602521,4.02400726903055,0.35239411861874637,0.7965976582930426,0.6046587565650194,False
3.6492504223678486,4.02400726903055,0.35355315625999095,0.7830375688459121,0.6046587565650194,False
3.6527736925748613,4.02400726903055,0.3546284025991995,0.7694774793987816,0.6046587565650194,False
3.6564015480687804,4.02400726903055,0.3556254404445008,0.7559173899516511,0.6046587565650194,False
3.660126154451004,4.02400726903055,0.35654955027141233,0.7423573005045206,0.6046587565650194,False
3.6639402274425517,4.02400726903055,0.35740571597864607,0.7287972110573901,0.6046587565650194,False
3.6678369992758273,4.02400726903055,0.3581986324269236,0.7152371216102597,0.6046587565650194,False
3.67181018630407,4.02400726903055,0.35893271437465524,0.7016770321631292,0.6046587565650194,False
3.6758539579534144,4.02400726903055,0.35961210647477604,0.6881169427159987,0.6046587565650194,False
3.6799629070945006,4.02400726903055,0.36024069404352144,0.6745568532688682,0.6046587565650194,False
3.6841320218744444,4.02400726903055,0.3608221143542684,0.6609967638217378,0.6046587565650194,False
3.688356659022527,4.02400726903055,0.36135976824773275,0.6474366743746072,0.6046587565650194,False
3.6926325186221027,4.02400726903055,0.3618568318838908,0.6338765849274768,0.6046587565650194,False
3.6969556203254257,4.02400726903055,0.36231626849115556,0.6203164954803463,0.6046587565650194,False
3.7013222809762216,4.02400726903055,0.36274083999482454,0.6067564060332158,0.6046587565650194,False
3.705729093596068,4.02400726903055,0.36313311842989265,0.5931963165860853,0.6046587565650194,False
3.7101729076843584,4.02400726903055,0.3634954970632866,0.5796362271389548,0.6046587565650194,False
3.7146508107772993,4.02400726903055,0.36383020116771075,0.5660761376918243,0.6046587565650194,False
3.7155265559210493,5.269136982046094,0.2518141959041582,0.999999,0.7217394890972602,False
3.7165800345541196,5.269136982046094,0.25382909014170335,0.9864389105528695,0.7217394890972602,False
3.717861710829085,5.269136982046094,0.255715318885778,0.972878821105739,0.7217394890972602,False
3.719160111208628,4.02400726903055,0.36413929840390336,0.5525160482446938,0.6046587565650194,False
3.7193943306851303,5.269136982046094,0.25747916472588817,0.9593187316586085,0.7217394890972602,False
3.721167840652523,5.269136982046094,0.2591268790293647,0.945758642211478,0.7217394890972602,False
3.7231685725986456,5.269136982046094,0.2606646352830988,0.9321985527643475,0.7217394890972602,False
3.7236983220132354,4.02400726903055,0.3644247087804518,0.5389559587975633,0.6046587565650194,False
3.7253821987052924,5.269136982046094,0.26209848991687035,0.918638463317217,0.7217394890972602,False
3.7277945932609793,5.269136982046094,0.2634343500265675,0.9050783738700865,0.7217394890972602,False
3.730392158708819,5.269136982046094,0.26467794737845857,0.8915182844229561,0.7217394890972602,False
3.733161960034682,5.269136982046094,0.26583481806218245,0.8779581949758255,0.7217394890972602,False
3.7360917764093946,5.269136982046094,0.26691028716540055,0.8643981055286951,0.7217394890972602,False
3.7391701125769146,5.269136982046094,0.2679094578627326,0.8508380160815645,0.7217394890972602,False
3.7423861890989953,5.269136982046094,0.2688372043418329,0.8372779266344341,0.7217394890972602,False
3.745729920999739,5.269136982046094,0.26969816802698304,0.8237178371873035,0.7217394890972602,False
3.749191889975598,5.269136982046094,0.270496756602657,0.8101577477401731,0.7217394890972602,False
3.752763313148928,5.269136982046094,0.2712371453839455,0.7965976582930426,0.7217394890972602,False
3.7564360101687653,5.269136982046094,0.27192328062577725,0.7830375688459121,0.7217394890972602,False
3.7602023697924913,5.269136982046094,0.27255888440720316,0.7694774793987816,0.7217394890972602,False
3.764055316679546,5.269136982046094,0.27314746076964963,0.7559173899516511,0.7217394890972602,False
3.7679882788754733,5.269136982046094,0.27369230282830637,0.7423573005045206,0.7217394890972602,False
3.771995156299555,5.269136982046094,0.27419650061324874,0.7287972110573901,0.7217394890972602,False
3.7760702904380627,5.269136982046094,0.27466294943125447,0.7152371216102597,0.7217394890972602,False
3.7802084353681957,5.269136982046094,0.27509435857045456,0.7016770321631292,0.7217394890972602,False
3.784404730183431,5.269136982046094,0.2754932601979668,0.6881169427159987,0.7217394890972602,False
3.788654672852047,5.269136982046094,0.2758620183255958,0.6745568532688682,0.7217394890972602,False
3.7929540955124263,5.269136982046094,0.2762028377406881,0.6609967638217378,0.7217394890972602,False
3.797299141188299,5.269136982046094,0.2765177728185106,0.6474366743746072,0.7217394890972602,False
3.801686241892331,5.269136982046094,0.2768087361492661,0.6338765849274768,0.7217394890972602,False
3.806112098075919,5.269136982046094,0.27707750692731614,0.6203164954803463,0.7217394890972602,False
3.8105736593757213,5.269136982046094,0.2773257390625563,0.6067564060332158,0.7217394890972602,False
3.815068106602526,5.269136982046094,0.27755496898441107,0.5931963165860853,0.7217394890972602,False
3.819592834915022,5.269136982046094,0.27776662311779016,0.5796362271389548,0.7217394890972602,False
3.8241454381194253,5.269136982046094,0.2779620250177717,0.5660761376918243,0.7217394890972602,False
3.8284086626437874,6.8995413475618745,0.19673470221257008,0.999999,0.8388202216295008,False
3.8287236940354115,5.269136982046094,0.27814240215593306,0.5525160482446938,0.7217394890972602,False
3.8301262906922346,6.8995413475618745,0.19796240814004182,0.9864389105528695,0.8388202216295008,False
3.8320274573386395,6.8995413475618745,0.19910783482851832,0.972878821105739,0.8388202216295008,False
3.8333255508691533,5.269136982046094,0.2783088923563026,0.5389559587975633,0.7217394890972602,False
3.8341374231526446,6.8995413475618745,0.20017556422292473,0.9593187316586085,0.8388202216295008,False
3.836448577125313,6.8995413475618745,0.2011700572827148,0.945758642211478,0.8388202216295008,False
3.8389496126272165,6.8995413475618745,0.2020956356551309,0.9321985527643475,0.8388202216295008,False
3.8416284756687813,6.8995413475618745,0.20295646749431578,0.918638463317217,0.8388202216295008,False
3.844473221812792,6.8995413475618745,0.20375655695214712,0.9050783738700865,0.8388202216295008,False
3.8474723389533914,6.8995413475618745,0.20449973688466044,0.8915182844229561,0.8388202216295008,False
3.8506148798316047,6.8995413475618745,0.20518966434309194,0.8779581949758255,0.8388202216295008,False
3.8538905130005188,6.8995413475618745,0.20582981844854834,0.8643981055286951,0.8388202216295008,False
3.857289534547203,6.8995413475618745,0.20642350028216275,0.8508380160815645,0.8388202216295008,False
3.8608028595136243,6.8995413475618745,0.206973834456758,0.8372779266344341,0.8388202216295008,False
3.864422002408521,6.8995413475618745,0.20748377207030053,0.8237178371873035,0.8388202216295008,False
3.8681390518409042,6.8995413475618745,0.20795609477486723,0.8101577477401731,0.8388202216295008,False
3.871946642134334,6.8995413475618745,0.20839341972679637,0.7965976582930426,0.8388202216295008,False
3.8758379236217015,6.8995413475618745,0.20879820521369927,0.7830375688459121,0.8388202216295008,False
3.8798065326642606,6.8995413475618745,0.20917275678178235,0.7694774793987816,0.8388202216295008,False
3.883846562048966,6.8995413475618745,0.2095192337123183,0.7559173899516511,0.8388202216295008,False
3.88795253217697,6.8995413475618745,0.20983965571906513,0.7423573005045206,0.8388202216295008,False
3.8921193633015783,6.8995413475618745,0.21013590975899346,0.7287972110573901,0.8388202216295008,False
3.8963423489720634,6.8995413475618745,0.2104097568669305,0.7152371216102597,0.8388202216295008,False
3.9006171307709914,6.8995413475618745,0.2106628389407971,0.7016770321631292,0.8388202216295008,False
3.904939674385599,6.8995413475618745,0.21089668541814563,0.6881169427159987,0.8388202216295008,False
3.909306247021039,6.8995413475618745,0.21111271979687515,0.6745568532688682,0.8388202216295008,False
3.9137133961405546,6.8995413475618745,0.2113122659634692,0.6609967638217378,0.8388202216295008,False
3.9181579295018123,6.8995413475618745,0.2114965543010489,0.6474366743746072,0.8388202216295008,False
3.9226368964477785,6.8995413475618745,0.21166672755711757,0.6338765849274768,0.8388202216295008,False
3.927147570403301,6.8995413475618745,0.2118238464572538,0.6203164954803463,0.8388202216295008,False
3.93168743252394,6.8995413475618745,0.21196889505633276,0.6067564060332158,0.8388202216295008,False
3.9362541564409645,6.8995413475618745,0.21210278582325207,0.5931963165860853,0.8388202216295008,False
3.940845594045253,6.8995413475618745,0.21222636445873727,0.5796362271389548,0.8388202216295008,False
3.9454597622527015,6.8995413475618745,0.21234041444870588,0.5660761376918243,0.8388202216295008,False
3.950094830694469,6.8995413475618745,0.21244566135798307,0.5525160482446938,0.8388202216295008,False
3.954749110276625,6.8995413475618745,0.2125427768709706,0.5389559587975633,0.8388202216295008,False
3.9551142480201134,9.034434095928672,0.1529329465310898,0.999999,0.9559009541617416,False
3.9573974228102315,9.034434095928672,0.1536737986630502,0.9864389105528695,0.9559009541617416,False
3.959824735086023,9.034434095928672,0.15436314849641466,0.972878821105739,0.9559009541617416,False
3.9624238622916423,9.034434095928672,0.15500413472539631,0.9593187316586085,0.9559009541617416,False
3.965189509239478,9.034434095928672,0.15559976887112642,0.945758642211478,0.9559009541617416,False
3.968112581070946,9.034434095928672,0.15615293045322748,0.9321985527643475,0.9559009541617416,False
3.9711831299501283,9.034434095928672,0.15666636418190624,0.918638463317217,0.9559009541617416,False
3.9743912116295164,9.034434095928672,0.15714267887279473,0.9050783738700865,0.9559009541617416,False
3.97772720890895,9.034434095928672,0.15758434781226938,0.8915182844229561,0.9559009541617416,False
3.9811819656825187,9.034434095928672,0.15799371032715315,0.8779581949758255,0.9559009541617416,False
3.984746840129403,9.034434095928672,0.15837297433869496,0.8643981055286951,0.9559009541617416,False
3.988413719216209,9.034434095928672,0.1587242197059016,0.8508380160815645,0.9559009541617416,False
3.992175013330395,9.034434095928672,0.15904940218720665,0.8372779266344341,0.9559009541617416,False
3.9960236403299265,9.034434095928672,0.15935035787180613,0.8237178371873035,0.9559009541617416,False
3.9999530039476734,9.034434095928672,0.15962880795258153,0.8101577477401731,0.9559009541617416,False
4.003956969330967,9.034434095928672,0.1598863637312883,0.7965976582930426,0.9559009541617416,False
4.0080298373494445,9.034434095928672,0.16012453176359098,0.7830375688459121,0.9559009541617416,False
4.012166318659176,9.034434095928672,0.16034471906661882,0.7694774793987816,0.9559009541617416,False
4.016361508131058,9.034434095928672,0.1605482383250762,0.7559173899516511,0.9559009541617416,False
4.020610860018727,9.034434095928672,0.16073631304366992,0.7423573005045206,0.9559009541617416,False
4.024910164094096,9.034434095928672,0.1609100826038382,0.7287972110573901,0.9559009541617416,False
4.02925552288316,9.034434095928672,0.16107060719160363,0.7152371216102597,0.9559009541617416,False
4.033643330071487,9.034434095928672,0.16121887257096282,0.7016770321631292,0.9559009541617416,False
4.038070250106398,9.034434095928672,0.16135579468369268,0.6881169427159987,0.9559009541617416,False
4.042533198994128,9.034434095928672,0.1614822240619225,0.6745568532688682,0.9559009541617416,False
4.047029326270817,9.034434095928672,0.16159895004441072,0.6609967638217378,0.9559009541617416,False
4.051555998113171,9.034434095928672,0.16170670479128066,0.6474366743746072,0.9559009541617416,False
4.056110781546068,9.034434095928672,0.16180616709511406,0.6338765849274768,0.9559009541617416,False
4.0606914296990135,9.034434095928672,0.161897965988861,0.6203164954803463,0.9559009541617416,False
4.065295868060248,9.034434095928672,0.16198268415308528,0.6067564060332158,0.9559009541617416,False
4.0699221816758735,9.034434095928672,0.1620608611266938,0.5931963165860853,0.9559009541617416,False
4.074568603241083,9.034434095928672,0.16213299632656605,0.5796362271389548,0.9559009541617416,False
4.079233502031155,9.034434095928672,0.16219955188245594,0.5660761376918243,0.9559009541617416,False
4.083915373621069,9.034434095928672,0.16226095529423815,0.5525160482446938,0.9559009541617416,False
4.088612830344244,9.034434095928672,0.16231760191905406,0.5389559587975633,0.9559009541617416,False
4.096161448302387,11.829916703451795,0.11841173535299769,0.999999,1.0729816866939823,False
4.098922633565955,11.829916703451795,0.11885538922545479,0.9864389105528695,1.0729816866939823,False
4.101793739737264,11.829916703451795,0.11926733172695025,0.972878821105739,1.0729816866939823,False
4.104804676255297,11.829916703451795,0.11964962321340757,0.9593187316586085,1.0729816866939823,False
4.1079522658774525,11.829916703451795,0.12000422033898825,0.945758642211478,1.0729816866939823,False
4.1112294186932825,11.829916703451795,0.12033297665355698,0.9321985527643475,1.0729816866939823,False
4.114628080730946,11.829916703451795,0.12063764406221099,0.918638463317217,1.0729816866939823,False
4.1181400931325625,11.829916703451795,0.12091987498528543,0.9050783738700865,1.0729816866939823,False
4.12175751877527,11.829916703451795,0.12118122507617439,0.8915182844229561,1.0729816866939823,False
4.125472779906334,11.829916703451795,0.12142315637218053,0.8779581949758255,1.0729816866939823,False
4.129278715238464,11.829916703451795,0.12164704077023077,0.8643981055286951,1.0729816866939823,False
4.133168598578511,11.829916703451795,0.12185416373455364,0.8508380160815645,1.0729816866939823,False
4.137136137728715,11.829916703451795,0.12204572815726322,0.8372779266344341,1.0729816866939823,False
4.141175462877887,11.829916703451795,0.12222285830523688,0.8237178371873035,1.0729816866939823,False
4.145281109364497,11.829916703451795,0.12238660379775056,0.8101577477401731,1.0729816866939823,False
4.149447997545573,11.829916703451795,0.1225379435691133,0.7965976582930426,1.0729816866939823,False
4.153671411366767,11.829916703451795,0.12267778977910762,0.7830375688459121,1.0729816866939823,False
4.157946976591422,11.829916703451795,0.12280699164148505,0.7694774793987816,1.0729816866939823,False
4.162270639273098,11.829916703451795,0.12292633914718955,0.7559173899516511,1.0729816866939823,False
4.166638644828878,11.829916703451795,0.12303656666448207,0.7423573005045206,1.0729816866939823,False
4.171047517928505,11.829916703451795,0.12313835640281598,0.7287972110573901,1.0729816866939823,False
4.175494043322936,11.829916703451795,0.1232323417312583,0.7152371216102597,1.0729816866939823,False
4.1799752476761425,11.829916703451795,0.12331911034555154,0.7016770321631292,1.0729816866939823,False
4.184488382424318,11.829916703451795,0.1233992072806482,0.6881169427159987,1.0729816866939823,False
4.18903090766032,11.829916703451795,0.12347313776779581,0.6745568532688682,1.0729816866939823,False
4.193600477023568,11.829916703451795,0.12354136993707347,0.6609967638217378,1.0729816866939823,False
4.198194923564125,11.829916703451795,0.12360433736774001,0.6474366743746072,1.0729816866939823,False
4.202812246542288,11.829916703451795,0.1236624414899017,0.6338765849274768,1.0729816866939823,False
4.207450599120566,11.829916703451795,0.12371605384189344,0.6203164954803463,1.0729816866939823,False
4.21210827690249,11.829916703451795,0.12376551818842853,0.6067564060332158,1.0729816866939823,False
4.2167837072717225,11.829916703451795,0.12381115250504963,0.5931963165860853,1.0729816866939823,False
4.22147543948499,11.829916703451795,0.12385325083473422,0.5796362271389548,1.0729816866939823,False
4.226182135473135,11.829916703451795,0.12389208502270144,0.5660761376918243,1.0729816866939823,False
4.230902561305826,11.829916703451795,0.12392790633555623,0.5525160482446938,1.0729816866939823,False
4.235635579277113,11.829916703451795,0.12396094697091074,0.5389559587975633,1.0729816866939823,False
