id,name,status,observed,threshold,action
D01,上游冻结状态,PASS,"{'CENTRAL_MODEL_READY': True, 'FIXED_P_READY': True, 'JOINT_P_READY': False, 'P12_FREEZE_READY': True}",P12/FIXED_P true and FAIL=0,
D02,上游hash,PASS,{},empty,
D03,C7 schema,PASS,"{'shape': [45, 7], 'schema_valid': True, 'duplicate_models': 0}",45x7/fixed/no duplicates,
D04,C7上下文,PASS,"[2048, 4096, 8192, 32768, 131072]","[2048, 4096, 8192, 32768, 131072]",
D05,C7错误隔离,PASS,[],empty,
D06,固定配比单纯形,PASS,"{'n': 17, 'min': 0.002211033043406226, 'sum_error': 0.0}",17/nonnegative/error<=1e-12,
M01,Loss重建,PASS,0.0,<=1e-10,
M02,质量零增量,PASS,0.0,<=1e-6 FLOPs/token,
M03,成本单调性,PASS,True,finite and strictly increasing,
M04,绝对单位,PASS,3.6e+20,3.6e+20,
M05,上下文临界,PASS,"{'critical': 30000.0, 'ratios': {'2048': 0.06826666666666667, '4096': 0.13653333333333334, '8192': 0.2730666666666667, '32768': 1.0922666666666667, '131072': 4.369066666666667}}",30000 and exact ratios,
M06,质量映射,PASS,True,anchor preserved and <=1,
O01,约束可行,PASS,4.096e-16,<=1e-8,
O02,成本非负,PASS,0.0,>=0,
O03,预算使用,PASS,4.096e-16,<=1e-6,
O04,二维三维一致,PASS,4.380603996387707e-14,<=1e-6,
O05,网格复核,PASS,2.0634167528450807e-16,<=1e-4,
O06,可重复性,PASS,0.0,<=1e-10,
O07,预算单调值函数,PASS,True,non-increasing,
O08,上下文有序性,PASS,True,longer context not lower,
O09,基线支配,PASS,-4.440892098500626e-16,<=1e-9,
O10,领域Token,PASS,1.860292384412887e-16,<=1e-12,
O11,联合配比门禁,PASS,"{'p_sources': ['p_ref'], 'lambda': [0.0]}",p_ref/lambda0=0,
U01,三档bootstrap,PASS,1.0,>=0.95,
U02,转移路径抽样,PASS,1.0,>=0.95,
U03,区间顺序,PASS,True,lower<=median<=upper,
T01,主要转移,PASS,"{'count': 13, 'max_width': 0.0052083333333357}",changed active set and width<=0.01,
T02,次要断点,PASS,{'count': 24},BIC>=10 and slope diff>=.15,
T03,稳定标签,PASS,True,probability>=0.70 iff stable,
T04,场景预算区分,PASS,True,attention critical not a budget transition,
