domain,group,quantile,Q
arxiv,A1抽样集,0.0,0.3469817303698368
arxiv,A1抽样集,0.0025,0.43810728186938963
arxiv,A1抽样集,0.005,0.4509978072956847
arxiv,A1抽样集,0.0075,0.45326334401621055
arxiv,A1抽样集,0.01,0.45599010808588447
arxiv,A1抽样集,0.0125,0.4626226734829242
arxiv,A1抽样集,0.015,0.4679665943804074
arxiv,A1抽样集,0.0175,0.47061206650607934
arxiv,A1抽样集,0.02,0.4724602371631002
arxiv,A1抽样集,0.0225,0.47386347858412003
arxiv,A1抽样集,0.025,0.4750169024382149
arxiv,A1抽样集,0.0275,0.47786952970159385
arxiv,A1抽样集,0.03,0.48013355468155167
arxiv,A1抽样集,0.0325,0.4828186645521627
arxiv,A1抽样集,0.035,0.48408251168443983
arxiv,A1抽样集,0.0375,0.4861436267762104
arxiv,A1抽样集,0.04,0.48886441228169797
arxiv,A1抽样集,0.0425,0.48999641681062567
arxiv,A1抽样集,0.045,0.49122978193622446
arxiv,A1抽样集,0.0475,0.49253991353668414
arxiv,A1抽样集,0.05,0.49308197520595703
arxiv,A1抽样集,0.0525,0.4935284629288961
arxiv,A1抽样集,0.055,0.49440383247734837
arxiv,A1抽样集,0.0575,0.4949527972959448
arxiv,A1抽样集,0.06,0.49590749334593015
arxiv,A1抽样集,0.0625,0.497484320938242
arxiv,A1抽样集,0.065,0.49875386646984726
arxiv,A1抽样集,0.0675,0.4993223645227734
arxiv,A1抽样集,0.07,0.5002369839048734
arxiv,A1抽样集,0.0725,0.5013160669906873
arxiv,A1抽样集,0.075,0.5019588561939804
arxiv,A1抽样集,0.0775,0.5022422190099519
arxiv,A1抽样集,0.08,0.502915006177726
arxiv,A1抽样集,0.0825,0.503688810260254
arxiv,A1抽样集,0.085,0.5042750221679889
arxiv,A1抽样集,0.08750000000000001,0.5055770426858476
arxiv,A1抽样集,0.09,0.5067605455346111
arxiv,A1抽样集,0.0925,0.5073671391751868
arxiv,A1抽样集,0.095,0.507669743573862
arxiv,A1抽样集,0.0975,0.5083878600059257
arxiv,A1抽样集,0.1,0.5090323085512801
arxiv,A1抽样集,0.10250000000000001,0.5094753697712174
arxiv,A1抽样集,0.105,0.5101762518429636
arxiv,A1抽样集,0.1075,0.5105095162838611
arxiv,A1抽样集,0.11,0.5114625757482093
arxiv,A1抽样集,0.1125,0.5118296888986926
arxiv,A1抽样集,0.115,0.5124361464264593
arxiv,A1抽样集,0.11750000000000001,0.5126034964517961
arxiv,A1抽样集,0.12,0.5134676117732557
arxiv,A1抽样集,0.1225,0.514197206783231
arxiv,A1抽样集,0.125,0.5149385378932183
arxiv,A1抽样集,0.1275,0.5153825307287938
arxiv,A1抽样集,0.13,0.515671095585716
arxiv,A1抽样集,0.1325,0.5161106976049614
arxiv,A1抽样集,0.135,0.5168455552074219
arxiv,A1抽样集,0.1375,0.5173734396065175
arxiv,A1抽样集,0.14,0.5178693742567879
arxiv,A1抽样集,0.14250000000000002,0.5182459854795848
arxiv,A1抽样集,0.145,0.5184919149572709
arxiv,A1抽样集,0.1475,0.5187312956455498
arxiv,A1抽样集,0.15,0.5190371145466015
arxiv,A1抽样集,0.1525,0.5193763505193023
arxiv,A1抽样集,0.155,0.5202417503676874
arxiv,A1抽样集,0.1575,0.5211005296848976
arxiv,A1抽样集,0.16,0.5216293798888334
arxiv,A1抽样集,0.1625,0.5219266267536633
arxiv,A1抽样集,0.165,0.5222163377984685
arxiv,A1抽样集,0.1675,0.5227432653512657
arxiv,A1抽样集,0.17,0.5231242283447602
arxiv,A1抽样集,0.17250000000000001,0.5237430086855496
arxiv,A1抽样集,0.17500000000000002,0.524011883228971
arxiv,A1抽样集,0.1775,0.5243121644470435
arxiv,A1抽样集,0.18,0.52457433455701
arxiv,A1抽样集,0.1825,0.5249068777033237
arxiv,A1抽样集,0.185,0.5254572982739842
arxiv,A1抽样集,0.1875,0.5256963358086713
arxiv,A1抽样集,0.19,0.5258407515617317
arxiv,A1抽样集,0.1925,0.5261317679555947
arxiv,A1抽样集,0.195,0.5262777210307781
arxiv,A1抽样集,0.1975,0.5268020002489588
arxiv,A1抽样集,0.2,0.5271839348101657
arxiv,A1抽样集,0.2025,0.5275169870011158
arxiv,A1抽样集,0.20500000000000002,0.5279766303431424
arxiv,A1抽样集,0.20750000000000002,0.5285946921475649
arxiv,A1抽样集,0.21,0.5289728005593758
arxiv,A1抽样集,0.2125,0.529180670744182
arxiv,A1抽样集,0.215,0.5294455793597169
arxiv,A1抽样集,0.2175,0.5295774066831839
arxiv,A1抽样集,0.22,0.530484862103193
arxiv,A1抽样集,0.2225,0.5311508886168411
arxiv,A1抽样集,0.225,0.5315254355822859
arxiv,A1抽样集,0.2275,0.5318344088445524
arxiv,A1抽样集,0.23,0.5322781106699536
arxiv,A1抽样集,0.2325,0.532483597314809
arxiv,A1抽样集,0.23500000000000001,0.5332104852220961
arxiv,A1抽样集,0.23750000000000002,0.5335475745407772
arxiv,A1抽样集,0.24,0.5339721513157294
arxiv,A1抽样集,0.2425,0.5342313547612881
arxiv,A1抽样集,0.245,0.5343852736503688
arxiv,A1抽样集,0.2475,0.5351043542455423
arxiv,A1抽样集,0.25,0.5355497702275676
arxiv,A1抽样集,0.2525,0.5358800733620744
arxiv,A1抽样集,0.255,0.5361786730637784
arxiv,A1抽样集,0.2575,0.5363983173246543
arxiv,A1抽样集,0.26,0.5366905305436414
arxiv,A1抽样集,0.2625,0.5370937342472524
arxiv,A1抽样集,0.265,0.5372138889637404
arxiv,A1抽样集,0.2675,0.5377210947183398
arxiv,A1抽样集,0.27,0.5380400782341492
arxiv,A1抽样集,0.2725,0.5384577537572324
arxiv,A1抽样集,0.275,0.5387152471199566
arxiv,A1抽样集,0.2775,0.5389992994740533
arxiv,A1抽样集,0.28,0.539363909747322
arxiv,A1抽样集,0.28250000000000003,0.5394972806806537
arxiv,A1抽样集,0.28500000000000003,0.5397119623176925
arxiv,A1抽样集,0.28750000000000003,0.5400424247522708
arxiv,A1抽样集,0.29,0.5407319112520121
arxiv,A1抽样集,0.2925,0.540790219725856
arxiv,A1抽样集,0.295,0.541246993088851
arxiv,A1抽样集,0.2975,0.5415377013804632
arxiv,A1抽样集,0.3,0.541597861966717
arxiv,A1抽样集,0.3025,0.5417970649031565
arxiv,A1抽样集,0.305,0.5420820723217484
arxiv,A1抽样集,0.3075,0.5423976051231019
arxiv,A1抽样集,0.31,0.5425299216660152
arxiv,A1抽样集,0.3125,0.5427593975746694
arxiv,A1抽样集,0.315,0.5430596946714525
arxiv,A1抽样集,0.3175,0.5434653499551186
arxiv,A1抽样集,0.32,0.544365677617708
arxiv,A1抽样集,0.3225,0.5445331053458369
arxiv,A1抽样集,0.325,0.5449234752614691
arxiv,A1抽样集,0.3275,0.5451222294648732
arxiv,A1抽样集,0.33,0.5453228437497746
arxiv,A1抽样集,0.3325,0.5458454712867654
arxiv,A1抽样集,0.335,0.5463434828422771
arxiv,A1抽样集,0.3375,0.5464651582847347
arxiv,A1抽样集,0.34,0.5465637918685083
arxiv,A1抽样集,0.3425,0.5468136370239864
arxiv,A1抽样集,0.34500000000000003,0.5469417741108721
arxiv,A1抽样集,0.34750000000000003,0.54731334028812
arxiv,A1抽样集,0.35000000000000003,0.5475843062664917
arxiv,A1抽样集,0.3525,0.5477803470043326
arxiv,A1抽样集,0.355,0.5481074684107059
arxiv,A1抽样集,0.3575,0.548312946605022
arxiv,A1抽样集,0.36,0.5485161170105782
arxiv,A1抽样集,0.3625,0.5489900819365061
arxiv,A1抽样集,0.365,0.5493368235147214
arxiv,A1抽样集,0.3675,0.5497024368136124
arxiv,A1抽样集,0.37,0.5498157563780982
arxiv,A1抽样集,0.3725,0.5503262984581496
arxiv,A1抽样集,0.375,0.5504649483114475
arxiv,A1抽样集,0.3775,0.5508134495475382
arxiv,A1抽样集,0.38,0.5511327182104154
arxiv,A1抽样集,0.3825,0.5512689846884963
arxiv,A1抽样集,0.385,0.5516133904019548
arxiv,A1抽样集,0.3875,0.5518682847285705
arxiv,A1抽样集,0.39,0.5520739989227195
arxiv,A1抽样集,0.3925,0.5523436809463655
arxiv,A1抽样集,0.395,0.5526262946268201
arxiv,A1抽样集,0.3975,0.5528069296098437
arxiv,A1抽样集,0.4,0.5533204243164991
arxiv,A1抽样集,0.4025,0.5537677936684727
arxiv,A1抽样集,0.405,0.5539620900537777
arxiv,A1抽样集,0.40750000000000003,0.5545391587473678
arxiv,A1抽样集,0.41000000000000003,0.5548713934986974
arxiv,A1抽样集,0.41250000000000003,0.5551172843651365
arxiv,A1抽样集,0.41500000000000004,0.5552921448622927
arxiv,A1抽样集,0.4175,0.5556164763128126
arxiv,A1抽样集,0.42,0.5560131737206557
arxiv,A1抽样集,0.4225,0.5564451743011775
arxiv,A1抽样集,0.425,0.5570856731859546
arxiv,A1抽样集,0.4275,0.557243688048165
arxiv,A1抽样集,0.43,0.5574511140689293
arxiv,A1抽样集,0.4325,0.5578232534231335
arxiv,A1抽样集,0.435,0.5582025892837278
arxiv,A1抽样集,0.4375,0.5585437704125644
arxiv,A1抽样集,0.44,0.5587106273182023
arxiv,A1抽样集,0.4425,0.5589450194632803
arxiv,A1抽样集,0.445,0.5591568425371086
arxiv,A1抽样集,0.4475,0.5596434849526559
arxiv,A1抽样集,0.45,0.5597238730577027
arxiv,A1抽样集,0.4525,0.560123153005186
arxiv,A1抽样集,0.455,0.5603924771109128
arxiv,A1抽样集,0.4575,0.5608900684093457
arxiv,A1抽样集,0.46,0.5613791614972126
arxiv,A1抽样集,0.4625,0.5616551552862319
arxiv,A1抽样集,0.465,0.5623800791733334
arxiv,A1抽样集,0.4675,0.5629403330794677
arxiv,A1抽样集,0.47000000000000003,0.5635099097248755
arxiv,A1抽样集,0.47250000000000003,0.5636262797787044
arxiv,A1抽样集,0.47500000000000003,0.5639479070464503
arxiv,A1抽样集,0.47750000000000004,0.5642794656747484
arxiv,A1抽样集,0.48,0.5644860752897457
arxiv,A1抽样集,0.4825,0.5647410398707768
arxiv,A1抽样集,0.485,0.5651754167860066
arxiv,A1抽样集,0.4875,0.5653054804617449
arxiv,A1抽样集,0.49,0.5656189182672386
arxiv,A1抽样集,0.4925,0.565748449687765
arxiv,A1抽样集,0.495,0.5661090047838581
arxiv,A1抽样集,0.4975,0.5662173835413843
arxiv,A1抽样集,0.5,0.5663943754492224
arxiv,A1抽样集,0.5025000000000001,0.5670886358677159
arxiv,A1抽样集,0.505,0.5675779434781072
arxiv,A1抽样集,0.5075000000000001,0.567731380594835
arxiv,A1抽样集,0.51,0.5680146218522546
arxiv,A1抽样集,0.5125,0.5682441115463212
arxiv,A1抽样集,0.515,0.5684673534389274
arxiv,A1抽样集,0.5175,0.5688366242473682
arxiv,A1抽样集,0.52,0.5695533101264028
arxiv,A1抽样集,0.5225,0.5696689580944861
arxiv,A1抽样集,0.525,0.5705351646624262
arxiv,A1抽样集,0.5275,0.5711451035090349
arxiv,A1抽样集,0.53,0.5717365195114431
arxiv,A1抽样集,0.5325,0.572371317574621
arxiv,A1抽样集,0.535,0.5726487382261415
arxiv,A1抽样集,0.5375,0.5730596506010132
arxiv,A1抽样集,0.54,0.5733836507219795
arxiv,A1抽样集,0.5425,0.5736836772448725
arxiv,A1抽样集,0.545,0.5739321431708994
arxiv,A1抽样集,0.5475,0.5741671676088217
arxiv,A1抽样集,0.55,0.5744916594402867
arxiv,A1抽样集,0.5525,0.5749473157229412
arxiv,A1抽样集,0.555,0.5753168774880042
arxiv,A1抽样集,0.5575,0.5755653515214787
arxiv,A1抽样集,0.56,0.5758520086378424
arxiv,A1抽样集,0.5625,0.5762849632842328
arxiv,A1抽样集,0.5650000000000001,0.5765726670936925
arxiv,A1抽样集,0.5675,0.5769761205236502
arxiv,A1抽样集,0.5700000000000001,0.5773466171090604
arxiv,A1抽样集,0.5725,0.5775468563644998
arxiv,A1抽样集,0.5750000000000001,0.5779665783445007
arxiv,A1抽样集,0.5775,0.5784016733037095
arxiv,A1抽样集,0.58,0.5785330318089809
arxiv,A1抽样集,0.5825,0.578595116449657
arxiv,A1抽样集,0.585,0.5791740426823736
arxiv,A1抽样集,0.5875,0.5794185592981117
arxiv,A1抽样集,0.59,0.5795615612732082
arxiv,A1抽样集,0.5925,0.5797029930675195
arxiv,A1抽样集,0.595,0.5799873457095959
arxiv,A1抽样集,0.5975,0.580345934725854
arxiv,A1抽样集,0.6,0.5808460321376098
arxiv,A1抽样集,0.6025,0.5811082829399387
arxiv,A1抽样集,0.605,0.5812954437098193
arxiv,A1抽样集,0.6075,0.5817800951025889
arxiv,A1抽样集,0.61,0.5821515163496157
arxiv,A1抽样集,0.6125,0.5825887122014084
arxiv,A1抽样集,0.615,0.5829250456765193
arxiv,A1抽样集,0.6175,0.5837503810158481
arxiv,A1抽样集,0.62,0.5839790686033005
arxiv,A1抽样集,0.6225,0.5844441677534603
arxiv,A1抽样集,0.625,0.5854318071198981
arxiv,A1抽样集,0.6275000000000001,0.5857161419836795
arxiv,A1抽样集,0.63,0.5859129192538101
arxiv,A1抽样集,0.6325000000000001,0.5860495702923442
arxiv,A1抽样集,0.635,0.586473747808932
arxiv,A1抽样集,0.6375000000000001,0.5868123364233007
arxiv,A1抽样集,0.64,0.5872453286745645
arxiv,A1抽样集,0.6425,0.5874833424713608
arxiv,A1抽样集,0.645,0.5876253386512112
arxiv,A1抽样集,0.6475,0.587709716278203
arxiv,A1抽样集,0.65,0.5882646059697668
arxiv,A1抽样集,0.6525,0.5886803333481417
arxiv,A1抽样集,0.655,0.5891004304772903
arxiv,A1抽样集,0.6575,0.5898766650760141
arxiv,A1抽样集,0.66,0.5901864839488573
arxiv,A1抽样集,0.6625,0.5906915573238725
arxiv,A1抽样集,0.665,0.5911349752770129
arxiv,A1抽样集,0.6675,0.5915483259641869
arxiv,A1抽样集,0.67,0.5918752847623641
arxiv,A1抽样集,0.6725,0.5922500940292742
arxiv,A1抽样集,0.675,0.5926243764257244
arxiv,A1抽样集,0.6775,0.5929373383474983
arxiv,A1抽样集,0.68,0.5933970741673058
arxiv,A1抽样集,0.6825,0.5936700167906216
arxiv,A1抽样集,0.685,0.5940715840852239
arxiv,A1抽样集,0.6875,0.5944751002966286
arxiv,A1抽样集,0.6900000000000001,0.5948052483680656
arxiv,A1抽样集,0.6925,0.594957904936646
arxiv,A1抽样集,0.6950000000000001,0.5955892536589581
arxiv,A1抽样集,0.6975,0.5961484168201436
arxiv,A1抽样集,0.7000000000000001,0.5965257369228817
arxiv,A1抽样集,0.7025,0.5973713771563366
arxiv,A1抽样集,0.705,0.5979948410212804
arxiv,A1抽样集,0.7075,0.5986219988738417
arxiv,A1抽样集,0.71,0.5992876659644725
arxiv,A1抽样集,0.7125,0.5993959667401538
arxiv,A1抽样集,0.715,0.5996685437295337
arxiv,A1抽样集,0.7175,0.6001048291819254
arxiv,A1抽样集,0.72,0.600798338601754
arxiv,A1抽样集,0.7225,0.6017219537045708
arxiv,A1抽样集,0.725,0.6020160925983588
arxiv,A1抽样集,0.7275,0.6021498800927237
arxiv,A1抽样集,0.73,0.6022167413467359
arxiv,A1抽样集,0.7325,0.6025874825004514
arxiv,A1抽样集,0.735,0.6028389318960694
arxiv,A1抽样集,0.7375,0.6031735747078666
arxiv,A1抽样集,0.74,0.6033464071657043
arxiv,A1抽样集,0.7425,0.6036475581032552
arxiv,A1抽样集,0.745,0.604001143490197
arxiv,A1抽样集,0.7475,0.6052444755253407
arxiv,A1抽样集,0.75,0.6056554291643955
arxiv,A1抽样集,0.7525000000000001,0.6061003836576323
arxiv,A1抽样集,0.755,0.6066201501566291
arxiv,A1抽样集,0.7575000000000001,0.60729292685419
arxiv,A1抽样集,0.76,0.6075759054054767
arxiv,A1抽样集,0.7625000000000001,0.6079848470732683
arxiv,A1抽样集,0.765,0.608335113671804
arxiv,A1抽样集,0.7675000000000001,0.6087916424262749
arxiv,A1抽样集,0.77,0.6090373038106704
arxiv,A1抽样集,0.7725,0.6094717198052124
arxiv,A1抽样集,0.775,0.6099879213011659
arxiv,A1抽样集,0.7775,0.6101688679056235
arxiv,A1抽样集,0.78,0.6106771376111302
arxiv,A1抽样集,0.7825,0.6111521278107162
arxiv,A1抽样集,0.785,0.6117212994513319
arxiv,A1抽样集,0.7875,0.6120648470775771
arxiv,A1抽样集,0.79,0.6125762631419339
arxiv,A1抽样集,0.7925,0.6132573260413849
arxiv,A1抽样集,0.795,0.6135469824852338
arxiv,A1抽样集,0.7975,0.6138702675427428
arxiv,A1抽样集,0.8,0.6148626489256596
arxiv,A1抽样集,0.8025,0.6153060775900684
arxiv,A1抽样集,0.805,0.6155402630593833
arxiv,A1抽样集,0.8075,0.616336340878617
arxiv,A1抽样集,0.81,0.6169513533164773
arxiv,A1抽样集,0.8125,0.6180712785699495
arxiv,A1抽样集,0.8150000000000001,0.6189416308631336
arxiv,A1抽样集,0.8175,0.6197902700441452
arxiv,A1抽样集,0.8200000000000001,0.620046340165188
arxiv,A1抽样集,0.8225,0.6204051741704806
arxiv,A1抽样集,0.8250000000000001,0.6206509554106637
arxiv,A1抽样集,0.8275,0.6215196454415526
arxiv,A1抽样集,0.8300000000000001,0.6224734485037633
arxiv,A1抽样集,0.8325,0.6234097226080244
arxiv,A1抽样集,0.835,0.6240542800122524
arxiv,A1抽样集,0.8375,0.6247621745486746
arxiv,A1抽样集,0.84,0.6254733159430439
arxiv,A1抽样集,0.8425,0.6259308935974269
arxiv,A1抽样集,0.845,0.6283144335032828
arxiv,A1抽样集,0.8475,0.6295917026189667
arxiv,A1抽样集,0.85,0.6303706025687753
arxiv,A1抽样集,0.8525,0.630883684120018
arxiv,A1抽样集,0.855,0.6326267313666841
arxiv,A1抽样集,0.8575,0.6336329194702124
arxiv,A1抽样集,0.86,0.6353444903059762
arxiv,A1抽样集,0.8625,0.6363325569128857
arxiv,A1抽样集,0.865,0.6391694975070962
arxiv,A1抽样集,0.8675,0.6403163324277545
arxiv,A1抽样集,0.87,0.6413333891611415
arxiv,A1抽样集,0.8725,0.6429090789317498
arxiv,A1抽样集,0.875,0.6439451151200242
arxiv,A1抽样集,0.8775000000000001,0.6445530420733011
arxiv,A1抽样集,0.88,0.646075268538993
arxiv,A1抽样集,0.8825000000000001,0.6475606064449317
arxiv,A1抽样集,0.885,0.648767379775023
arxiv,A1抽样集,0.8875000000000001,0.6502912892358451
arxiv,A1抽样集,0.89,0.6514118798528203
arxiv,A1抽样集,0.8925000000000001,0.6538297865830045
arxiv,A1抽样集,0.895,0.6567490336249492
arxiv,A1抽样集,0.8975,0.6677678131445577
arxiv,A1抽样集,0.9,0.6751495055302781
arxiv,A1抽样集,0.9025,0.6820754562572295
arxiv,A1抽样集,0.905,0.6970325276872732
arxiv,A1抽样集,0.9075,0.7105251892163164
arxiv,A1抽样集,0.91,0.7272035415216781
arxiv,A1抽样集,0.9125,0.7604929993044878
arxiv,A1抽样集,0.915,0.7672113097034244
arxiv,A1抽样集,0.9175,0.7718864984015886
arxiv,A1抽样集,0.92,0.7746972561459124
arxiv,A1抽样集,0.9225,0.7753052728408054
arxiv,A1抽样集,0.925,0.7776096212950365
arxiv,A1抽样集,0.9275,0.7799175093393688
arxiv,A1抽样集,0.93,0.7820308371013709
arxiv,A1抽样集,0.9325,0.7836973714184776
arxiv,A1抽样集,0.935,0.785130943860258
arxiv,A1抽样集,0.9375,0.7861667003738999
arxiv,A1抽样集,0.9400000000000001,0.7872180002937099
arxiv,A1抽样集,0.9425,0.7876166799459515
arxiv,A1抽样集,0.9450000000000001,0.7881791566159119
arxiv,A1抽样集,0.9475,0.7893189403510169
arxiv,A1抽样集,0.9500000000000001,0.7902073522554901
arxiv,A1抽样集,0.9525,0.7909594320399203
arxiv,A1抽样集,0.9550000000000001,0.7912996749885811
arxiv,A1抽样集,0.9575,0.7923702195383047
arxiv,A1抽样集,0.96,0.7928094455182759
arxiv,A1抽样集,0.9625,0.7940490706143793
arxiv,A1抽样集,0.965,0.7951473560549678
arxiv,A1抽样集,0.9675,0.7965929875880166
arxiv,A1抽样集,0.97,0.7971386333401921
arxiv,A1抽样集,0.9725,0.797693232116165
arxiv,A1抽样集,0.975,0.798044035853136
arxiv,A1抽样集,0.9775,0.7989751112005327
arxiv,A1抽样集,0.98,0.799798821573392
arxiv,A1抽样集,0.9825,0.8010438301706929
arxiv,A1抽样集,0.985,0.8027251245381953
arxiv,A1抽样集,0.9875,0.803805885484824
arxiv,A1抽样集,0.99,0.8053747299332773
arxiv,A1抽样集,0.9925,0.8090872350483365
arxiv,A1抽样集,0.995,0.8181666161813393
arxiv,A1抽样集,0.9975,0.8252613631925162
arxiv,A1抽样集,1.0,0.8351044722607983
arxiv,扩展集余集,0.0,0.2583752451020573
arxiv,扩展集余集,0.0025,0.41314292863233804
arxiv,扩展集余集,0.005,0.4341855425432928
arxiv,扩展集余集,0.0075,0.44425390851557567
arxiv,扩展集余集,0.01,0.45088995793951486
arxiv,扩展集余集,0.0125,0.4570650146486058
arxiv,扩展集余集,0.015,0.46119366633144687
arxiv,扩展集余集,0.0175,0.4654149365932806
arxiv,扩展集余集,0.02,0.46813639980605304
arxiv,扩展集余集,0.0225,0.4707213443279494
arxiv,扩展集余集,0.025,0.4736152405466217
arxiv,扩展集余集,0.0275,0.47638295439819045
arxiv,扩展集余集,0.03,0.4787396877244921
arxiv,扩展集余集,0.0325,0.48014010616093544
arxiv,扩展集余集,0.035,0.48222545916817955
arxiv,扩展集余集,0.0375,0.4836694512008003
arxiv,扩展集余集,0.04,0.4853600502372256
arxiv,扩展集余集,0.0425,0.4870439053871993
arxiv,扩展集余集,0.045,0.48861731835292266
arxiv,扩展集余集,0.0475,0.4900582933299887
arxiv,扩展集余集,0.05,0.4912128272064835
arxiv,扩展集余集,0.0525,0.4921167255347375
arxiv,扩展集余集,0.055,0.4931662848238678
arxiv,扩展集余集,0.0575,0.494100700892969
arxiv,扩展集余集,0.06,0.49514254473363145
arxiv,扩展集余集,0.0625,0.49605913540263274
arxiv,扩展集余集,0.065,0.4971582211481229
arxiv,扩展集余集,0.0675,0.49802066945268053
arxiv,扩展集余集,0.07,0.499047316972485
arxiv,扩展集余集,0.0725,0.49975839700014046
arxiv,扩展集余集,0.075,0.5005199216811433
arxiv,扩展集余集,0.0775,0.5012557068851412
arxiv,扩展集余集,0.08,0.5019796943965434
arxiv,扩展集余集,0.0825,0.5029502153019328
arxiv,扩展集余集,0.085,0.5035292925227758
arxiv,扩展集余集,0.08750000000000001,0.5043871871224525
arxiv,扩展集余集,0.09,0.5051255466645432
arxiv,扩展集余集,0.0925,0.5057289288571486
arxiv,扩展集余集,0.095,0.5064039250690716
arxiv,扩展集余集,0.0975,0.5070402488057131
arxiv,扩展集余集,0.1,0.5076315375665987
arxiv,扩展集余集,0.10250000000000001,0.5082978362739513
arxiv,扩展集余集,0.105,0.5090508803969009
arxiv,扩展集余集,0.1075,0.5096026888988606
arxiv,扩展集余集,0.11,0.510126499675931
arxiv,扩展集余集,0.1125,0.5107364650180085
arxiv,扩展集余集,0.115,0.5114198354437199
arxiv,扩展集余集,0.11750000000000001,0.5118532978792183
arxiv,扩展集余集,0.12,0.512543723072396
arxiv,扩展集余集,0.1225,0.5129573930269911
arxiv,扩展集余集,0.125,0.5133618913580137
arxiv,扩展集余集,0.1275,0.513936098238252
arxiv,扩展集余集,0.13,0.5143770439640775
arxiv,扩展集余集,0.1325,0.5149532004811427
arxiv,扩展集余集,0.135,0.5154837559628266
arxiv,扩展集余集,0.1375,0.515972311589002
arxiv,扩展集余集,0.14,0.5165019965591846
arxiv,扩展集余集,0.14250000000000002,0.5170186157508103
arxiv,扩展集余集,0.145,0.5175500718106462
arxiv,扩展集余集,0.1475,0.5179173183186272
arxiv,扩展集余集,0.15,0.5183312372223003
arxiv,扩展集余集,0.1525,0.5188091028031221
arxiv,扩展集余集,0.155,0.5192148264896902
arxiv,扩展集余集,0.1575,0.5197272987989208
arxiv,扩展集余集,0.16,0.5201117253717246
arxiv,扩展集余集,0.1625,0.5205758632801809
arxiv,扩展集余集,0.165,0.5209909910802986
arxiv,扩展集余集,0.1675,0.5213299478289463
arxiv,扩展集余集,0.17,0.5217897560646807
arxiv,扩展集余集,0.17250000000000001,0.5222591099296021
arxiv,扩展集余集,0.17500000000000002,0.5226123011025497
arxiv,扩展集余集,0.1775,0.5229830159780265
arxiv,扩展集余集,0.18,0.5233435360169701
arxiv,扩展集余集,0.1825,0.523773012714853
arxiv,扩展集余集,0.185,0.524189091557694
arxiv,扩展集余集,0.1875,0.5246522869264421
arxiv,扩展集余集,0.19,0.5250085539206429
arxiv,扩展集余集,0.1925,0.5253668177402365
arxiv,扩展集余集,0.195,0.5257854209534524
arxiv,扩展集余集,0.1975,0.5262051539998381
arxiv,扩展集余集,0.2,0.5267069818013452
arxiv,扩展集余集,0.2025,0.5270903918059606
arxiv,扩展集余集,0.20500000000000002,0.5274557868194263
arxiv,扩展集余集,0.20750000000000002,0.5278790643570307
arxiv,扩展集余集,0.21,0.5282055280861832
arxiv,扩展集余集,0.2125,0.5285095863549036
arxiv,扩展集余集,0.215,0.5288664468136252
arxiv,扩展集余集,0.2175,0.5293009391309852
arxiv,扩展集余集,0.22,0.5296705746622375
arxiv,扩展集余集,0.2225,0.5300210765156423
arxiv,扩展集余集,0.225,0.5303542226456973
arxiv,扩展集余集,0.2275,0.5306327835583847
arxiv,扩展集余集,0.23,0.5311065822820218
arxiv,扩展集余集,0.2325,0.5313869443653974
arxiv,扩展集余集,0.23500000000000001,0.5318260295890347
arxiv,扩展集余集,0.23750000000000002,0.5322661338747482
arxiv,扩展集余集,0.24,0.5325392266694283
arxiv,扩展集余集,0.2425,0.5329210902176822
arxiv,扩展集余集,0.245,0.5332794181667014
arxiv,扩展集余集,0.2475,0.5336239178964874
arxiv,扩展集余集,0.25,0.5340298036158881
arxiv,扩展集余集,0.2525,0.5343959289057343
arxiv,扩展集余集,0.255,0.5347802282079652
arxiv,扩展集余集,0.2575,0.5352537964970274
arxiv,扩展集余集,0.26,0.535648762269569
arxiv,扩展集余集,0.2625,0.5360178688353767
arxiv,扩展集余集,0.265,0.5363781097047727
arxiv,扩展集余集,0.2675,0.5366558987150492
arxiv,扩展集余集,0.27,0.536951350821282
arxiv,扩展集余集,0.2725,0.5372797470941195
arxiv,扩展集余集,0.275,0.5375462947458624
arxiv,扩展集余集,0.2775,0.5379115650315774
arxiv,扩展集余集,0.28,0.5383523336420355
arxiv,扩展集余集,0.28250000000000003,0.5386320216985576
arxiv,扩展集余集,0.28500000000000003,0.5388112332526634
arxiv,扩展集余集,0.28750000000000003,0.5391695683688468
arxiv,扩展集余集,0.29,0.5396245059619779
arxiv,扩展集余集,0.2925,0.5400196538763884
arxiv,扩展集余集,0.295,0.5403286535298661
arxiv,扩展集余集,0.2975,0.5406275540449363
arxiv,扩展集余集,0.3,0.5409409241546409
arxiv,扩展集余集,0.3025,0.541298732863242
arxiv,扩展集余集,0.305,0.5415669858601855
arxiv,扩展集余集,0.3075,0.5418845697624475
arxiv,扩展集余集,0.31,0.5422621141660675
arxiv,扩展集余集,0.3125,0.5425492897327523
arxiv,扩展集余集,0.315,0.5428676895388344
arxiv,扩展集余集,0.3175,0.5431189680601868
arxiv,扩展集余集,0.32,0.5434210015484389
arxiv,扩展集余集,0.3225,0.5436748475246241
arxiv,扩展集余集,0.325,0.5439993997010201
arxiv,扩展集余集,0.3275,0.5442941065001828
arxiv,扩展集余集,0.33,0.5446588308160953
arxiv,扩展集余集,0.3325,0.5448997517028714
arxiv,扩展集余集,0.335,0.5452249296274666
arxiv,扩展集余集,0.3375,0.5455136586885404
arxiv,扩展集余集,0.34,0.5459110049512583
arxiv,扩展集余集,0.3425,0.5462375686580081
arxiv,扩展集余集,0.34500000000000003,0.5465884328453385
arxiv,扩展集余集,0.34750000000000003,0.5469096406289883
arxiv,扩展集余集,0.35000000000000003,0.5472328450326374
arxiv,扩展集余集,0.3525,0.5475668845629413
arxiv,扩展集余集,0.355,0.5478454905704976
arxiv,扩展集余集,0.3575,0.54812327388723
arxiv,扩展集余集,0.36,0.5484218647403704
arxiv,扩展集余集,0.3625,0.5487240461753276
arxiv,扩展集余集,0.365,0.5490528526826551
arxiv,扩展集余集,0.3675,0.5493398412927244
arxiv,扩展集余集,0.37,0.5496704770595928
arxiv,扩展集余集,0.3725,0.5499174197440649
arxiv,扩展集余集,0.375,0.5503173520789492
arxiv,扩展集余集,0.3775,0.5505970301668259
arxiv,扩展集余集,0.38,0.5509040496785308
arxiv,扩展集余集,0.3825,0.5512446992221354
arxiv,扩展集余集,0.385,0.5515737161850971
arxiv,扩展集余集,0.3875,0.5518732375769274
arxiv,扩展集余集,0.39,0.5521890064657609
arxiv,扩展集余集,0.3925,0.5525305041379279
arxiv,扩展集余集,0.395,0.5528453426363306
arxiv,扩展集余集,0.3975,0.5530976896276298
arxiv,扩展集余集,0.4,0.5533547037021741
arxiv,扩展集余集,0.4025,0.5537072275060825
arxiv,扩展集余集,0.405,0.5540187421076707
arxiv,扩展集余集,0.40750000000000003,0.5543510508692728
arxiv,扩展集余集,0.41000000000000003,0.5547255965349667
arxiv,扩展集余集,0.41250000000000003,0.5550862867480935
arxiv,扩展集余集,0.41500000000000004,0.5554174563062433
arxiv,扩展集余集,0.4175,0.5557539643503937
arxiv,扩展集余集,0.42,0.5561192303152022
arxiv,扩展集余集,0.4225,0.5563778116311906
arxiv,扩展集余集,0.425,0.556669803536491
arxiv,扩展集余集,0.4275,0.5569916056577725
arxiv,扩展集余集,0.43,0.5573798661474951
arxiv,扩展集余集,0.4325,0.5576648640169272
arxiv,扩展集余集,0.435,0.557954055267777
arxiv,扩展集余集,0.4375,0.5582912171165686
arxiv,扩展集余集,0.44,0.5586155443694386
arxiv,扩展集余集,0.4425,0.558911301197506
arxiv,扩展集余集,0.445,0.559170458194004
arxiv,扩展集余集,0.4475,0.5596406465329324
arxiv,扩展集余集,0.45,0.559988280352126
arxiv,扩展集余集,0.4525,0.5602675034122621
arxiv,扩展集余集,0.455,0.5606655725535453
arxiv,扩展集余集,0.4575,0.5609138274752796
arxiv,扩展集余集,0.46,0.561236736964373
arxiv,扩展集余集,0.4625,0.5615819118047165
arxiv,扩展集余集,0.465,0.5619554154947772
arxiv,扩展集余集,0.4675,0.5623177055282583
arxiv,扩展集余集,0.47000000000000003,0.5626181704101567
arxiv,扩展集余集,0.47250000000000003,0.5629112797708568
arxiv,扩展集余集,0.47500000000000003,0.5631528115836936
arxiv,扩展集余集,0.47750000000000004,0.5635312019682212
arxiv,扩展集余集,0.48,0.5638881850411129
arxiv,扩展集余集,0.4825,0.5641800902005925
arxiv,扩展集余集,0.485,0.5644965104311566
arxiv,扩展集余集,0.4875,0.5647504354986335
arxiv,扩展集余集,0.49,0.5650409383620344
arxiv,扩展集余集,0.4925,0.5653273163163233
arxiv,扩展集余集,0.495,0.5656858981107395
arxiv,扩展集余集,0.4975,0.566014619736943
arxiv,扩展集余集,0.5,0.5662906593872938
arxiv,扩展集余集,0.5025000000000001,0.566578112346308
arxiv,扩展集余集,0.505,0.5669368253717002
arxiv,扩展集余集,0.5075000000000001,0.567267085056747
arxiv,扩展集余集,0.51,0.5675009520238156
arxiv,扩展集余集,0.5125,0.567884595205473
arxiv,扩展集余集,0.515,0.5681856868394302
arxiv,扩展集余集,0.5175,0.5685430813957468
arxiv,扩展集余集,0.52,0.5689124351450011
arxiv,扩展集余集,0.5225,0.5692321661301234
arxiv,扩展集余集,0.525,0.5695694247800622
arxiv,扩展集余集,0.5275,0.5699302964763265
arxiv,扩展集余集,0.53,0.5702284587515287
arxiv,扩展集余集,0.5325,0.5705941434330506
arxiv,扩展集余集,0.535,0.5710153152787137
arxiv,扩展集余集,0.5375,0.5713856448367378
arxiv,扩展集余集,0.54,0.5717810331969078
arxiv,扩展集余集,0.5425,0.572076842528157
arxiv,扩展集余集,0.545,0.5723657134770315
arxiv,扩展集余集,0.5475,0.5726395499900585
arxiv,扩展集余集,0.55,0.5729649407160918
arxiv,扩展集余集,0.5525,0.5732439774775046
arxiv,扩展集余集,0.555,0.5735580166033782
arxiv,扩展集余集,0.5575,0.5738582248345447
arxiv,扩展集余集,0.56,0.5742001297043307
arxiv,扩展集余集,0.5625,0.5745229422373089
arxiv,扩展集余集,0.5650000000000001,0.574895254536822
arxiv,扩展集余集,0.5675,0.5752140021687782
arxiv,扩展集余集,0.5700000000000001,0.5755561929181342
arxiv,扩展集余集,0.5725,0.5757769902036928
arxiv,扩展集余集,0.5750000000000001,0.576134719375146
arxiv,扩展集余集,0.5775,0.5765252742605426
arxiv,扩展集余集,0.58,0.576835692801987
arxiv,扩展集余集,0.5825,0.577150122796472
arxiv,扩展集余集,0.585,0.5774269967924774
arxiv,扩展集余集,0.5875,0.5777689394378785
arxiv,扩展集余集,0.59,0.5781409824132685
arxiv,扩展集余集,0.5925,0.5784193843083297
arxiv,扩展集余集,0.595,0.5787552597668786
arxiv,扩展集余集,0.5975,0.5791298622512873
arxiv,扩展集余集,0.6,0.5795068076232976
arxiv,扩展集余集,0.6025,0.579746213957103
arxiv,扩展集余集,0.605,0.5800350251268371
arxiv,扩展集余集,0.6075,0.5804276428185968
arxiv,扩展集余集,0.61,0.5807577464517342
arxiv,扩展集余集,0.6125,0.5810775887180208
arxiv,扩展集余集,0.615,0.5814396832004878
arxiv,扩展集余集,0.6175,0.5817285968112235
arxiv,扩展集余集,0.62,0.581978878419045
arxiv,扩展集余集,0.6225,0.5823765619645769
arxiv,扩展集余集,0.625,0.5828064860626714
arxiv,扩展集余集,0.6275000000000001,0.5831677322489092
arxiv,扩展集余集,0.63,0.583435699258409
arxiv,扩展集余集,0.6325000000000001,0.5838176190529402
arxiv,扩展集余集,0.635,0.5842500991797628
arxiv,扩展集余集,0.6375000000000001,0.5845611278795352
arxiv,扩展集余集,0.64,0.5849832277671569
arxiv,扩展集余集,0.6425,0.5853351569778502
arxiv,扩展集余集,0.645,0.5857536422571403
arxiv,扩展集余集,0.6475,0.5860360890520309
arxiv,扩展集余集,0.65,0.5864355298990253
arxiv,扩展集余集,0.6525,0.5867867677127642
arxiv,扩展集余集,0.655,0.5871182301550444
arxiv,扩展集余集,0.6575,0.587547941727035
arxiv,扩展集余集,0.66,0.587844203924913
arxiv,扩展集余集,0.6625,0.5881857544382059
arxiv,扩展集余集,0.665,0.5884830541327714
arxiv,扩展集余集,0.6675,0.5888292647160094
arxiv,扩展集余集,0.67,0.5892705810677022
arxiv,扩展集余集,0.6725,0.5896370362794513
arxiv,扩展集余集,0.675,0.5899913065725813
arxiv,扩展集余集,0.6775,0.59032832453974
arxiv,扩展集余集,0.68,0.5906913907723697
arxiv,扩展集余集,0.6825,0.591003953204205
arxiv,扩展集余集,0.685,0.5913993535145534
arxiv,扩展集余集,0.6875,0.5917562268520518
arxiv,扩展集余集,0.6900000000000001,0.5920915031479473
arxiv,扩展集余集,0.6925,0.5925004689501825
arxiv,扩展集余集,0.6950000000000001,0.5928243208411924
arxiv,扩展集余集,0.6975,0.5932483725881509
arxiv,扩展集余集,0.7000000000000001,0.5937348298231535
arxiv,扩展集余集,0.7025,0.5940402498547478
arxiv,扩展集余集,0.705,0.5944815050756064
arxiv,扩展集余集,0.7075,0.5949121747500237
arxiv,扩展集余集,0.71,0.5953191655766112
arxiv,扩展集余集,0.7125,0.5957527803394267
arxiv,扩展集余集,0.715,0.5961854957714774
arxiv,扩展集余集,0.7175,0.5966126181775578
arxiv,扩展集余集,0.72,0.597095031487497
arxiv,扩展集余集,0.7225,0.597571235662371
arxiv,扩展集余集,0.725,0.5979519553736617
arxiv,扩展集余集,0.7275,0.5983597481678197
arxiv,扩展集余集,0.73,0.5988271975762566
arxiv,扩展集余集,0.7325,0.5992911821331645
arxiv,扩展集余集,0.735,0.5997118624730324
arxiv,扩展集余集,0.7375,0.6001903297817703
arxiv,扩展集余集,0.74,0.6006592969448049
arxiv,扩展集余集,0.7425,0.6011070437603182
arxiv,扩展集余集,0.745,0.6014024760744591
arxiv,扩展集余集,0.7475,0.601922054489609
arxiv,扩展集余集,0.75,0.6024351606228237
arxiv,扩展集余集,0.7525000000000001,0.6028574561243529
arxiv,扩展集余集,0.755,0.6031826686356915
arxiv,扩展集余集,0.7575000000000001,0.6038081617425586
arxiv,扩展集余集,0.76,0.6042536772556479
arxiv,扩展集余集,0.7625000000000001,0.6047202431334678
arxiv,扩展集余集,0.765,0.6051524881873896
arxiv,扩展集余集,0.7675000000000001,0.6056384352545287
arxiv,扩展集余集,0.77,0.6060093076273925
arxiv,扩展集余集,0.7725,0.6065630002422967
arxiv,扩展集余集,0.775,0.6071013671346533
arxiv,扩展集余集,0.7775,0.607559154505953
arxiv,扩展集余集,0.78,0.6080257572983051
arxiv,扩展集余集,0.7825,0.6085670655212422
arxiv,扩展集余集,0.785,0.6091049218301674
arxiv,扩展集余集,0.7875,0.6096923539877485
arxiv,扩展集余集,0.79,0.610212777162196
arxiv,扩展集余集,0.7925,0.6108820491471574
arxiv,扩展集余集,0.795,0.6114316047913076
arxiv,扩展集余集,0.7975,0.6120380317150268
arxiv,扩展集余集,0.8,0.6127800659097736
arxiv,扩展集余集,0.8025,0.6133115623364267
arxiv,扩展集余集,0.805,0.6139873775651993
arxiv,扩展集余集,0.8075,0.6146616152678434
arxiv,扩展集余集,0.81,0.6153656635820587
arxiv,扩展集余集,0.8125,0.6160919120408446
arxiv,扩展集余集,0.8150000000000001,0.6168806933458751
arxiv,扩展集余集,0.8175,0.6176732747795312
arxiv,扩展集余集,0.8200000000000001,0.6183500866214976
arxiv,扩展集余集,0.8225,0.6189083179722031
arxiv,扩展集余集,0.8250000000000001,0.6197969614708675
arxiv,扩展集余集,0.8275,0.6206884003173393
arxiv,扩展集余集,0.8300000000000001,0.6214799135606168
arxiv,扩展集余集,0.8325,0.6225585664530056
arxiv,扩展集余集,0.835,0.623447915610579
arxiv,扩展集余集,0.8375,0.6244842285084428
arxiv,扩展集余集,0.84,0.6252810246941516
arxiv,扩展集余集,0.8425,0.6263089152093225
arxiv,扩展集余集,0.845,0.6274285376239987
arxiv,扩展集余集,0.8475,0.6285921451178659
arxiv,扩展集余集,0.85,0.6295680916060932
arxiv,扩展集余集,0.8525,0.6305338242713745
arxiv,扩展集余集,0.855,0.6318099180854765
arxiv,扩展集余集,0.8575,0.633296088043391
arxiv,扩展集余集,0.86,0.6347921424202257
arxiv,扩展集余集,0.8625,0.6362224021908904
arxiv,扩展集余集,0.865,0.637432752156459
arxiv,扩展集余集,0.8675,0.6388356070723756
arxiv,扩展集余集,0.87,0.6404941469861423
arxiv,扩展集余集,0.8725,0.6424077100629766
arxiv,扩展集余集,0.875,0.645059459604685
arxiv,扩展集余集,0.8775000000000001,0.6480129787514098
arxiv,扩展集余集,0.88,0.6511656464636267
arxiv,扩展集余集,0.8825000000000001,0.6543904231992651
arxiv,扩展集余集,0.885,0.6588485696931311
arxiv,扩展集余集,0.8875000000000001,0.664856596335598
arxiv,扩展集余集,0.89,0.6705776369846284
arxiv,扩展集余集,0.8925000000000001,0.6795465647577955
arxiv,扩展集余集,0.895,0.6899895904546739
arxiv,扩展集余集,0.8975,0.707212385363723
arxiv,扩展集余集,0.9,0.7518693746509475
arxiv,扩展集余集,0.9025,0.7668258380711036
arxiv,扩展集余集,0.905,0.770420948885644
arxiv,扩展集余集,0.9075,0.7728963351600667
arxiv,扩展集余集,0.91,0.7752170027207969
arxiv,扩展集余集,0.9125,0.7767291789703287
arxiv,扩展集余集,0.915,0.7779912532820443
arxiv,扩展集余集,0.9175,0.7793722940214397
arxiv,扩展集余集,0.92,0.7805148034448002
arxiv,扩展集余集,0.9225,0.7813709343379742
arxiv,扩展集余集,0.925,0.7825951441874276
arxiv,扩展集余集,0.9275,0.7836746001122713
arxiv,扩展集余集,0.93,0.7846322575611308
arxiv,扩展集余集,0.9325,0.7854551300657227
arxiv,扩展集余集,0.935,0.7862714803106486
arxiv,扩展集余集,0.9375,0.7873707344448735
arxiv,扩展集余集,0.9400000000000001,0.7880136226530039
arxiv,扩展集余集,0.9425,0.7886681610893048
arxiv,扩展集余集,0.9450000000000001,0.7893239604705617
arxiv,扩展集余集,0.9475,0.7905375302987186
arxiv,扩展集余集,0.9500000000000001,0.7913119182355727
arxiv,扩展集余集,0.9525,0.7921812450686323
arxiv,扩展集余集,0.9550000000000001,0.7929061758717659
arxiv,扩展集余集,0.9575,0.7935593436473916
arxiv,扩展集余集,0.96,0.7945262921185895
arxiv,扩展集余集,0.9625,0.7957741350244195
arxiv,扩展集余集,0.965,0.7968685702445334
arxiv,扩展集余集,0.9675,0.7978352231564664
arxiv,扩展集余集,0.97,0.799064681162387
arxiv,扩展集余集,0.9725,0.8000205105558972
arxiv,扩展集余集,0.975,0.8010177395884731
arxiv,扩展集余集,0.9775,0.801969364684818
arxiv,扩展集余集,0.98,0.8030094917219804
arxiv,扩展集余集,0.9825,0.8039047791762887
arxiv,扩展集余集,0.985,0.8053140340905394
arxiv,扩展集余集,0.9875,0.8066428487609468
arxiv,扩展集余集,0.99,0.8086899340409355
arxiv,扩展集余集,0.9925,0.81058670102304
arxiv,扩展集余集,0.995,0.8141407035816703
arxiv,扩展集余集,0.9975,0.8182908020521636
arxiv,扩展集余集,1.0,0.8801833948739055
github,A1抽样集,0.0,0.206181693307646
github,A1抽样集,0.0025,0.2657391664920028
github,A1抽样集,0.005,0.2791762765177683
github,A1抽样集,0.0075,0.2873043036487001
github,A1抽样集,0.01,0.2956324070613373
github,A1抽样集,0.0125,0.30041950122976663
github,A1抽样集,0.015,0.30589383075618287
github,A1抽样集,0.0175,0.30915608940118205
github,A1抽样集,0.02,0.3127638058601301
github,A1抽样集,0.0225,0.31590974188989024
github,A1抽样集,0.025,0.31806321759006306
github,A1抽样集,0.0275,0.32082847218375804
github,A1抽样集,0.03,0.3229363079721938
github,A1抽样集,0.0325,0.326419505584775
github,A1抽样集,0.035,0.3276452176439204
github,A1抽样集,0.0375,0.32990134523270165
github,A1抽样集,0.04,0.33178706548337067
github,A1抽样集,0.0425,0.33334020818144383
github,A1抽样集,0.045,0.33467166085910094
github,A1抽样集,0.0475,0.3361177223373621
github,A1抽样集,0.05,0.337163726157397
github,A1抽样集,0.0525,0.338423113988628
github,A1抽样集,0.055,0.33979202447680834
github,A1抽样集,0.0575,0.3408608569344159
github,A1抽样集,0.06,0.34225162791158603
github,A1抽样集,0.0625,0.3435209470847212
github,A1抽样集,0.065,0.3443998901064742
github,A1抽样集,0.0675,0.34547754647243145
github,A1抽样集,0.07,0.34657877147462063
github,A1抽样集,0.0725,0.3473946456153341
github,A1抽样集,0.075,0.34822013722761924
github,A1抽样集,0.0775,0.3493996914247566
github,A1抽样集,0.08,0.3507152637809206
github,A1抽样集,0.0825,0.35162610252226645
github,A1抽样集,0.085,0.3521298862919869
github,A1抽样集,0.08750000000000001,0.3534981356768455
github,A1抽样集,0.09,0.3544194885431132
github,A1抽样集,0.0925,0.35513876159489405
github,A1抽样集,0.095,0.3558238311525353
github,A1抽样集,0.0975,0.3564380681106993
github,A1抽样集,0.1,0.3571249144430721
github,A1抽样集,0.10250000000000001,0.3579118445609638
github,A1抽样集,0.105,0.3588512086206393
github,A1抽样集,0.1075,0.35993094948315524
github,A1抽样集,0.11,0.36053247736254784
github,A1抽样集,0.1125,0.3614071228534092
github,A1抽样集,0.115,0.362097142326627
github,A1抽样集,0.11750000000000001,0.3630180607962646
github,A1抽样集,0.12,0.36368679090071904
github,A1抽样集,0.1225,0.3642943864523939
github,A1抽样集,0.125,0.36488369159002737
github,A1抽样集,0.1275,0.36574298395098137
github,A1抽样集,0.13,0.366388640788608
github,A1抽样集,0.1325,0.36698898279520803
github,A1抽样集,0.135,0.3678037586776436
github,A1抽样集,0.1375,0.36850486431385454
github,A1抽样集,0.14,0.36900675296206337
github,A1抽样集,0.14250000000000002,0.36953335734800746
github,A1抽样集,0.145,0.37021375339679935
github,A1抽样集,0.1475,0.3708996537995791
github,A1抽样集,0.15,0.37154677320683416
github,A1抽样集,0.1525,0.3720557888571437
github,A1抽样集,0.155,0.3725871124571674
github,A1抽样集,0.1575,0.3732766823930079
github,A1抽样集,0.16,0.3738275294490593
github,A1抽样集,0.1625,0.3744426676361865
github,A1抽样集,0.165,0.37495226899430345
github,A1抽样集,0.1675,0.3756241332348353
github,A1抽样集,0.17,0.37621093712138554
github,A1抽样集,0.17250000000000001,0.3768974226428457
github,A1抽样集,0.17500000000000002,0.3772552733563572
github,A1抽样集,0.1775,0.37770584312064837
github,A1抽样集,0.18,0.3782194672842761
github,A1抽样集,0.1825,0.37887528093384604
github,A1抽样集,0.185,0.3794255448486924
github,A1抽样集,0.1875,0.37993868133584063
github,A1抽样集,0.19,0.38028735629016097
github,A1抽样集,0.1925,0.3809339831744465
github,A1抽样集,0.195,0.3815032042744603
github,A1抽样集,0.1975,0.382020925099184
github,A1抽样集,0.2,0.38252200353841276
github,A1抽样集,0.2025,0.3829814438640937
github,A1抽样集,0.20500000000000002,0.38380013090641096
github,A1抽样集,0.20750000000000002,0.3844081632497591
github,A1抽样集,0.21,0.3849871870051999
github,A1抽样集,0.2125,0.3855397007481542
github,A1抽样集,0.215,0.3859446374695854
github,A1抽样集,0.2175,0.3864425472268857
github,A1抽样集,0.22,0.3869212777128962
github,A1抽样集,0.2225,0.38740800328350256
github,A1抽样集,0.225,0.3878676791810407
github,A1抽样集,0.2275,0.38828212230889425
github,A1抽样集,0.23,0.38877094947447577
github,A1抽样集,0.2325,0.3894415759234308
github,A1抽样集,0.23500000000000001,0.3898932126748449
github,A1抽样集,0.23750000000000002,0.39040644414010106
github,A1抽样集,0.24,0.3908367514311323
github,A1抽样集,0.2425,0.3912827521231363
github,A1抽样集,0.245,0.3917523192053339
github,A1抽样集,0.2475,0.39216470429513134
github,A1抽样集,0.25,0.3927220194812925
github,A1抽样集,0.2525,0.3932739383324747
github,A1抽样集,0.255,0.393805975679961
github,A1抽样集,0.2575,0.3941469046205866
github,A1抽样集,0.26,0.39458673572360997
github,A1抽样集,0.2625,0.3952598130141107
github,A1抽样集,0.265,0.3957108801005712
github,A1抽样集,0.2675,0.39614726907303466
github,A1抽样集,0.27,0.39652390186961345
github,A1抽样集,0.2725,0.3969246303515796
github,A1抽样集,0.275,0.3973692837452617
github,A1抽样集,0.2775,0.39765171064007915
github,A1抽样集,0.28,0.3979525612050497
github,A1抽样集,0.28250000000000003,0.39840106489802757
github,A1抽样集,0.28500000000000003,0.3987745379965326
github,A1抽样集,0.28750000000000003,0.39927743833608714
github,A1抽样集,0.29,0.3997066318672324
github,A1抽样集,0.2925,0.4000219534438056
github,A1抽样集,0.295,0.40030055344774834
github,A1抽样集,0.2975,0.4006865194890197
github,A1抽样集,0.3,0.4010627318702126
github,A1抽样集,0.3025,0.40149565940301557
github,A1抽样集,0.305,0.4018555307761188
github,A1抽样集,0.3075,0.4021611388938216
github,A1抽样集,0.31,0.40258782924282055
github,A1抽样集,0.3125,0.4029833408874636
github,A1抽样集,0.315,0.40332721832749713
github,A1抽样集,0.3175,0.4038158152163587
github,A1抽样集,0.32,0.40439509072750646
github,A1抽样集,0.3225,0.4049463252089647
github,A1抽样集,0.325,0.4052361050002856
github,A1抽样集,0.3275,0.40568136216672834
github,A1抽样集,0.33,0.4060540436624535
github,A1抽样集,0.3325,0.40641638193141694
github,A1抽样集,0.335,0.406755923264454
github,A1抽样集,0.3375,0.4071742259659826
github,A1抽样集,0.34,0.4075638933905756
github,A1抽样集,0.3425,0.40795452770814955
github,A1抽样集,0.34500000000000003,0.40840081252579513
github,A1抽样集,0.34750000000000003,0.40876338289294273
github,A1抽样集,0.35000000000000003,0.4091177922516219
github,A1抽样集,0.3525,0.4094273079772845
github,A1抽样集,0.355,0.4097582327920287
github,A1抽样集,0.3575,0.41020647120319365
github,A1抽样集,0.36,0.4105082943687672
github,A1抽样集,0.3625,0.4108714970877335
github,A1抽样集,0.365,0.41123247320603046
github,A1抽样集,0.3675,0.41161823289858696
github,A1抽样集,0.37,0.4121036101336439
github,A1抽样集,0.3725,0.412386995439005
github,A1抽样集,0.375,0.4127062984799786
github,A1抽样集,0.3775,0.41302736873561413
github,A1抽样集,0.38,0.413395832523112
github,A1抽样集,0.3825,0.41367211713582924
github,A1抽样集,0.385,0.413964487357597
github,A1抽样集,0.3875,0.4144933571018318
github,A1抽样集,0.39,0.4148206966706686
github,A1抽样集,0.3925,0.41513094675168777
github,A1抽样集,0.395,0.415463812704639
github,A1抽样集,0.3975,0.41578605709401034
github,A1抽样集,0.4,0.4160837700280525
github,A1抽样集,0.4025,0.41647621750652714
github,A1抽样集,0.405,0.4168104715146994
github,A1抽样集,0.40750000000000003,0.4171610623105298
github,A1抽样集,0.41000000000000003,0.41750840843682374
github,A1抽样集,0.41250000000000003,0.4179436949711745
github,A1抽样集,0.41500000000000004,0.41833660190258226
github,A1抽样集,0.4175,0.418804463811824
github,A1抽样集,0.42,0.4191023887142563
github,A1抽样集,0.4225,0.41956945255488975
github,A1抽样集,0.425,0.4198847853579302
github,A1抽样集,0.4275,0.4201569982805666
github,A1抽样集,0.43,0.4206097868148809
github,A1抽样集,0.4325,0.4209996736876052
github,A1抽样集,0.435,0.42141947478558006
github,A1抽样集,0.4375,0.42175676621819824
github,A1抽样集,0.44,0.4220273646247055
github,A1抽样集,0.4425,0.42238916264356113
github,A1抽样集,0.445,0.4227446419458148
github,A1抽样集,0.4475,0.4231077944733903
github,A1抽样集,0.45,0.423458586478434
github,A1抽样集,0.4525,0.4238989058413179
github,A1抽样集,0.455,0.42422891952735675
github,A1抽样集,0.4575,0.42452092296021654
github,A1抽样集,0.46,0.42480960731274786
github,A1抽样集,0.4625,0.425124245245335
github,A1抽样集,0.465,0.4255433747048083
github,A1抽样集,0.4675,0.4257985371363323
github,A1抽样集,0.47000000000000003,0.4261721667814518
github,A1抽样集,0.47250000000000003,0.4265587527529341
github,A1抽样集,0.47500000000000003,0.42703177127312203
github,A1抽样集,0.47750000000000004,0.4273829855263813
github,A1抽样集,0.48,0.42780880740716387
github,A1抽样集,0.4825,0.4282491265940655
github,A1抽样集,0.485,0.4285843399823667
github,A1抽样集,0.4875,0.4290681410907681
github,A1抽样集,0.49,0.42942532791465265
github,A1抽样集,0.4925,0.4296633001916418
github,A1抽样集,0.495,0.42997177436547956
github,A1抽样集,0.4975,0.43034523019153986
github,A1抽样集,0.5,0.4309583374861759
github,A1抽样集,0.5025000000000001,0.43128593875794446
github,A1抽样集,0.505,0.4315620972720244
github,A1抽样集,0.5075000000000001,0.43191863749144277
github,A1抽样集,0.51,0.43227189777209646
github,A1抽样集,0.5125,0.43260298617212617
github,A1抽样集,0.515,0.4328731398316564
github,A1抽样集,0.5175,0.433255494187948
github,A1抽样集,0.52,0.4336533823911136
github,A1抽样集,0.5225,0.43404258420426756
github,A1抽样集,0.525,0.434377644073245
github,A1抽样集,0.5275,0.4347503253659935
github,A1抽样集,0.53,0.43518291161110945
github,A1抽样集,0.5325,0.4355402264635141
github,A1抽样集,0.535,0.4358964378402198
github,A1抽样集,0.5375,0.4362552972709214
github,A1抽样集,0.54,0.4365433492459218
github,A1抽样集,0.5425,0.43683848216101645
github,A1抽样集,0.545,0.43728824342418593
github,A1抽样集,0.5475,0.437623561830835
github,A1抽样集,0.55,0.4379936614039055
github,A1抽样集,0.5525,0.438373745219298
github,A1抽样集,0.555,0.43879552268254446
github,A1抽样集,0.5575,0.43918055807971124
github,A1抽样集,0.56,0.4395251965430219
github,A1抽样集,0.5625,0.43996553423348955
github,A1抽样集,0.5650000000000001,0.44032254011290006
github,A1抽样集,0.5675,0.4407584813447929
github,A1抽样集,0.5700000000000001,0.4411457437927658
github,A1抽样集,0.5725,0.44144126825727814
github,A1抽样集,0.5750000000000001,0.4417589427050571
github,A1抽样集,0.5775,0.4421258640876044
github,A1抽样集,0.58,0.44252625490605263
github,A1抽样集,0.5825,0.4428220970748437
github,A1抽样集,0.585,0.4431112506837107
github,A1抽样集,0.5875,0.4434053664366178
github,A1抽样集,0.59,0.4436769646869159
github,A1抽样集,0.5925,0.44402976868318755
github,A1抽样集,0.595,0.44428482721393564
github,A1抽样集,0.5975,0.44477213675242394
github,A1抽样集,0.6,0.4449991162096962
github,A1抽样集,0.6025,0.44539942441180896
github,A1抽样集,0.605,0.44576551402245357
github,A1抽样集,0.6075,0.4461503694970955
github,A1抽样集,0.61,0.4465676464908717
github,A1抽样集,0.6125,0.4469048729239103
github,A1抽样集,0.615,0.4472000612488055
github,A1抽样集,0.6175,0.4475307234104252
github,A1抽样集,0.62,0.4478699596589954
github,A1抽样集,0.6225,0.44816925631734106
github,A1抽样集,0.625,0.4484429304443613
github,A1抽样集,0.6275000000000001,0.4489206015981856
github,A1抽样集,0.63,0.4494113206338005
github,A1抽样集,0.6325000000000001,0.4497572240288317
github,A1抽样集,0.635,0.45024958844174345
github,A1抽样集,0.6375000000000001,0.4505917319678456
github,A1抽样集,0.64,0.45096661789432485
github,A1抽样集,0.6425,0.45148666454229813
github,A1抽样集,0.645,0.45199513601473607
github,A1抽样集,0.6475,0.45251027198569843
github,A1抽样集,0.65,0.4528480694822067
github,A1抽样集,0.6525,0.45326573687453026
github,A1抽样集,0.655,0.45351070592140935
github,A1抽样集,0.6575,0.45407515434937057
github,A1抽样集,0.66,0.4545093855177446
github,A1抽样集,0.6625,0.45479343529631283
github,A1抽样集,0.665,0.45514714537822354
github,A1抽样集,0.6675,0.4556049516315684
github,A1抽样集,0.67,0.4560104215024278
github,A1抽样集,0.6725,0.4564284312415392
github,A1抽样集,0.675,0.45673161891121866
github,A1抽样集,0.6775,0.45699902399293335
github,A1抽样集,0.68,0.45732108886777595
github,A1抽样集,0.6825,0.45780597525915834
github,A1抽样集,0.685,0.45810136737879353
github,A1抽样集,0.6875,0.4583423148988237
github,A1抽样集,0.6900000000000001,0.45876046540650084
github,A1抽样集,0.6925,0.4593198250419878
github,A1抽样集,0.6950000000000001,0.4596033657349843
github,A1抽样集,0.6975,0.46007061846152436
github,A1抽样集,0.7000000000000001,0.46062881374782416
github,A1抽样集,0.7025,0.46097663063684613
github,A1抽样集,0.705,0.4612313279507547
github,A1抽样集,0.7075,0.4617367671546712
github,A1抽样集,0.71,0.46216351758603647
github,A1抽样集,0.7125,0.46257057920232064
github,A1抽样集,0.715,0.46302114275541795
github,A1抽样集,0.7175,0.4634642203420761
github,A1抽样集,0.72,0.463976725994188
github,A1抽样集,0.7225,0.46434395482501784
github,A1抽样集,0.725,0.4648564960464147
github,A1抽样集,0.7275,0.46544119496674663
github,A1抽样集,0.73,0.46597242747916534
github,A1抽样集,0.7325,0.4664291108896532
github,A1抽样集,0.735,0.46687161743268574
github,A1抽样集,0.7375,0.4672395912311118
github,A1抽样集,0.74,0.467650921495322
github,A1抽样集,0.7425,0.46814821617792257
github,A1抽样集,0.745,0.46865177491075816
github,A1抽样集,0.7475,0.46904009553547327
github,A1抽样集,0.75,0.4695724941262418
github,A1抽样集,0.7525000000000001,0.4699590487133308
github,A1抽样集,0.755,0.47033513951856415
github,A1抽样集,0.7575000000000001,0.4709447064813547
github,A1抽样集,0.76,0.4712787137545349
github,A1抽样集,0.7625000000000001,0.4719078895537454
github,A1抽样集,0.765,0.47238879359805364
github,A1抽样集,0.7675000000000001,0.4730260237830324
github,A1抽样集,0.77,0.4735513945903669
github,A1抽样集,0.7725,0.473982156167536
github,A1抽样集,0.775,0.4745488329461269
github,A1抽样集,0.7775,0.474936183368912
github,A1抽样集,0.78,0.4756802900179594
github,A1抽样集,0.7825,0.4763195782568595
github,A1抽样集,0.785,0.4767379374720939
github,A1抽样集,0.7875,0.4772816553785997
github,A1抽样集,0.79,0.4779798438789209
github,A1抽样集,0.7925,0.47842808549216226
github,A1抽样集,0.795,0.4788147886403901
github,A1抽样集,0.7975,0.47932274963148885
github,A1抽样集,0.8,0.4797910668026698
github,A1抽样集,0.8025,0.4803404046129349
github,A1抽样集,0.805,0.48075168625130094
github,A1抽样集,0.8075,0.48115629305812513
github,A1抽样集,0.81,0.481824963400317
github,A1抽样集,0.8125,0.4823644950015249
github,A1抽样集,0.8150000000000001,0.4831296997094018
github,A1抽样集,0.8175,0.48382662037867247
github,A1抽样集,0.8200000000000001,0.4843571115534631
github,A1抽样集,0.8225,0.4849178652191489
github,A1抽样集,0.8250000000000001,0.48557931396008963
github,A1抽样集,0.8275,0.48610941013332254
github,A1抽样集,0.8300000000000001,0.4868461139046509
github,A1抽样集,0.8325,0.48746235209423827
github,A1抽样集,0.835,0.48802138848318427
github,A1抽样集,0.8375,0.488666286688587
github,A1抽样集,0.84,0.4894778339508963
github,A1抽样集,0.8425,0.49020597896939794
github,A1抽样集,0.845,0.4909120511248319
github,A1抽样集,0.8475,0.49160526785320285
github,A1抽样集,0.85,0.49235394352029793
github,A1抽样集,0.8525,0.4930849389743473
github,A1抽样集,0.855,0.49401657609585203
github,A1抽样集,0.8575,0.49454978654907167
github,A1抽样集,0.86,0.4954664882606555
github,A1抽样集,0.8625,0.4962046515866937
github,A1抽样集,0.865,0.49692202325757623
github,A1抽样集,0.8675,0.4975779303536279
github,A1抽样集,0.87,0.49826756815284795
github,A1抽样集,0.8725,0.49916876305843455
github,A1抽样集,0.875,0.499879682230451
github,A1抽样集,0.8775000000000001,0.5012101989507671
github,A1抽样集,0.88,0.5017910002852674
github,A1抽样集,0.8825000000000001,0.5029287283428212
github,A1抽样集,0.885,0.5038742299206539
github,A1抽样集,0.8875000000000001,0.5052650626816118
github,A1抽样集,0.89,0.5060491701950811
github,A1抽样集,0.8925000000000001,0.5069110573062395
github,A1抽样集,0.895,0.507838787273389
github,A1抽样集,0.8975,0.5090752509687756
github,A1抽样集,0.9,0.5103018421008548
github,A1抽样集,0.9025,0.5114260897414763
github,A1抽样集,0.905,0.5129645156037755
github,A1抽样集,0.9075,0.5146110608597418
github,A1抽样集,0.91,0.5158056655537363
github,A1抽样集,0.9125,0.5173358100421748
github,A1抽样集,0.915,0.5185967192934023
github,A1抽样集,0.9175,0.5201777051983243
github,A1抽样集,0.92,0.5218082494109585
github,A1抽样集,0.9225,0.5234550878830689
github,A1抽样集,0.925,0.5248553868599829
github,A1抽样集,0.9275,0.5264380046197982
github,A1抽样集,0.93,0.5277743355909541
github,A1抽样集,0.9325,0.5292257032334154
github,A1抽样集,0.935,0.5309887130685319
github,A1抽样集,0.9375,0.5328883929381341
github,A1抽样集,0.9400000000000001,0.5350554018453899
github,A1抽样集,0.9425,0.5371805769072517
github,A1抽样集,0.9450000000000001,0.5394888322851996
github,A1抽样集,0.9475,0.5414294312784858
github,A1抽样集,0.9500000000000001,0.5428211672552389
github,A1抽样集,0.9525,0.5461127401023379
github,A1抽样集,0.9550000000000001,0.5492851217993047
github,A1抽样集,0.9575,0.5513321739492529
github,A1抽样集,0.96,0.5542423679598412
github,A1抽样集,0.9625,0.5584588019145423
github,A1抽样集,0.965,0.5620135293333451
github,A1抽样集,0.9675,0.5651872299116301
github,A1抽样集,0.97,0.5700010160577442
github,A1抽样集,0.9725,0.5737267873231647
github,A1抽样集,0.975,0.5763789834739385
github,A1抽样集,0.9775,0.5826235656347002
github,A1抽样集,0.98,0.5904103905361323
github,A1抽样集,0.9825,0.5966145454105098
github,A1抽样集,0.985,0.6075318308508473
github,A1抽样集,0.9875,0.6168315267177801
github,A1抽样集,0.99,0.6265508064998359
github,A1抽样集,0.9925,0.6397936180895728
github,A1抽样集,0.995,0.6569609443001077
github,A1抽样集,0.9975,0.6760321550009087
github,A1抽样集,1.0,0.7314394868258178
github,扩展集余集,0.0,0.1407348771535361
github,扩展集余集,0.0025,0.26062058567182134
github,扩展集余集,0.005,0.27608230708987735
github,扩展集余集,0.0075,0.2868169460731509
github,扩展集余集,0.01,0.29377101028473473
github,扩展集余集,0.0125,0.2995015593546557
github,扩展集余集,0.015,0.30408236931273613
github,扩展集余集,0.0175,0.30809238170043185
github,扩展集余集,0.02,0.31157210391345835
github,扩展集余集,0.0225,0.3148140554250995
github,扩展集余集,0.025,0.3175788562596924
github,扩展集余集,0.0275,0.32007381366670445
github,扩展集余集,0.03,0.32253988382483184
github,扩展集余集,0.0325,0.32459389044052894
github,扩展集余集,0.035,0.32643385905784533
github,扩展集余集,0.0375,0.3282735752393547
github,扩展集余集,0.04,0.329930852580471
github,扩展集余集,0.0425,0.33168741045913597
github,扩展集余集,0.045,0.33319301513112515
github,扩展集余集,0.0475,0.33456556340791815
github,扩展集余集,0.05,0.33598408764492615
github,扩展集余集,0.0525,0.3373538723966947
github,扩展集余集,0.055,0.33871494878150454
github,扩展集余集,0.0575,0.33987779982227917
github,扩展集余集,0.06,0.34096045806964587
github,扩展集余集,0.0625,0.3421186524978072
github,扩展集余集,0.065,0.34325590878544315
github,扩展集余集,0.0675,0.3443826439519705
github,扩展集余集,0.07,0.3453797159601426
github,扩展集余集,0.0725,0.34641605400112424
github,扩展集余集,0.075,0.3474234804792246
github,扩展集余集,0.0775,0.34846393016614163
github,扩展集余集,0.08,0.34940395213544656
github,扩展集余集,0.0825,0.35034915690752544
github,扩展集余集,0.085,0.3512808781735586
github,扩展集余集,0.08750000000000001,0.35222739157318184
github,扩展集余集,0.09,0.3531827620884827
github,扩展集余集,0.0925,0.3540550405103907
github,扩展集余集,0.095,0.3548925864952145
github,扩展集余集,0.0975,0.3557692596375131
github,扩展集余集,0.1,0.3566091934772401
github,扩展集余集,0.10250000000000001,0.3574489524899615
github,扩展集余集,0.105,0.358221592954376
github,扩展集余集,0.1075,0.35901509924833286
github,扩展集余集,0.11,0.3597565156921958
github,扩展集余集,0.1125,0.360591028546079
github,扩展集余集,0.115,0.36133473644661396
github,扩展集余集,0.11750000000000001,0.36204671470911387
github,扩展集余集,0.12,0.3627667020701137
github,扩展集余集,0.1225,0.36354072833790335
github,扩展集余集,0.125,0.36425147266583474
github,扩展集余集,0.1275,0.36494578317886134
github,扩展集余集,0.13,0.36560966804994155
github,扩展集余集,0.1325,0.3663130819756656
github,扩展集余集,0.135,0.366948161345457
github,扩展集余集,0.1375,0.3676154181194297
github,扩展集余集,0.14,0.3682779600165462
github,扩展集余集,0.14250000000000002,0.36889714976225624
github,扩展集余集,0.145,0.3695100484446254
github,扩展集余集,0.1475,0.3701619972240334
github,扩展集余集,0.15,0.3707649166563449
github,扩展集余集,0.1525,0.3714011994835667
github,扩展集余集,0.155,0.3719883441833412
github,扩展集余集,0.1575,0.372610019596078
github,扩展集余集,0.16,0.37321236049312345
github,扩展集余集,0.1625,0.37379033660795247
github,扩展集余集,0.165,0.37436670357494983
github,扩展集余集,0.1675,0.3749517699576211
github,扩展集余集,0.17,0.37558281886983874
github,扩展集余集,0.17250000000000001,0.37612798461346997
github,扩展集余集,0.17500000000000002,0.3767044736414923
github,扩展集余集,0.1775,0.37726384715723127
github,扩展集余集,0.18,0.3777957609142213
github,扩展集余集,0.1825,0.37834831646223793
github,扩展集余集,0.185,0.3788782934974717
github,扩展集余集,0.1875,0.3794248878649839
github,扩展集余集,0.19,0.3799862957555615
github,扩展集余集,0.1925,0.3805349331907279
github,扩展集余集,0.195,0.3810380709337348
github,扩展集余集,0.1975,0.3815199442421501
github,扩展集余集,0.2,0.38204019202856176
github,扩展集余集,0.2025,0.38255715755982583
github,扩展集余集,0.20500000000000002,0.38304145691020036
github,扩展集余集,0.20750000000000002,0.3835455033763114
github,扩展集余集,0.21,0.3840994771679656
github,扩展集余集,0.2125,0.38462339721167543
github,扩展集余集,0.215,0.385113534659203
github,扩展集余集,0.2175,0.385606522498209
github,扩展集余集,0.22,0.38608037767510966
github,扩展集余集,0.2225,0.3865691879864757
github,扩展集余集,0.225,0.3870371890006683
github,扩展集余集,0.2275,0.3874975702533478
github,扩展集余集,0.23,0.3879781592092259
github,扩展集余集,0.2325,0.38844808973150025
github,扩展集余集,0.23500000000000001,0.3889029992785557
github,扩展集余集,0.23750000000000002,0.389362902575784
github,扩展集余集,0.24,0.3898152852260459
github,扩展集余集,0.2425,0.3902616943817235
github,扩展集余集,0.245,0.39073521005182726
github,扩展集余集,0.2475,0.3911933681832656
github,扩展集余集,0.25,0.3916440281735306
github,扩展集余集,0.2525,0.39208989987212767
github,扩展集余集,0.255,0.3925262922789591
github,扩展集余集,0.2575,0.39298928062917793
github,扩展集余集,0.26,0.39342022463313825
github,扩展集余集,0.2625,0.39383213608765233
github,扩展集余集,0.265,0.3942810867450513
github,扩展集余集,0.2675,0.3946895367551791
github,扩展集余集,0.27,0.39510109875480004
github,扩展集余集,0.2725,0.39551197374114966
github,扩展集余集,0.275,0.39592633448063336
github,扩展集余集,0.2775,0.3963383761789629
github,扩展集余集,0.28,0.39673140120988776
github,扩展集余集,0.28250000000000003,0.3971323756872573
github,扩展集余集,0.28500000000000003,0.3975316730170331
github,扩展集余集,0.28750000000000003,0.39794250426290806
github,扩展集余集,0.29,0.3983569217883963
github,扩展集余集,0.2925,0.3987879605739435
github,扩展集余集,0.295,0.3992008087123088
github,扩展集余集,0.2975,0.39961459744776995
github,扩展集余集,0.3,0.40002054100733353
github,扩展集余集,0.3025,0.4004243081454502
github,扩展集余集,0.305,0.40081146858193895
github,扩展集余集,0.3075,0.40122294213071236
github,扩展集余集,0.31,0.4016509655304441
github,扩展集余集,0.3125,0.402050497425431
github,扩展集余集,0.315,0.4024479241786632
github,扩展集余集,0.3175,0.4028470439314685
github,扩展集余集,0.32,0.40323903496336977
github,扩展集余集,0.3225,0.40361508755464537
github,扩展集余集,0.325,0.40398211953655416
github,扩展集余集,0.3275,0.40434344680623907
github,扩展集余集,0.33,0.40469418730812706
github,扩展集余集,0.3325,0.4050915088444035
github,扩展集余集,0.335,0.4054969631882781
github,扩展集余集,0.3375,0.4058847944147457
github,扩展集余集,0.34,0.406278443582997
github,扩展集余集,0.3425,0.40666791742547453
github,扩展集余集,0.34500000000000003,0.4070770869896485
github,扩展集余集,0.34750000000000003,0.40746914976483284
github,扩展集余集,0.35000000000000003,0.40781836992993975
github,扩展集余集,0.3525,0.40822891910247183
github,扩展集余集,0.355,0.40862064664846887
github,扩展集余集,0.3575,0.4090035824499749
github,扩展集余集,0.36,0.4093853931907409
github,扩展集余集,0.3625,0.4097320804616463
github,扩展集余集,0.365,0.41011225610806473
github,扩展集余集,0.3675,0.41047092291124315
github,扩展集余集,0.37,0.4108820285135866
github,扩展集余集,0.3725,0.41123732914684014
github,扩展集余集,0.375,0.41160226235372777
github,扩展集余集,0.3775,0.4119606882115674
github,扩展集余集,0.38,0.4123285138340934
github,扩展集余集,0.3825,0.41269147902054865
github,扩展集余集,0.385,0.41306609715868964
github,扩展集余集,0.3875,0.4134277261228057
github,扩展集余集,0.39,0.4138128334022147
github,扩展集余集,0.3925,0.4141652509260122
github,扩展集余集,0.395,0.4145492660745241
github,扩展集余集,0.3975,0.4148956303119635
github,扩展集余集,0.4,0.4152461704055969
github,扩展集余集,0.4025,0.4156239166305065
github,扩展集余集,0.405,0.41597043408564705
github,扩展集余集,0.40750000000000003,0.4163324424919537
github,扩展集余集,0.41000000000000003,0.41666565682097045
github,扩展集余集,0.41250000000000003,0.41706162117850326
github,扩展集余集,0.41500000000000004,0.4174205604238825
github,扩展集余集,0.4175,0.4177944453981159
github,扩展集余集,0.42,0.41813130910563634
github,扩展集余集,0.4225,0.4184948458622812
github,扩展集余集,0.425,0.41884438610563146
github,扩展集余集,0.4275,0.4191656801593495
github,扩展集余集,0.43,0.41951184769230226
github,扩展集余集,0.4325,0.41985997708405415
github,扩展集余集,0.435,0.42020761887830943
github,扩展集余集,0.4375,0.4205648849102172
github,扩展集余集,0.44,0.4209348167090723
github,扩展集余集,0.4425,0.42127326514788255
github,扩展集余集,0.445,0.4216199190643499
github,扩展集余集,0.4475,0.4219788428216261
github,扩展集余集,0.45,0.42233134630432295
github,扩展集余集,0.4525,0.42268754398060343
github,扩展集余集,0.455,0.42304257399524015
github,扩展集余集,0.4575,0.4234005241965563
github,扩展集余集,0.46,0.42376585513099896
github,扩展集余集,0.4625,0.4241124973283924
github,扩展集余集,0.465,0.42447764892242534
github,扩展集余集,0.4675,0.424828892799329
github,扩展集余集,0.47000000000000003,0.42519156242131934
github,扩展集余集,0.47250000000000003,0.4255622011940636
github,扩展集余集,0.47500000000000003,0.4259105938763923
github,扩展集余集,0.47750000000000004,0.4262667029363504
github,扩展集余集,0.48,0.42658851901803896
github,扩展集余集,0.4825,0.42694989337380723
github,扩展集余集,0.485,0.42731786744522615
github,扩展集余集,0.4875,0.4276875848084949
github,扩展集余集,0.49,0.42804878047907147
github,扩展集余集,0.4925,0.42841725131585157
github,扩展集余集,0.495,0.42877318233516
github,扩展集余集,0.4975,0.42913791305587595
github,扩展集余集,0.5,0.4294995907596731
github,扩展集余集,0.5025000000000001,0.42983009545739304
github,扩展集余集,0.505,0.43017897723439386
github,扩展集余集,0.5075000000000001,0.43055803600182263
github,扩展集余集,0.51,0.4309121996197695
github,扩展集余集,0.5125,0.4312569043872005
github,扩展集余集,0.515,0.43163707046473754
github,扩展集余集,0.5175,0.43200291686569486
github,扩展集余集,0.52,0.43235192516124366
github,扩展集余集,0.5225,0.43270494755736816
github,扩展集余集,0.525,0.4330768729335707
github,扩展集余集,0.5275,0.4334328982385519
github,扩展集余集,0.53,0.433801487205549
github,扩展集余集,0.5325,0.43416659198017743
github,扩展集余集,0.535,0.4345532128941183
github,扩展集余集,0.5375,0.4349190693792078
github,扩展集余集,0.54,0.43528633729758803
github,扩展集余集,0.5425,0.4356527251060414
github,扩展集余集,0.545,0.43601259206812704
github,扩展集余集,0.5475,0.4363586968082367
github,扩展集余集,0.55,0.43671284826208495
github,扩展集余集,0.5525,0.4370475147240969
github,扩展集余集,0.555,0.4373960223301171
github,扩展集余集,0.5575,0.4377459712832342
github,扩展集余集,0.56,0.43814398364705787
github,扩展集余集,0.5625,0.438514287818538
github,扩展集余集,0.5650000000000001,0.4388554339049718
github,扩展集余集,0.5675,0.4392144096802912
github,扩展集余集,0.5700000000000001,0.43956593411219946
github,扩展集余集,0.5725,0.4399262132498656
github,扩展集余集,0.5750000000000001,0.4403048622881197
github,扩展集余集,0.5775,0.44065827759553833
github,扩展集余集,0.58,0.44103728350728727
github,扩展集余集,0.5825,0.4413970388810227
github,扩展集余集,0.585,0.4417447236535085
github,扩展集余集,0.5875,0.44214216486398034
github,扩展集余集,0.59,0.44251956363875533
github,扩展集余集,0.5925,0.4428754120821994
github,扩展集余集,0.595,0.443270493984058
github,扩展集余集,0.5975,0.4436594210001471
github,扩展集余集,0.6,0.44407239067020365
github,扩展集余集,0.6025,0.4444774508793527
github,扩展集余集,0.605,0.44485744898608676
github,扩展集余集,0.6075,0.445217725131885
github,扩展集余集,0.61,0.4455919535048952
github,扩展集余集,0.6125,0.4459746765415146
github,扩展集余集,0.615,0.4463781999015591
github,扩展集余集,0.6175,0.4467858560586333
github,扩展集余集,0.62,0.4471681316707907
github,扩展集余集,0.6225,0.447541990159964
github,扩展集余集,0.625,0.4479194690751604
github,扩展集余集,0.6275000000000001,0.44830369801912545
github,扩展集余集,0.63,0.44866998078885784
github,扩展集余集,0.6325000000000001,0.4490267061202313
github,扩展集余集,0.635,0.44939754669623105
github,扩展集余集,0.6375000000000001,0.44975779494776597
github,扩展集余集,0.64,0.4501747449017143
github,扩展集余集,0.6425,0.45058431105060764
github,扩展集余集,0.645,0.45098647423759086
github,扩展集余集,0.6475,0.45139020464467483
github,扩展集余集,0.65,0.4517920516684289
github,扩展集余集,0.6525,0.452168776108741
github,扩展集余集,0.655,0.45256764056233384
github,扩展集余集,0.6575,0.45296721458532024
github,扩展集余集,0.66,0.45335776567692115
github,扩展集余集,0.6625,0.45373394331918243
github,扩展集余集,0.665,0.4541380132566797
github,扩展集余集,0.6675,0.4545845675971331
github,扩展集余集,0.67,0.4549644224734275
github,扩展集余集,0.6725,0.4553704461982569
github,扩展集余集,0.675,0.4557781685215202
github,扩展集余集,0.6775,0.456153127083656
github,扩展集余集,0.68,0.4565431489208751
github,扩展集余集,0.6825,0.4569749782612492
github,扩展集余集,0.685,0.4574011649000235
github,扩展集余集,0.6875,0.45779781227352945
github,扩展集余集,0.6900000000000001,0.4582092872705858
github,扩展集余集,0.6925,0.4586232404094565
github,扩展集余集,0.6950000000000001,0.4590563422309465
github,扩展集余集,0.6975,0.4594809375415655
github,扩展集余集,0.7000000000000001,0.4599209587693626
github,扩展集余集,0.7025,0.4603538155832426
github,扩展集余集,0.705,0.4607971172156786
github,扩展集余集,0.7075,0.461257099579405
github,扩展集余集,0.71,0.4617100377342046
github,扩展集余集,0.7125,0.4621370466812913
github,扩展集余集,0.715,0.46257521212262215
github,扩展集余集,0.7175,0.4630618389015354
github,扩展集余集,0.72,0.4634970362046897
github,扩展集余集,0.7225,0.4639626306964195
github,扩展集余集,0.725,0.46444012081004216
github,扩展集余集,0.7275,0.46490615791063544
github,扩展集余集,0.73,0.46533362665698214
github,扩展集余集,0.7325,0.46583429615916366
github,扩展集余集,0.735,0.46627868358597335
github,扩展集余集,0.7375,0.46673660702995584
github,扩展集余集,0.74,0.4672157679099975
github,扩展集余集,0.7425,0.4676600252618464
github,扩展集余集,0.745,0.4681120363913624
github,扩展集余集,0.7475,0.4686009967544323
github,扩展集余集,0.75,0.4690958569062822
github,扩展集余集,0.7525000000000001,0.4695693559482707
github,扩展集余集,0.755,0.4700447994834653
github,扩展集余集,0.7575000000000001,0.4705158324015056
github,扩展集余集,0.76,0.4710034954637033
github,扩展集余集,0.7625000000000001,0.47148818468234793
github,扩展集余集,0.765,0.4719675214124996
github,扩展集余集,0.7675000000000001,0.47249024647085924
github,扩展集余集,0.77,0.47299759375710243
github,扩展集余集,0.7725,0.4735243866954351
github,扩展集余集,0.775,0.47406453853905817
github,扩展集余集,0.7775,0.47455974006214247
github,扩展集余集,0.78,0.4751090472699952
github,扩展集余集,0.7825,0.4756424685397703
github,扩展集余集,0.785,0.4762050447084467
github,扩展集余集,0.7875,0.47674260545490277
github,扩展集余集,0.79,0.4773183111905338
github,扩展集余集,0.7925,0.47787595199221267
github,扩展集余集,0.795,0.4784633635578963
github,扩展集余集,0.7975,0.4790051365171657
github,扩展集余集,0.8,0.4795380188094042
github,扩展集余集,0.8025,0.48009732086428974
github,扩展集余集,0.805,0.4806994131582506
github,扩展集余集,0.8075,0.4812815477539195
github,扩展集余集,0.81,0.48189919722189417
github,扩展集余集,0.8125,0.48249781437983064
github,扩展集余集,0.8150000000000001,0.4831284238668356
github,扩展集余集,0.8175,0.48375319976720954
github,扩展集余集,0.8200000000000001,0.4843625288311516
github,扩展集余集,0.8225,0.48500970039679536
github,扩展集余集,0.8250000000000001,0.48559930941457513
github,扩展集余集,0.8275,0.486218867358622
github,扩展集余集,0.8300000000000001,0.4868677808570266
github,扩展集余集,0.8325,0.48749663443112934
github,扩展集余集,0.835,0.4881868596135102
github,扩展集余集,0.8375,0.488864343821407
github,扩展集余集,0.84,0.4895279150337966
github,扩展集余集,0.8425,0.4901881806484619
github,扩展集余集,0.845,0.49087457884517166
github,扩展集余集,0.8475,0.4915515722259232
github,扩展集余集,0.85,0.4922339088857006
github,扩展集余集,0.8525,0.49299439855416344
github,扩展集余集,0.855,0.49369023056335776
github,扩展集余集,0.8575,0.4944168384176537
github,扩展集余集,0.86,0.4951867568914241
github,扩展集余集,0.8625,0.4959199182095911
github,扩展集余集,0.865,0.4967190857374099
github,扩展集余集,0.8675,0.49755111069176194
github,扩展集余集,0.87,0.4984007226343523
github,扩展集余集,0.8725,0.49919331600860234
github,扩展集余集,0.875,0.5000462049358378
github,扩展集余集,0.8775000000000001,0.5009698656878011
github,扩展集余集,0.88,0.5019154183058474
github,扩展集余集,0.8825000000000001,0.5028405662080043
github,扩展集余集,0.885,0.503728235548707
github,扩展集余集,0.8875000000000001,0.5047009278998599
github,扩展集余集,0.89,0.5057486060114025
github,扩展集余集,0.8925000000000001,0.5068307987058707
github,扩展集余集,0.895,0.5078212602277223
github,扩展集余集,0.8975,0.5089637913031929
github,扩展集余集,0.9,0.5100755735772281
github,扩展集余集,0.9025,0.5112726953919792
github,扩展集余集,0.905,0.5123900972888971
github,扩展集余集,0.9075,0.5135112366875928
github,扩展集余集,0.91,0.5147201228429142
github,扩展集余集,0.9125,0.5160553951079497
github,扩展集余集,0.915,0.5173244481116088
github,扩展集余集,0.9175,0.5186590325522056
github,扩展集余集,0.92,0.5200087175992933
github,扩展集余集,0.9225,0.5214770633404529
github,扩展集余集,0.925,0.5229242133176335
github,扩展集余集,0.9275,0.5245519432569661
github,扩展集余集,0.93,0.5260702078305691
github,扩展集余集,0.9325,0.5276661362410718
github,扩展集余集,0.935,0.5292892407712155
github,扩展集余集,0.9375,0.5311221010546279
github,扩展集余集,0.9400000000000001,0.533024059559994
github,扩展集余集,0.9425,0.5350420381850144
github,扩展集余集,0.9450000000000001,0.5371929513775603
github,扩展集余集,0.9475,0.5393258348940776
github,扩展集余集,0.9500000000000001,0.5415366003904712
github,扩展集余集,0.9525,0.5441104876318127
github,扩展集余集,0.9550000000000001,0.5466092122010691
github,扩展集余集,0.9575,0.5494542484256143
github,扩展集余集,0.96,0.5524204595266401
github,扩展集余集,0.9625,0.5556650690701188
github,扩展集余集,0.965,0.5592007850883679
github,扩展集余集,0.9675,0.5628083595454327
github,扩展集余集,0.97,0.5665041331866975
github,扩展集余集,0.9725,0.5709152597730077
github,扩展集余集,0.975,0.5758783480906151
github,扩展集余集,0.9775,0.5810196768346222
github,扩展集余集,0.98,0.5866684271241233
github,扩展集余集,0.9825,0.5930854715051894
github,扩展集余集,0.985,0.5999695893785484
github,扩展集余集,0.9875,0.6083378194001122
github,扩展集余集,0.99,0.6178116086455052
github,扩展集余集,0.9925,0.6301548971378751
github,扩展集余集,0.995,0.6464330213205335
github,扩展集余集,0.9975,0.6696886912469172
github,扩展集余集,1.0,0.7866835266196268
