field,block,source,sd,critic_information,stability,conditional_weight,total_weight
rps_doc_num_sentences,structure,Rule,0.36533880158957427,0.4010111018723547,0.9720854090919172,0.28552361005461746,0.057104722010923495
rps_doc_frac_chars_top_2gram,noise,Rule,0.279314265200581,1.1853254196014353,0.9999999999999998,0.1799165315449411,0.035983306308988224
rps_doc_frac_chars_top_3gram,noise,Rule,0.267823013009051,1.182900905728844,1.0,0.17954852279441094,0.03590970455888219
rps_lines_uppercase_letter_fraction,noise,Rule,0.2610432708002157,1.1020299252136867,0.9961488173778106,0.1666291901426725,0.0333258380285345
rps_lines_ending_with_terminal_punctution_mark,expression,Rule,0.31342481999060345,0.7394912095489369,0.9952037511486688,0.3998639781065553,0.07997279562131106
rps_doc_frac_no_alph_words,noise,Rule,0.3033776363233409,1.23966545055429,0.9917245155400487,0.18660746743470977,0.037321493486941956
fineweb_edu,education,Model,0.29350503149488566,0.5570930979815254,0.9876061455767355,0.3069686745678163,0.06139373491356326
rps_doc_word_count,structure,Rule,0.36946278185186726,0.3683991889923495,0.9823702400249654,0.26507884425116013,0.05301576885023203
modernbert_reasoning,reasoning,Model,0.32336658838193116,0.29370218509195956,0.9877804755921228,0.23547651249481613,0.04709530249896323
modernbert_professionalism,reasoning,Model,0.29926736907789786,0.39836756218408664,0.9638673274797176,0.3116601008645497,0.062332020172909945
rps_doc_frac_unique_words,reasoning,Rule,0.2636172983715423,0.26510969010315205,0.9959340776884655,0.21430691011866926,0.04286138202373385
rps_doc_unigram_entropy,reasoning,Rule,0.2659046775392268,0.2966574338786433,0.9907315561791223,0.23855647652196496,0.047711295304393
dsir_math,education,DSIR,0.25512571866919403,0.2648373566519062,0.9932464623149491,0.14676373945579532,0.029352747891159065
dsir_books,education,DSIR,0.26719354914634463,0.2751692822908192,0.9923388362949027,0.15234999235470034,0.03046999847094007
dsir_wiki,education,DSIR,0.261107535911841,0.26993087778726627,0.992178817161355,0.1494256023014122,0.02988512046028244
fluency_en,expression,Model,0.28690960367990775,0.4268902474879445,0.9970110691726283,0.23125092333619893,0.04625018466723979
rps_doc_mean_word_length,structure,Rule,0.38190791943396224,0.6253983871888142,0.9810535956907895,0.4493975456942223,0.08987950913884446
qurater,education,Model,0.23623433988701997,0.4547795399094652,0.9635654567635573,0.24449199132027571,0.04889839826405515
modernbert_readability,expression,Model,0.21538686312084654,0.33577868168858876,0.9983703825718493,0.18214282608627647,0.03642856521725529
modernbert_cleanliness,expression,Model,0.24179148963764577,0.3438907069520432,0.9994358815384321,0.1867422724709693,0.03734845449419386
ad_en,noise,Model,0.1815524480277345,0.7671038780803299,0.9998904391256258,0.116423343150329,0.0232846686300658
rps_lines_numerical_chars_fraction,noise,Rule,0.279795448564595,1.209547400288493,0.9307263793574114,0.17087494493293667,0.034174988986587336
