PC1,PC2
2.9992328287979078,4.846210902307759
1.8619019566921673,2.8683908023595164
-6.867701389989012,-1.8340892062445922
-0.5330657455901404,-1.0852328779125
-0.4373109807166936,2.570622000302655
-0.8530437476599871,-5.905868974603623
-5.68515180663833,0.12216342978398487
-6.449779561993222,2.763599996437552
-1.0363388049261286,4.5306051218083105
1.0491879637547687,-0.16477530934731643
2.641746870888828,1.8116888473556354
-2.7796512764357333,2.4711076262737772
2.1187650994538916,3.557840899283747
0.2332250992718019,6.21466685121622
1.6226086356874423,2.8034080968215944
2.4081363201997954,6.962432767462615
-7.862770711144608,2.2610108039371504
-1.143852547821205,-4.0665485642900165
2.562149088258552,-0.8155225372235222
3.112736051182155,-0.7243610354868717
-1.022765611621261,-9.84101609211068
0.677473573625503,3.7215045644936193
-0.6790732549387198,-5.6793092486314745
2.5028285226156117,4.291002798504524
2.332057100928017,-5.190177368539587
-0.24142759273497594,-1.1955419525092865
1.2434882435799506,2.1875234607169642
2.6407901966372935,-3.6115440950660007
5.833573895989351,-9.119552426308756
-3.908598960415919,-0.5360000241470881
3.2780194122710595,10.148965234467383
1.1307273084975518,-3.1862406879873717
4.0546588574119165,6.638454841729143
4.667627513376485,-1.5999717041817587
5.418905943411707,4.345666337294991
-2.90782391361692,-4.514646218085462
-4.284125479233163,-7.240350883194047
1.5900401410473566,5.965726776612663
2.09582546887239,4.188178699665006
4.39687685944698,2.47592571088373
1.6230408816228565,12.2557007982321
0.27127257412466754,-2.715275335810718
-5.386406405518776,0.6876637996736124
2.8155548693862813,2.003286053031611
2.454718316984131,7.964802136204611
2.366249963955404,4.244469071105507
2.53219732875592,2.4972758228017016
0.5651650613823681,-2.163963129921032
0.6838101057906217,7.208103023134559
-5.030006485731474,-9.182190049433837
-1.8843655290834858,5.191608243051993
3.475614664468065,4.955428347505689
4.3280889148095065,7.835733332865726
-0.42830189515796435,7.077156178124891
1.158051229876024,6.052666089497407
8.376127756231192,-0.5538417979800487
-1.163103925974002,-1.2553943381220645
4.7054210002422865,6.501430648714918
0.05477425960287208,-3.8823854784191836
0.570228979656464,3.618655640757194
5.0997355432530815,-2.493174384923145
-5.542184864300749,1.3359496379881444
4.586370381619576,3.390451874644173
-2.013823506113634,5.142162743742614
-6.229896445263454,3.174839581755935
2.7956970335247004,5.774391348555676
-2.327326204188656,3.75141147944034
-3.130722320257408,5.98443147097692
-4.735009982864761,-3.032061994229612
1.7302036051122092,3.4490978342408964
3.550018771877396,3.776624767733958
-1.3630024451331706,1.0282408648228816
-1.4926584213726528,3.4290731241919743
-1.4483553148010344,-1.381822810970142
2.6109815239169856,4.210984244080941
1.492193644097203,3.3691027478042916
0.5795918862392958,9.942435460407713
3.570141744117771,4.62528154249666
-5.600467785316641,3.368323110093703
0.2562999041934274,-3.3979218841067222
4.569272364040265,1.7705508772410319
-0.2414451869308275,5.641678990265273
3.482969302052337,9.195754861866332
-2.1654295244741855,3.556111345715234
4.794273779702531,1.1754848755649645
-1.7335597245003433,3.963828400553405
2.7768597158910624,2.26200625506271
5.293803650221026,3.0605623551892074
5.235067596045836,3.829458989939997
3.357306319016754,1.976068650034347
3.325236101539516,4.047837621031926
5.1138228300106,-1.0317918613798227
1.2741276565171522,4.5170424734936185
5.39335530268263,-2.2491815126686996
-2.3872110858996796,-7.50521876199294
-0.5456769260204721,-2.0515960904509054
-4.21808687039287,-0.1099110650837874
1.5625874337279488,0.6528384408032277
-0.8105085726639502,2.9437167608748354
5.563805478480807,6.525662523011572
2.768025856506053,2.099430329504462
0.9531780879919604,8.184038276755857
-1.3614458818694053,5.019771494092444
-0.715169388201999,-7.727266495402319
-2.451410500907212,2.837469221424331
4.237717341699684,-6.579206763289777
3.1304912166166248,3.010757028526687
2.7211439227162444,2.4145172557141215
3.0225469426439413,1.629356737008087
-5.184366644129926,1.9319031313038193
-3.602385596803981,-0.6226892757286222
-4.956676992820718,2.118583438658514
-4.785168890804214,-2.806772407829264
4.549261691055488,2.9422704828533646
-4.278008903776848,2.374398729300121
0.4335462845445125,1.6458497049803045
2.72305602284875,1.9827032999162386
3.1936477424867666,4.816489793903312
-4.120405667480485,-5.019436324525037
6.973932348432322,-1.0132162726726803
3.769974798068938,4.019824320682519
-2.707847497094843,1.1857824054876671
1.0392228796359926,-3.073484473336009
-4.2167883873805865,-3.0501257634831442
0.6818014501353514,4.696495031902077
-2.293626600902188,2.392116481422172
5.754434344537397,-7.281370723702862
-5.170084084987804,-2.0239319800546265
3.236101545408174,3.2981647382619883
-0.10191816964776812,2.8928341560355944
6.2175937583292695,4.0280965649615466
0.9794707012821001,-1.975456877317002
4.312002627566609,-6.921301944927741
2.2494700544738624,6.711812067158636
-4.826736752879676,-5.921794174145723
-9.604383904805523,0.5232225482318303
-1.1671948781713417,-5.46181311119865
-2.6117131099459647,-3.0529440608199794
2.875492696644719,5.827479270752623
1.738533680274025,4.656170888147214
2.1659853752872604,1.8766595905777734
-0.6413325042523864,0.9777080610807535
4.579511200003994,5.272853699576976
-2.9429840587471596,-0.5692797550359567
-0.040809568421802944,2.3083954325651423
0.5132370636283737,-1.7119581837852893
-5.556216383295757,-3.880412307377206
-0.8442132532509797,2.112177528317014
6.119129379804121,0.5191401774980111
-2.7140786877354532,1.4828145680140485
-0.3405518121501249,-1.9318545744892335
-3.2636175885327883,1.6682513113066642
3.7221561345022613,3.0438966012757893
1.8480076898967974,3.730960808599825
3.679100569443787,-0.8254622219519767
-0.057877200263677264,4.121570340531743
4.569781357952609,1.7724138726679897
3.1210787773990414,1.9565142386308734
3.142007068059107,-1.2996713511578566
5.589861805467462,0.6198652093225587
-3.2747600366765903,-1.4592956392239413
-5.115574929032765,-1.1306294825405359
-1.8192086562979846,-3.108839593053444
-0.7092624520087044,-1.1954574281081025
2.7725789263638845,-2.619323196370061
-5.250141116544037,-0.8147007934530186
2.0580466897806415,4.06760177259223
0.022342502223931304,3.56118244643612
-7.369987848562857,-3.9137554762811533
4.346196122441548,0.3987901726687082
3.2320334819354386,9.15604919951971
2.0489644474066826,3.0912746188444484
1.1924484102177821,2.6223012332455005
-2.4009858276662577,-8.623632418598929
3.205130014859983,-4.698466540192281
3.5184578644336635,-2.9699295244880535
5.251988622678903,-0.7726391604303959
-3.963353075314847,1.544717262998578
-7.895042693524998,8.205393687750503
3.848927373048029,4.906654895997873
3.731395181528128,0.8415131102432007
0.06374272114404211,4.881783737970146
-1.408508920606796,-4.805288974589396
-2.8269427403204355,2.7259797321052037
-3.688413799443321,5.774982918432958
-1.2031715453656715,4.662641069570966
-2.25255659724313,-4.628882436042931
3.8743527811485063,5.058459165677693
4.085123911903393,3.19894392371535
-2.8821500867633425,-2.4153704873992856
2.1857543512227124,-0.44622144123720275
-4.453574896337029,-5.105223821289774
3.1068163876751984,2.252507925293961
5.391729990937129,-7.279226443396261
-1.192384831135875,-2.437035237760747
4.509838771490237,-3.833708064464547
-8.289197121347698,-2.570820268372949
-0.16813555875170993,-3.4726097950842387
0.7767149584681471,-0.19924393406019902
5.90713503833956,-0.1583305016517862
