alpha,normalized_rmse,median_spearman,model,model_zh
1e-06,0.4107919802322503,0.8097794250180246,linear_ridge,线性 Ridge
1.778279410038923e-06,0.410791980185749,0.8097794250180246,linear_ridge,线性 Ridge
3.162277660168379e-06,0.4107919801030569,0.8097794250180246,linear_ridge,线性 Ridge
5.623413251903491e-06,0.4107919799560088,0.8097794250180246,linear_ridge,线性 Ridge
1e-05,0.4107919796945198,0.8097794250180246,linear_ridge,线性 Ridge
1.778279410038923e-05,0.4107919792295313,0.8097794250180246,linear_ridge,线性 Ridge
3.1622776601683795e-05,0.4107919784026904,0.8097794250180246,linear_ridge,线性 Ridge
5.623413251903491e-05,0.4107919769324568,0.8097794250180246,linear_ridge,线性 Ridge
0.0001,0.4107919743183532,0.8097794250180246,linear_ridge,线性 Ridge
0.0001778279410038,0.4107919696709559,0.8097794250180246,linear_ridge,线性 Ridge
0.0003162277660168,0.4107919614104083,0.8097794250180246,linear_ridge,线性 Ridge
0.0005623413251903,0.4107919467329386,0.8097794250180246,linear_ridge,线性 Ridge
0.001,0.410791920670533,0.8097794250180246,linear_ridge,线性 Ridge
0.0017782794100389,0.4107918744452075,0.809786398788066,linear_ridge,线性 Ridge
0.0031622776601683,0.4107917926260198,0.809786398788066,linear_ridge,线性 Ridge
0.0056234132519034,0.4107916483377221,0.8098013298085396,linear_ridge,线性 Ridge
0.01,0.4107913955760418,0.8097970382577449,linear_ridge,线性 Ridge
0.0177827941003892,0.4107909581840434,0.809774418208764,linear_ridge,线性 Ridge
0.0316227766016837,0.4107902186004535,0.8098065154324167,linear_ridge,线性 Ridge
0.0562341325190349,0.410789024242968,0.8097794250180246,linear_ridge,线性 Ridge
0.1,0.4107872822189184,0.809861500926975,linear_ridge,线性 Ridge
0.1778279410038923,0.4107853907925077,0.8098672229947013,linear_ridge,线性 Ridge
0.3162277660168379,0.4107858353046645,0.8099851512342501,linear_ridge,线性 Ridge
0.5623413251903491,0.4107986285458287,0.8104691129936714,linear_ridge,线性 Ridge
1.0,0.4108591112221376,0.811008864913425,linear_ridge,线性 Ridge
1.7782794100389228,0.4110847011755475,0.8119786659857406,linear_ridge,线性 Ridge
3.1622776601683795,0.411851602374487,0.8136743649935342,linear_ridge,线性 Ridge
5.623413251903491,0.414327122280743,0.8167042892619677,linear_ridge,线性 Ridge
10.0,0.4219737602225117,0.8141841654650324,linear_ridge,线性 Ridge
17.78279410038923,0.4442196473129973,0.8156701149277302,linear_ridge,线性 Ridge
31.622776601683796,0.5026122817541155,0.7515968145248968,linear_ridge,线性 Ridge
56.23413251903491,0.632813465070351,0.6738029791945618,linear_ridge,线性 Ridge
100.0,0.8711370836096219,0.5290747201908882,linear_ridge,线性 Ridge
177.82794100389228,1.2368001519506544,0.3540413176205353,linear_ridge,线性 Ridge
316.227766016838,1.7323721491277788,0.175267649717902,linear_ridge,线性 Ridge
562.341325190349,2.3582465941331106,0.0615840221272359,linear_ridge,线性 Ridge
1000.0,3.1105164739855504,-0.0132179764479692,linear_ridge,线性 Ridge
1778.2794100389228,3.943880280487227,-0.0880813084366166,linear_ridge,线性 Ridge
3162.2776601683795,4.755187189072848,-0.1277115448438447,linear_ridge,线性 Ridge
5623.413251903491,5.436952155535005,-0.1422835055675718,linear_ridge,线性 Ridge
10000.0,5.939334814397627,-0.1511603995719893,linear_ridge,线性 Ridge
1e-06,0.4006345851411743,0.8275254345910438,quadratic_ridge,二阶 Ridge
1.778279410038923e-06,0.4006340627668239,0.8275254345910438,quadratic_ridge,二阶 Ridge
3.162277660168379e-06,0.4006331342620173,0.8275241828887286,quadratic_ridge,二阶 Ridge
5.623413251903491e-06,0.4006314844566717,0.8275526144127442,quadratic_ridge,二阶 Ridge
1e-05,0.4006285548562703,0.8275526144127442,quadratic_ridge,二阶 Ridge
1.778279410038923e-05,0.4006233584861361,0.827552525005436,quadratic_ridge,二阶 Ridge
3.1622776601683795e-05,0.4006141596005376,0.8275512733031207,quadratic_ridge,二阶 Ridge
5.623413251903491e-05,0.4005979317839238,0.8275529720419772,quadratic_ridge,二阶 Ridge
0.0001,0.4005694780320873,0.82759311592337,quadratic_ridge,二阶 Ridge
0.0001778279410038,0.4005201107930429,0.8276271801078037,quadratic_ridge,二阶 Ridge
0.0003162277660168,0.4004359772741495,0.8276971860301439,quadratic_ridge,二阶 Ridge
0.0005623413251903,0.4002967309838593,0.8277148886771724,quadratic_ridge,二阶 Ridge
0.001,0.4000764232634376,0.8277840005264303,quadratic_ridge,二阶 Ridge
0.0017782794100389,0.3997489823391268,0.8281726540952838,quadratic_ridge,二阶 Ridge
0.0031622776601683,0.3992967109413159,0.8285239354092996,quadratic_ridge,二阶 Ridge
0.0056234132519034,0.3987130724346199,0.8288144197537222,quadratic_ridge,二阶 Ridge
0.01,0.3980001828906174,0.8289377124317644,quadratic_ridge,二阶 Ridge
0.0177827941003892,0.397188316519871,0.8289350302125177,quadratic_ridge,二阶 Ridge
0.0316227766016837,0.3963942179352601,0.8283776650530436,quadratic_ridge,二阶 Ridge
0.0562341325190349,0.3958904769459819,0.8284758342774744,quadratic_ridge,二阶 Ridge
0.1,0.396118497189785,0.8277688906913403,quadratic_ridge,二阶 Ridge
0.1778279410038923,0.3975813717507155,0.8271672689142948,quadratic_ridge,二阶 Ridge
0.3162277660168379,0.4007348264534219,0.827050413562445,quadratic_ridge,二阶 Ridge
0.5623413251903491,0.4060943021972442,0.8208787164829882,quadratic_ridge,二阶 Ridge
1.0,0.4146895933677919,0.8189411707064466,quadratic_ridge,二阶 Ridge
1.7782794100389228,0.4289140553606312,0.8186508651766402,quadratic_ridge,二阶 Ridge
3.1622776601683795,0.4533517333428903,0.8072548308556781,quadratic_ridge,二阶 Ridge
5.623413251903491,0.4948247844030607,0.7611954937286138,quadratic_ridge,二阶 Ridge
10.0,0.5612987079458911,0.6958903394330576,quadratic_ridge,二阶 Ridge
17.78279410038923,0.6597847555812192,0.6072049058147653,quadratic_ridge,二阶 Ridge
31.622776601683796,0.7926060923242241,0.482713275769332,quadratic_ridge,二阶 Ridge
56.23413251903491,0.953092004089811,0.4303761150879481,quadratic_ridge,二阶 Ridge
100.0,1.1299269200303002,0.3168899882411508,quadratic_ridge,二阶 Ridge
177.82794100389228,1.3233533930352197,0.2141141416612307,quadratic_ridge,二阶 Ridge
316.227766016838,1.5568444371932464,0.1179085699408338,quadratic_ridge,二阶 Ridge
562.341325190349,1.8692286189081864,0.0220636673018161,quadratic_ridge,二阶 Ridge
1000.0,2.2910607069620936,-0.0569468226788432,quadratic_ridge,二阶 Ridge
1778.2794100389228,2.8275151356426997,-0.1006226503759398,quadratic_ridge,二阶 Ridge
3162.2776601683795,3.4639200451937446,-0.1322859803618635,quadratic_ridge,二阶 Ridge
5623.413251903491,4.167273094087145,-0.1545420521909797,quadratic_ridge,二阶 Ridge
10000.0,4.869863533043649,-0.1689927766047539,quadratic_ridge,二阶 Ridge
