field,block,source,sd,critic_information,stability,total_weight,sd_column_normalized,critic_information_column_normalized,stability_column_normalized,total_weight_column_normalized
rps_doc_word_count,structure,Rule,0.36946278185186726,0.3683991889923495,0.9823702400249654,0.05301576885023203,0.9378847131313822,0.10623599482640031,0.7455054346589759,0.4464475024344719
rps_doc_num_sentences,structure,Rule,0.36533880158957427,0.4010111018723547,0.9720854090919172,0.057104722010923495,0.9173013957238357,0.139690009010024,0.5970386613382636,0.5078479522208552
rps_doc_frac_chars_top_2gram,noise,Rule,0.279314265200581,1.1853254196014353,0.9999999999999998,0.035983306308988224,0.48794183900588867,0.944256806617746,0.9999999999999968,0.19068500775594568
rps_doc_frac_chars_top_3gram,noise,Rule,0.267823013009051,1.182900905728844,1.0,0.03590970455888219,0.43058751715544563,0.9417696872089428,1.0,0.18957979075198977
rps_lines_numerical_chars_fraction,noise,Rule,0.279795448564595,1.209547400288493,0.9307263793574114,0.034174988986587336,0.4903434872395841,0.969104244682537,0.0,0.16353099239100893
fluency_en,expression,Model,0.28690960367990775,0.4268902474879445,0.9970110691726283,0.04625018466723979,0.5258511530167197,0.16623740313773291,0.9568532610300122,0.34485428393129997
qurater,education,Model,0.23623433988701997,0.4547795399094652,0.9635654567635573,0.04889839826405515,0.272924375239127,0.19484684986579714,0.4740488096555015,0.3846203315197203
modernbert_readability,expression,Model,0.21538686312084654,0.33577868168858876,0.9983703825718493,0.03642856521725529,0.1688719297538503,0.07277316429473604,0.9764756423435902,0.19737109491923538
modernbert_cleanliness,expression,Model,0.24179148963764577,0.3438907069520432,0.9994358815384321,0.03734845449419386,0.3006608264157384,0.08109465740125987,0.9918566626612687,0.21118431633264664
fineweb_edu,education,Model,0.29350503149488566,0.5570930979815254,0.9876061455767355,0.06139373491356326,0.5587697839314973,0.2998023376200366,0.821088398321065,0.5722525347661708
modernbert_professionalism,reasoning,Model,0.29926736907789786,0.39836756218408664,0.9638673274797176,0.062332020172909945,0.5875303540450475,0.13697820812451034,0.4784064672076851,0.5863419935317189
modernbert_reasoning,reasoning,Model,0.32336658838193116,0.29370218509195956,0.9877804755921228,0.04709530249896323,0.7078126659524238,0.029610172932648136,0.823604940891962,0.35754472399042186
rps_doc_unigram_entropy,reasoning,Rule,0.2659046775392268,0.2966574338786433,0.9907315561791223,0.047711295304393,0.42101285739517047,0.03264173183536034,0.8662052923623349,0.3667945817980784
rps_doc_frac_unique_words,reasoning,Rule,0.2636172983715423,0.26510969010315205,0.9959340776884655,0.04286138202373385,0.4095962529389499,0.00027936561630639937,0.9413063403671038,0.2939674191589574
dsir_math,education,DSIR,0.25512571866919403,0.2648373566519062,0.9932464623149491,0.029352747891159065,0.36721368338520266,0.0,0.9025092434550916,0.0911193602197059
dsir_books,education,DSIR,0.26719354914634463,0.2751692822908192,0.9923388362949027,0.03046999847094007,0.4274457818272894,0.010598715510498619,0.8894071995366835,0.10789619414926126
dsir_wiki,education,DSIR,0.261107535911841,0.26993087778726627,0.992178817161355,0.02988512046028244,0.3970697047888738,0.00522504548978468,0.8870972418346992,0.09911356164816634
rps_doc_mean_word_length,structure,Rule,0.38190791943396224,0.6253983871888142,0.9810535956907895,0.08987950913884446,1.0,0.3698713986519694,0.72649900303374,1.0
rps_lines_ending_with_terminal_punctution_mark,expression,Rule,0.31342481999060345,0.7394912095489369,0.9952037511486688,0.07997279562131106,0.6581920176040169,0.48691031358864495,0.9307637047574419,0.8512390232959942
rps_doc_frac_no_alph_words,noise,Rule,0.3033776363233409,1.23966545055429,0.9917245155400487,0.037321493486941956,0.6080452280167662,1.0,0.8805391665227379,0.21077946504017522
ad_en,noise,Model,0.1815524480277345,0.7671038780803299,0.9998904391256258,0.0232846686300658,0.0,0.5152359934742701,0.998418432971196,0.0
rps_lines_uppercase_letter_fraction,noise,Rule,0.2610432708002157,1.1020299252136867,0.9961488173778106,0.0333258380285345,0.39674894932772165,0.8588104649409236,0.9444062171651274,0.15077999018775415
