domain,n_reference,shift_fraction,mean_benefit,median_benefit,q10_benefit,q90_benefit,minimum_benefit,maximum_benefit,beneficial_fraction,bootstrap_median_ci_low,bootstrap_median_ci_high,bootstrap_positive_probability,share_benefit_spearman
ubuntu_irc,512,0.02,0.09423759033632044,0.10724879716714267,0.011492436532596679,0.14448984545336963,-0.11098622628461868,0.19047856129614965,0.912109375,0.07876965314538588,0.1290926667471799,1.0,-0.6623370688406733
enron_emails,512,0.02,0.07382988296334354,0.09725765510026738,-0.17553289037549683,0.288105325535084,-0.5703365556142272,0.5035973178728443,0.7265625,0.010702361997563898,0.19804596390879525,0.984,-0.04008341293332479
dm_mathematics,512,0.02,0.05886844126540161,0.06573037727818093,0.007789718618789066,0.09531788233459569,-0.07779433875804534,0.1359179180252199,0.91015625,0.04665221342154918,0.08462067501831598,1.0,-0.651675963242456
nih_exporter,512,0.02,0.05123083378612102,0.05350046416320939,-0.0523462585211363,0.1589801416856961,-0.14343265864981825,0.2851324238764644,0.75,0.004175292546508871,0.09727790622351831,0.984,-0.2949629886344302
hackernews,512,0.02,0.04327557571438562,0.038575526135074645,7.251099524947071e-05,0.09602259841478199,-0.05810742691204776,0.1599106623783714,0.8984375,0.01057227306679087,0.06514041411123145,0.998,-0.45464112591829103
gutenberg_pg_19,512,0.02,0.023713024953746026,0.023503848833975216,-0.005516016370457895,0.05143662276392629,-0.03077958697906953,0.09819536918914848,0.849609375,0.01360063073011375,0.03652670053548951,1.0,-0.5046346102438407
stackexchange,512,0.02,0.02090736530234458,0.0204152754588983,-0.0013037752846361236,0.04148745718127178,-0.019106303900658227,0.08363144110447496,0.880859375,0.015448198765044418,0.02373220189785876,1.0,-0.6279429660105803
pubmed_central,512,0.02,0.01740627059632133,0.017334831866995467,-0.00694274493809308,0.04291393448565529,-0.019485821366100005,0.06689935987214946,0.7890625,0.010776554372747837,0.02086460882585254,1.0,-0.5481589386792077
wikipedia_en,512,0.02,0.017522575138478512,0.017119663305970617,-0.002615341130113352,0.03859209906250604,-0.017617209186565758,0.06258846340854352,0.86328125,0.009618835309641412,0.02372141106908119,1.0,-0.5938966574019591
europarl,512,0.02,0.015339365435692049,0.01451924740366477,-0.022231271483380093,0.052446188824543605,-0.05340185577633344,0.12595598757630025,0.72265625,-0.010259317601670358,0.030282697526648923,0.874,-0.054939169413572415
uspto_backgrounds,512,0.02,0.015544545717035025,0.014282692743052158,-0.004195482512422832,0.03783932378247091,-0.02182573477387451,0.066113368554185,0.828125,0.00702755164763131,0.01984108542662333,1.0,-0.5802191852519019
freelaw,512,0.02,0.01410439771567109,0.01424643703057929,-0.006376416861209373,0.03201174115031182,-0.022571487865216157,0.06190751090162121,0.82421875,0.006870752616843704,0.020543458139564347,1.0,-0.6755453876451178
arxiv,512,0.02,0.015039736997777272,0.013436347868425139,-0.006166425983852575,0.03768048908319194,-0.018496689658944833,0.06701665965958836,0.802734375,0.00854201894659069,0.017699330450853715,1.0,-0.6880589371892272
github,512,0.02,0.014362412174197167,0.012620038654712779,-0.005319462505583265,0.03783911023742559,-0.01313969542770245,0.06491453644235795,0.79296875,0.007391002351265194,0.01723728268494155,1.0,-0.5704375930152669
pile_cc,512,0.02,0.013748425795143442,0.01167490231590388,-0.0031355635786297514,0.03257287900150327,-0.012332162899832327,0.0560563078706745,0.82421875,0.007040416992355622,0.015920894038865117,1.0,-0.5943369776656231
pubmed_abstracts,512,0.02,0.006503527641763436,0.005321675622053797,-0.011675753267355236,0.02757103795319668,-0.03416326232906372,0.05739301289101076,0.64453125,-0.0009924814359806443,0.011710167596749779,0.934,-0.262264598933487
philpapers,512,0.02,0.01179273359234099,0.004379564874918421,-0.08411267027711121,0.11154470643442327,-0.16129920873918288,0.35319892964481187,0.5234375,-0.029716133470662754,0.051629262869192706,0.696,0.09343971936163764
