domain,p_star,ci_low,ci_high,zero_probability,upper_bound,p_ref,delta
arxiv,0.0,0.0,0.2845309540046619,0.68,0.8546810610610607,0.11302252583269279,-0.11302252583269279
freelaw,0.0,0.0,0.3513440839599125,0.815,0.8558147658147651,0.0968248321520278,-0.0968248321520278
nih_exporter,0.0067046432291821,0.0,0.0517447882780138,0.395,0.0517447882778543,0.00588968021709595,0.0008149630120861499
pubmed_central,0.0,0.0,0.5573083263961265,0.415,0.8834634634634632,0.11375419105058357,-0.11375419105058357
wikipedia_en,0.0759062927900517,0.0,0.2585402911728768,0.505,0.6120578293724585,0.07507775607983627,0.0008285367102154328
dm_mathematics,0.0172151328332646,0.0,0.2219756043956936,0.515,0.2219756043956044,0.0254628540970504,-0.008247721263785798
github,0.0,0.0,0.2577623203563428,0.79,0.90745,0.11070066007050916,-0.11070066007050916
philpapers,0.0488082393771076,0.0,0.0488082393773107,0.39,0.0488082393771016,0.005487697351193036,0.043320542025914566
stackexchange,0.1490948482550418,0.0,0.5107781127051358,0.615,0.9531999099099095,0.09943242344413017,0.049662424810911626
enron_emails,0.0209218861602148,0.0,0.0239760239761351,0.385,0.0239760239760239,0.002211033043406226,0.018710853116808576
gutenberg_pg_19,0.0056800270604674,0.0,0.2999863961771412,0.425,0.3805603596403594,0.04691494424753537,-0.04123491718706797
pile_cc,0.0354807321791484,0.0,0.2751925756024584,0.74,0.8745699999999998,0.11948759779188561,-0.08400686561273721
ubuntu_irc,0.0339691154784678,0.0,0.1697532064127886,0.165,0.1697532064128255,0.019599998284005892,0.014369117194461909
europarl,0.1037515537515665,0.0,0.1037515537515592,0.295,0.1037515537515536,0.012737064754031531,0.09101448899753498
hackernews,0.0714568051475534,0.0,0.1111111111113796,0.135,0.1111111111111111,0.011650822378108678,0.059805982769444724
pubmed_abstracts,0.1891057748671518,0.0,0.5308669930065659,0.71,0.5308669930069929,0.06618116611257162,0.12292460875458018
uspto_backgrounds,0.2419049488707816,0.0,0.5561199999973101,0.38,0.55612,0.07556475309333588,0.16634019577744572
