,rps_doc_word_count,rps_doc_num_sentences,rps_doc_frac_chars_top_2gram,rps_doc_frac_chars_top_3gram,rps_lines_numerical_chars_fraction,fluency_en,qurater,modernbert_readability,modernbert_cleanliness,fineweb_edu,modernbert_professionalism,modernbert_reasoning,rps_doc_unigram_entropy,rps_doc_frac_unique_words,dsir_math,dsir_books,dsir_wiki,rps_doc_mean_word_length,rps_lines_ending_with_terminal_punctution_mark,rps_doc_frac_no_alph_words,ad_en,rps_lines_uppercase_letter_fraction
rps_doc_word_count,1.0,0.7800336380020992,-0.1414683805904759,-0.3283027757294026,0.0866817977756894,0.0035295783046689413,-0.0715060799935669,0.07895760013764393,0.01931843345098323,0.024255700978628846,-0.23185126716387672,-0.045332183541045776,0.08305606542164513,0.002063077516558016,-0.04656250908363111,-0.03744903233569181,-0.03713898404577934,0.21770252694014292,0.13910359361870536,0.19354412660230377,-0.2493501362503145,0.1864096939776938
rps_doc_num_sentences,0.7800336380020992,1.0,-0.12877705020740599,-0.26125374855526073,0.12836441058394904,-0.09967403556661991,-0.13556728588656866,-0.014726104991492888,-0.06283204704282638,-0.011486050299728458,-0.19799134964623222,-0.10550729159118812,-0.04957834939958871,0.1316779324628303,0.06683135642728198,0.06782963229226698,0.06731142195957054,0.11998555151095339,0.11054824706396107,0.13542061206957576,-0.22316746816063981,0.11999554826913884
rps_doc_frac_chars_top_2gram,-0.1414683805904759,-0.12877705020740599,1.0,0.5153443246174644,-0.09178664762120751,0.08677217105183997,0.28099825138037365,0.18681269843279047,0.22384167839366703,0.1615509912223453,0.29787033914990907,0.34765333075588595,0.48827651625461005,-0.272016963783928,-0.4167461180294337,-0.40969369196597955,-0.4135215320101823,-0.03434563925935104,-0.0711445519124579,-0.06320320167115795,-0.004099166094616065,0.05702965018766062
rps_doc_frac_chars_top_3gram,-0.3283027757294026,-0.26125374855526073,0.5153443246174644,1.0,-0.01233980545373502,0.0349535669051758,0.1423605796593751,0.062243173999130236,0.10688975487794002,-0.009921966990958953,0.11470022958553025,0.10166073228220161,0.20782764204863105,0.028963722131662827,-0.10355414255458381,-0.0962119171844652,-0.09864954017727363,-0.07199904539427042,0.018976321360461245,0.004830801985875022,0.04705933014512973,-0.028688400776792758
rps_lines_numerical_chars_fraction,0.0866817977756894,0.12836441058394904,-0.09178664762120751,-0.01233980545373502,1.0,-0.07609644539033861,-0.18429179962989717,-0.28144302754178063,-0.20743076096949828,-0.16870746780480664,-0.14412757146180843,-0.20769326436685748,-0.28938209783609886,0.22193722679454914,0.261054424939995,0.27003576313101363,0.25940563757807944,-0.11023953114484139,0.19455069045334722,0.27170086307936553,-0.17445879267035602,0.10983258087975212
fluency_en,0.0035295783046689413,-0.09967403556661991,0.08677217105183997,0.0349535669051758,-0.07609644539033861,1.0,0.6239973312745248,0.610188399263936,0.618375291855273,0.34293114606005715,0.020514153069503847,0.3029480554819802,0.29439975287069053,-0.25264243902049,-0.1630608153795637,-0.15062035065243812,-0.14780076092572975,0.35793674694150135,0.25722310550995703,0.3422409146942113,0.21616113903869502,0.29353035301704805
qurater,-0.0715060799935669,-0.13556728588656866,0.28099825138037365,0.1423605796593751,-0.18429179962989717,0.6239973312745248,1.0,0.677169852244852,0.6687584855532188,0.6315491425770657,0.4465517584942467,0.6404039775418717,0.5530003791110428,-0.48973271764247545,-0.468680219727325,-0.4692845144777547,-0.46526650922918295,0.21220196252654214,0.0337419312626059,0.1378361724345499,0.1723317980093921,0.0933407925751075
modernbert_readability,0.07895760013764393,-0.014726104991492888,0.18681269843279047,0.062243173999130236,-0.28144302754178063,0.610188399263936,0.677169852244852,1.0,0.6878332645573947,0.4273999720452756,0.1333961961557844,0.4437972960404324,0.5605023240196678,-0.4502613466294977,-0.43854795965819315,-0.4268954308986728,-0.4205216675985288,0.34541272666758416,0.11040310668424044,0.2605949720462275,0.040825338283840495,0.13579454250649475
modernbert_cleanliness,0.01931843345098323,-0.06283204704282638,0.22384167839366703,0.10688975487794002,-0.20743076096949828,0.618375291855273,0.6687584855532188,0.6878332645573947,1.0,0.4235507922333367,0.22970316808056832,0.6054767547163064,0.5435335989382647,-0.41723911137311137,-0.3939391579958623,-0.3878370939284073,-0.38854782759363504,0.33043466814262146,0.2463495921793212,0.15327094941470237,0.1705967097579156,0.12533109345834176
fineweb_edu,0.024255700978628846,-0.011486050299728458,0.1615509912223453,-0.009921966990958953,-0.16870746780480664,0.34293114606005715,0.6315491425770657,0.4273999720452756,0.4235507922333367,1.0,0.5061094626275673,0.6182712705960968,0.43408953117071136,-0.48137436400126515,-0.46776055000930916,-0.47871195981941966,-0.4763536773148346,0.0956518120257786,-0.14042797387920453,-0.09163421950776571,0.22347518818730658,-0.05256222200672058
modernbert_professionalism,-0.23185126716387672,-0.19799134964623222,0.29787033914990907,0.11470022958553025,-0.14412757146180843,0.020514153069503847,0.4465517584942467,0.1333961961557844,0.22970316808056832,0.5061094626275673,1.0,0.6882851387808404,0.3910589978357725,-0.5322754820632539,-0.6081706880743123,-0.6435602184773037,-0.639708270535102,-0.3669149515754183,-0.533321801108619,-0.5247641758264067,0.2811204535008517,-0.1989527692471695
modernbert_reasoning,-0.045332183541045776,-0.10550729159118812,0.34765333075588595,0.10166073228220161,-0.20769326436685748,0.3029480554819802,0.6404039775418717,0.4437972960404324,0.6054767547163064,0.6182712705960968,0.6882851387808404,1.0,0.7029807783930635,-0.679755530415748,-0.6954061244139238,-0.7059818846516911,-0.7105671848732156,0.10201822603937324,-0.13437067768328573,-0.17640302274818406,0.15885275107184574,-0.02220722567242323
rps_doc_unigram_entropy,0.08305606542164513,-0.04957834939958871,0.48827651625461005,0.20782764204863105,-0.28938209783609886,0.29439975287069053,0.5530003791110428,0.5605023240196678,0.5435335989382647,0.43408953117071136,0.3910589978357725,0.7029807783930635,1.0,-0.7571836892376748,-0.8839183447129663,-0.866746130454174,-0.8689089577109856,0.2353330004795192,-0.043499607434144875,0.015527179052790134,-0.06590926405164045,0.15860100939888366
rps_doc_frac_unique_words,0.002063077516558016,0.1316779324628303,-0.272016963783928,0.028963722131662827,0.22193722679454914,-0.25264243902049,-0.48973271764247545,-0.4502613466294977,-0.41723911137311137,-0.48137436400126515,-0.5322754820632539,-0.679755530415748,-0.7571836892376748,1.0,0.8859552219179097,0.8808805990714228,0.883982536697486,-0.114601505102637,0.1882952141017665,0.1301624353622788,-0.04071328653233593,-0.09197771791969984
dsir_math,-0.04656250908363111,0.06683135642728198,-0.4167461180294337,-0.10355414255458381,0.261054424939995,-0.1630608153795637,-0.468680219727325,-0.43854795965819315,-0.3939391579958623,-0.46776055000930916,-0.6081706880743123,-0.6954061244139238,-0.8839183447129663,0.8859552219179097,1.0,0.997476599459493,0.9976853110037537,-0.004227303770430217,0.2978177378083747,0.23857107014705708,0.003460655909161316,-0.09008485400438639
dsir_books,-0.03744903233569181,0.06782963229226698,-0.40969369196597955,-0.0962119171844652,0.27003576313101363,-0.15062035065243812,-0.4692845144777547,-0.4268954308986728,-0.3878370939284073,-0.47871195981941966,-0.6435602184773037,-0.7059818846516911,-0.866746130454174,0.8808805990714228,0.997476599459493,1.0,0.9992718918731628,0.022029847449062105,0.3287489904820299,0.2768878667919422,-0.013405554673708745,-0.07238522743882571
dsir_wiki,-0.03713898404577934,0.06731142195957054,-0.4135215320101823,-0.09864954017727363,0.25940563757807944,-0.14780076092572975,-0.46526650922918295,-0.4205216675985288,-0.38854782759363504,-0.4763536773148346,-0.639708270535102,-0.7105671848732156,-0.8689089577109856,0.883982536697486,0.9976853110037537,0.9992718918731628,1.0,0.019827681448989495,0.31880445882869,0.27339273929627617,-0.009126563168610187,-0.07577310089702165
rps_doc_mean_word_length,0.21770252694014292,0.11998555151095339,-0.03434563925935104,-0.07199904539427042,-0.11023953114484139,0.35793674694150135,0.21220196252654214,0.34541272666758416,0.33043466814262146,0.0956518120257786,-0.3669149515754183,0.10201822603937324,0.2353330004795192,-0.114601505102637,-0.004227303770430217,0.022029847449062105,0.019827681448989495,1.0,0.4501019949117702,0.4569241402938429,-0.09576842298536965,0.22733460368443595
rps_lines_ending_with_terminal_punctution_mark,0.13910359361870536,0.11054824706396107,-0.0711445519124579,0.018976321360461245,0.19455069045334722,0.25722310550995703,0.0337419312626059,0.11040310668424044,0.2463495921793212,-0.14042797387920453,-0.533321801108619,-0.13437067768328573,-0.043499607434144875,0.1882952141017665,0.2978177378083747,0.3287489904820299,0.31880445882869,0.4501019949117702,1.0,0.5948012206344964,-0.22126849370868693,0.14879554923636878
rps_doc_frac_no_alph_words,0.19354412660230377,0.13542061206957576,-0.06320320167115795,0.004830801985875022,0.27170086307936553,0.3422409146942113,0.1378361724345499,0.2605949720462275,0.15327094941470237,-0.09163421950776571,-0.5247641758264067,-0.17640302274818406,0.015527179052790134,0.1301624353622788,0.23857107014705708,0.2768878667919422,0.27339273929627617,0.4569241402938429,0.5948012206344964,1.0,-0.2684774810574249,0.29072788069307065
ad_en,-0.2493501362503145,-0.22316746816063981,-0.004099166094616065,0.04705933014512973,-0.17445879267035602,0.21616113903869502,0.1723317980093921,0.040825338283840495,0.1705967097579156,0.22347518818730658,0.2811204535008517,0.15885275107184574,-0.06590926405164045,-0.04071328653233593,0.003460655909161316,-0.013405554673708745,-0.009126563168610187,-0.09576842298536965,-0.22126849370868693,-0.2684774810574249,1.0,-0.2692901688709333
rps_lines_uppercase_letter_fraction,0.1864096939776938,0.11999554826913884,0.05702965018766062,-0.028688400776792758,0.10983258087975212,0.29353035301704805,0.0933407925751075,0.13579454250649475,0.12533109345834176,-0.05256222200672058,-0.1989527692471695,-0.02220722567242323,0.15860100939888366,-0.09197771791969984,-0.09008485400438639,-0.07238522743882571,-0.07577310089702165,0.22733460368443595,0.14879554923636878,0.29072788069307065,-0.2692901688709333,1.0
