figure,pdf_exists,pdf_bytes,png_exists,png_bytes,overleaf_pdf_exists
P2R_F01_经典标度律拟合与数据坍缩,True,79641,True,1174676,True
P2R_F02_质量模型成块交叉验证选择,True,96567,True,1290569,True
P2R_F03_GQ2预测观测边缘分布,True,48426,True,903083,True
P2R_F04_B7与B8质量响应压力测试,True,95546,True,2501334,True
P2R_F05_配比效应跨尺度迁移,True,80815,True,1426889,True
P2R_F06_广义标度律地形与等损失前沿,True,109400,True,862900,True
P2R_F07_资源弹性组成状态图,True,68099,True,639867,True
P2R_F08_质量提升的有限资源等价量,True,69095,True,695900,True
P2R_F09_配比接口物理门槛,True,79895,True,425153,True
P2R_F10_经典标度律外部证据验证,True,73859,True,841019,True
P2R_A01_经典模型选择与早期点敏感性,True,59570,True,342278,True
