start_rank,success,iterations,grid_loss,final_loss,final_N_B,final_D_B,final_Q_A,message
1,True,6,3.1691056633046766,3.1689810043284807,0.25918655199386736,4.821008897558744,0.6710562752851685,Optimization terminated successfully
2,True,9,3.1692100885668615,3.1689810043289017,0.2591859413406492,4.821023353843281,0.6710556640780527,Optimization terminated successfully
3,True,8,3.169319422507649,3.1689810043284865,0.2591866808848327,4.821006395403484,0.6710563340449499,Optimization terminated successfully
4,True,6,3.1696493652451707,3.16898100432848,0.2591865579147307,4.821008819825406,0.671056273224543,Optimization terminated successfully
5,True,8,3.16983502006318,3.1689810043285633,0.25918626879603596,4.821014115772895,0.6710561819342568,Optimization terminated successfully
6,True,7,3.1704404239098407,3.1689810043284807,0.2591865601493412,4.821008929595727,0.6710562546514075,Optimization terminated successfully
7,True,10,3.170636482327366,3.1689810043285482,0.25918635999333434,4.821014071735143,0.6710560026629036,Optimization terminated successfully
8,True,8,3.17160039649547,3.1689810043284816,0.2591866342901325,4.821007265554848,0.671056317202292,Optimization terminated successfully
9,True,11,3.171708253781461,3.1689810043284883,0.2591865008768765,4.821010358338968,0.6710561920552773,Optimization terminated successfully
10,True,7,3.1717238095375677,3.168981004328939,0.2591872661380221,4.82099247344398,0.6710569284076505,Optimization terminated successfully
11,True,7,3.1717568342615485,3.168981004328532,0.25918682396230225,4.821004164693874,0.6710563293167473,Optimization terminated successfully
12,True,8,3.1720115306446965,3.1689810043284883,0.25918668227721964,4.821006591150187,0.6710563061808665,Optimization terminated successfully
13,True,7,3.1720951209178563,3.168981004328482,0.2591866295372241,4.821007550136189,0.6710562904337374,Optimization terminated successfully
14,True,10,3.1726356723179916,3.1689810043284887,0.25918659203277017,4.821008916875251,0.6710561916342493,Optimization terminated successfully
15,True,9,3.1727234326326568,3.16898100432848,0.2591865910392599,4.821008040292296,0.6710563057858457,Optimization terminated successfully
16,True,11,3.1730352364920065,3.1689810043284834,0.25918658710723735,4.821008738622729,0.6710562244239168,Optimization terminated successfully
17,True,9,3.173146549728861,3.1689810043285043,0.25918650357626766,4.8210110069044365,0.6710561036142181,Optimization terminated successfully
18,True,10,3.173612040052086,3.168981004328523,0.25918660185815157,4.821009666963896,0.67105607575761,Optimization terminated successfully
19,True,9,3.1736268311862927,3.168981004328659,0.2591868828012264,4.820999654088664,0.6710567870411367,Optimization terminated successfully
20,True,7,3.174532962713599,3.1689810043284816,0.25918662926455394,4.821007247133084,0.6710563297483808,Optimization terminated successfully
