quality_cost_type,budget_FLOPs,log10_budget,N_B,D_B,Q_A,Q0,active_set
exponential,1e+19,19.0,0.2591866601824495,4.82100778634123,0.671056198083166,0.5389559587975633,budget
exponential,1.211527658628585e+19,19.083333333333332,0.2905914172949672,5.086679503179308,0.6967300076899038,0.5389559587975633,budget
exponential,1.4677992676220735e+19,19.166666666666668,0.3250842811109378,5.38904574463392,0.7219204020304486,0.5389559587975633,budget
exponential,1.7782794100389229e+19,19.25,0.3630393054413021,5.727896734311784,0.7467332200816885,0.5389559587975633,budget
exponential,2.1544346900318777e+19,19.333333333333332,0.4048660556771319,6.103720230157017,0.7712510749918888,0.5389559587975633,budget
exponential,2.610157215682544e+19,19.416666666666668,0.4510181448145596,6.517458475772135,0.795541453585364,0.5389559587975633,budget
exponential,3.162277660168379e+19,19.5,0.502000031599129,6.97036988550915,0.8196615788702989,0.5389559587975633,budget
exponential,3.831186849557277e+19,19.583333333333332,0.5583776387585576,7.46387938230626,0.8436628392840869,0.5389559587975633,budget
exponential,4.641588833612792e+19,19.666666666666668,0.6207908926820419,7.999418889743378,0.867595505908776,0.5389559587975633,budget
exponential,5.6234132519034905e+19,19.75,0.6899733487835268,8.578180712266464,0.8915145135679696,0.5389559587975633,budget
exponential,6.812920690579594e+19,19.833333333333332,0.7667829843145226,9.200641055832795,0.9154916388925916,0.5389559587975633,budget
exponential,8.254041852680207e+19,19.916666666666668,0.8522875565616089,9.865174812668656,0.9396469608804772,0.5389559587975633,budget
exponential,1e+20,20.0,0.9480339766047532,10.563029700392734,0.9642726563915762,0.5389559587975633,budget
exponential,1.211527658628585e+20,20.083333333333332,1.0590036858832332,11.221630296944982,0.991275848527924,0.5389559587975633,budget
exponential,1.4677992676220736e+20,20.166666666666668,1.145095997686526,12.665277844226267,0.999999,0.5389559587975633,Q_upper|budget
exponential,1.778279410038923e+20,20.25,1.2197958894352687,14.698281603471008,0.999999,0.5389559587975633,Q_upper|budget
exponential,2.1544346900318775e+20,20.333333333333332,1.3003308422987885,17.034151446189888,0.999999,0.5389559587975633,Q_upper|budget
exponential,2.610157215682544e+20,20.416666666666668,1.3872190293932047,19.71381355176284,0.999999,0.5389559587975633,Q_upper|budget
exponential,3.1622776601683794e+20,20.5,1.4810281773449032,22.78306503257298,0.999999,0.5389559587975633,Q_upper|budget
exponential,3.8311868495572776e+20,20.583333333333332,1.582378796052884,26.2930904610464,0.999999,0.5389559587975633,Q_upper|budget
exponential,4.641588833612792e+20,20.666666666666668,1.6919510130435211,30.30099232291712,0.999999,0.5389559587975633,Q_upper|budget
exponential,5.6234132519034906e+20,20.75,1.810486742534448,34.870437481560806,0.9999989999999996,0.5389559587975633,Q_upper|budget
exponential,6.812920690579594e+20,20.833333333333332,1.938799627856504,40.072271612622046,0.999999,0.5389559587975633,Q_upper|budget
exponential,8.254041852680207e+20,20.916666666666668,2.077777889663281,45.985303139700974,0.999999,0.5389559587975633,Q_upper|budget
exponential,1e+21,21.0,2.228392613162049,52.697101092962335,0.9999989999999996,0.5389559587975633,Q_upper|budget
exponential,1.211527658628585e+21,21.083333333333332,2.3917058644379767,60.30488539643026,0.999999,0.5389559587975633,Q_upper|budget
exponential,1.4677992676220737e+21,21.166666666666668,2.56887882906082,68.91652451567204,0.999999,0.5389559587975633,Q_upper|budget
exponential,1.7782794100389228e+21,21.25,2.7611774485747285,78.6517209937504,0.999999,0.5389559587975633,Q_upper|budget
exponential,2.154434690031878e+21,21.333333333333332,2.9699876443809257,89.64313180793148,0.999999,0.5389559587975633,Q_upper|budget
exponential,2.610157215682544e+21,21.416666666666668,3.1968189007687,102.03791333042852,0.999999,0.5389559587975633,Q_upper|budget
exponential,3.1622776601683794e+21,21.5,3.4433286524065325,115.99892157111717,0.999999,0.5389559587975633,Q_upper|budget
exponential,3.831186849557277e+21,21.583333333333332,3.7113115010129625,131.70706577756843,0.999999,0.5389559587975633,Q_upper|budget
exponential,4.641588833612792e+21,21.666666666666668,4.002739990619574,149.36246635234528,0.999999,0.5389559587975633,Q_upper|budget
exponential,5.623413251903491e+21,21.75,4.319757566740535,169.18722822540929,0.999999,0.5389559587975633,Q_upper|budget
exponential,6.812920690579594e+21,21.833333333333332,4.664709165889436,191.42737979117936,0.999999,0.5389559587975633,Q_upper|budget
exponential,8.254041852680206e+21,21.916666666666668,5.040147696906752,216.3559048969905,0.999999,0.5389559587975633,Q_upper|budget
exponential,1e+22,22.0,5.448863623985101,244.2753352581701,0.999999,0.5389559587975633,Q_upper|budget
exponential,1.2115276586285852e+22,22.083333333333332,5.893892909786572,275.5215530822572,0.9999989999999996,0.5389559587975633,Q_upper|budget
exponential,1.4677992676220736e+22,22.166666666666668,6.378555300626215,310.46685178272054,0.999999,0.5389559587975633,Q_upper|budget
exponential,1.7782794100389228e+22,22.25,6.906464277145744,349.52464506868523,0.999999,0.5389559587975633,Q_upper|budget
exponential,2.154434690031878e+22,22.333333333333332,7.481562967007104,393.1536601240778,0.999999,0.5389559587975633,Q_upper|budget
exponential,2.610157215682544e+22,22.416666666666668,8.108146663527103,441.8633401309762,0.999999,0.5389559587975633,Q_upper|budget
exponential,3.1622776601683792e+22,22.5,8.790932995199672,496.2175125269175,0.999999,0.5389559587975633,Q_upper|budget
exponential,3.8311868495572775e+22,22.583333333333332,9.53499765477068,556.8457898437092,0.9999989999999996,0.5389559587975633,Q_upper|budget
exponential,4.641588833612792e+22,22.666666666666668,10.34593363781307,624.4442941193117,0.999999,0.5389559587975633,Q_upper|budget
exponential,5.623413251903491e+22,22.75,11.229814455075738,699.7874820969041,0.999999,0.5389559587975633,Q_upper|budget
exponential,6.812920690579594e+22,22.833333333333332,12.193278627793427,783.7345927265237,0.9999989999999996,0.5389559587975633,Q_upper|budget
exponential,8.254041852680206e+22,22.916666666666668,13.243534753567468,877.2418706493362,0.999999,0.5389559587975633,Q_upper|budget
exponential,1e+23,23.0,14.388491966091896,981.3684701012992,0.999999,0.5389559587975633,Q_upper|budget
exponential,1.211527658628585e+23,23.083333333333332,15.636716542888225,1097.294689720659,0.999999,0.5389559587975633,Q_upper|budget
exponential,1.4677992676220616e+23,23.166666666666664,16.99759111587892,1226.329021073121,0.999999,0.5389559587975633,Q_upper|budget
exponential,1.7782794100389228e+23,23.25,18.48132999745013,1369.926230221471,0.999999,0.5389559587975633,Q_upper|budget
exponential,2.1544346900318777e+23,23.333333333333332,20.09907768649142,1529.7020530383163,0.999999,0.5389559587975633,Q_upper|budget
exponential,2.6101572156825224e+23,23.416666666666664,21.86296332568701,1707.4532891360795,0.999999,0.5389559587975633,Q_upper|budget
exponential,3.162277660168379e+23,23.5,23.786241802320408,1905.1740629723135,0.999999,0.5389559587975633,Q_upper|budget
exponential,3.831186849557277e+23,23.583333333333332,25.88336581519697,2125.0798763597413,0.999999,0.5389559587975633,Q_upper|budget
exponential,4.6415888336127536e+23,23.666666666666664,28.17007085344844,2369.6341383212007,0.999999,0.5389559587975633,Q_upper|budget
exponential,5.623413251903491e+23,23.75,30.663545866582623,2641.57130008646,0.999999,0.5389559587975633,Q_upper|budget
exponential,6.812920690579594e+23,23.833333333333332,33.3824930723923,2943.9328982531542,0.999999,0.5389559587975633,Q_upper|budget
exponential,8.254041852680139e+23,23.916666666666664,36.34737874209499,3280.0919103591964,0.9999989999999996,0.5389559587975633,Q_upper|budget
exponential,1e+24,24.0,39.58038890961048,3653.807457112252,0.9999989999999996,0.5389559587975633,Q_upper|budget
logarithmic,1e+19,19.0,0.3373131475869669,2.95275835646126,0.999999,0.5389559587975633,Q_upper|budget
logarithmic,1.211527658628585e+19,19.083333333333332,0.359421744970116,3.424884036218256,0.999999,0.5389559587975633,Q_upper|budget
logarithmic,1.4677992676220735e+19,19.166666666666668,0.3832638718021758,3.9670132172238257,0.999999,0.5389559587975633,Q_upper|budget
logarithmic,1.7782794100389229e+19,19.25,0.4089941531737923,4.58855046092052,0.999999,0.5389559587975633,Q_upper|budget
logarithmic,2.1544346900318777e+19,19.333333333333332,0.4367814744373378,5.300016745381532,0.999999,0.5389559587975633,Q_upper|budget
logarithmic,2.610157215682544e+19,19.416666666666668,0.4668106647257118,6.113162151726839,0.999999,0.5389559587975633,Q_upper|budget
logarithmic,3.162277660168379e+19,19.5,0.4992840701015297,7.041090531828162,0.999999,0.5389559587975633,Q_upper|budget
logarithmic,3.831186849557277e+19,19.583333333333332,0.5344227480478265,8.0984019567542,0.999999,0.5389559587975633,Q_upper|budget
logarithmic,4.641588833612792e+19,19.666666666666668,0.572468441357436,9.301343498339556,0.999999,0.5389559587975633,Q_upper|budget
logarithmic,5.6234132519034905e+19,19.75,0.6136858584552645,10.667972409261116,0.999999,0.5389559587975633,Q_upper|budget
logarithmic,6.812920690579594e+19,19.833333333333332,0.6583640850689674,12.218349998671282,0.999999,0.5389559587975633,Q_upper|budget
logarithmic,8.254041852680207e+19,19.916666666666668,0.7068188538572405,13.974749103821685,0.999999,0.5389559587975633,Q_upper|budget
logarithmic,1e+20,20.0,0.7593955370051007,15.961875162131063,0.999999,0.5389559587975633,Q_upper|budget
logarithmic,1.211527658628585e+20,20.083333333333332,0.8164712709556403,18.20712899589429,0.999999,0.5389559587975633,Q_upper|budget
logarithmic,1.4677992676220736e+20,20.166666666666668,0.8784584386254762,20.740879958668305,0.999999,0.5389559587975633,Q_upper|budget
logarithmic,1.778279410038923e+20,20.25,0.9458056793886652,23.59682493081007,0.999999,0.5389559587975633,Q_upper|budget
logarithmic,2.1544346900318775e+20,20.333333333333332,1.0190050804284816,26.812266991151045,0.999999,0.5389559587975633,Q_upper|budget
logarithmic,2.610157215682544e+20,20.416666666666668,1.0985925171257194,30.42857613823955,0.999999,0.5389559587975633,Q_upper|budget
logarithmic,3.1622776601683794e+20,20.5,1.1851530113567297,34.49160383532597,0.999999,0.5389559587975633,Q_upper|budget
logarithmic,3.8311868495572776e+20,20.583333333333332,1.27932498009723,39.05217692783447,0.999999,0.5389559587975633,Q_upper|budget
logarithmic,4.641588833612792e+20,20.666666666666668,1.381803919222509,44.16667679922172,0.999999,0.5389559587975633,Q_upper|budget
logarithmic,5.6234132519034906e+20,20.75,1.4933517172256343,49.8975344918974,0.999999,0.5389559587975633,Q_upper|budget
logarithmic,6.812920690579594e+20,20.833333333333332,1.6147954819055337,56.314105538840266,0.999999,0.5389559587975633,Q_upper|budget
logarithmic,8.254041852680207e+20,20.916666666666668,1.7470404460555733,63.49323404632915,0.999999,0.5389559587975633,Q_upper|budget
logarithmic,1e+21,21.0,1.891070779536868,71.52028137788167,0.999999,0.5389559587975633,Q_upper|budget
logarithmic,1.211527658628585e+21,21.083333333333332,2.0479637701238875,80.48984089775466,0.999999,0.5389559587975633,Q_upper|budget
logarithmic,1.4677992676220737e+21,21.166666666666668,2.218890430554127,90.50703560719836,0.999999,0.5389559587975633,Q_upper|budget
logarithmic,1.7782794100389228e+21,21.25,2.405129654486392,101.6884952911084,0.9999989999999996,0.5389559587975633,Q_upper|budget
logarithmic,2.154434690031878e+21,21.333333333333332,2.6080764157812983,114.1636905434398,0.999999,0.5389559587975633,Q_upper|budget
logarithmic,2.610157215682544e+21,21.416666666666668,2.829249095028145,128.07649836673576,0.999999,0.5389559587975633,Q_upper|budget
logarithmic,3.1622776601683794e+21,21.5,3.0703073707988287,143.5865297691424,0.999999,0.5389559587975633,Q_upper|budget
logarithmic,3.831186849557277e+21,21.583333333333332,3.333057024820712,160.87122231855517,0.999999,0.5389559587975633,Q_upper|budget
logarithmic,4.641588833612792e+21,21.666666666666668,3.619468470426969,180.1276021656605,0.999999,0.5389559587975633,Q_upper|budget
logarithmic,5.623413251903491e+21,21.75,3.931692450595025,201.5744164428729,0.9999989999999996,0.5389559587975633,Q_upper|budget
logarithmic,6.812920690579594e+21,21.833333333333332,4.272067236637481,225.45499979983757,0.999999,0.5389559587975633,Q_upper|budget
logarithmic,8.254041852680206e+21,21.916666666666668,4.643156351909074,252.03897070670865,0.999999,0.5389559587975633,Q_upper|budget
logarithmic,1e+22,22.0,5.047737626195052,281.6267513433128,0.999999,0.5389559587975633,Q_upper|budget
logarithmic,1.2115276586285852e+22,22.083333333333332,5.488852979048632,314.55142433680675,0.999999,0.5389559587975633,Q_upper|budget
logarithmic,1.4677992676220736e+22,22.166666666666668,5.969809059961194,351.18360472800657,0.999999,0.5389559587975633,Q_upper|budget
logarithmic,1.7782794100389228e+22,22.25,6.494221231743162,391.93450403671386,0.9999989999999996,0.5389559587975633,Q_upper|budget
logarithmic,2.154434690031878e+22,22.333333333333332,7.066023056155562,437.2614893539962,0.999999,0.5389559587975633,Q_upper|budget
logarithmic,2.610157215682544e+22,22.416666666666668,7.689517907944496,487.67185399331856,0.999999,0.5389559587975633,Q_upper|budget
logarithmic,3.1622776601683792e+22,22.5,8.36937749211029,543.7304924943397,0.999999,0.5389559587975633,Q_upper|budget
logarithmic,3.8311868495572775e+22,22.583333333333332,9.110716773531117,606.0637234634498,0.999999,0.5389559587975633,Q_upper|budget
logarithmic,4.641588833612792e+22,22.666666666666668,9.919106066995305,675.3678432241813,0.999999,0.5389559587975633,Q_upper|budget
logarithmic,5.623413251903491e+22,22.75,10.800600952816726,752.4177216309822,0.999999,0.5389559587975633,Q_upper|budget
logarithmic,6.812920690579594e+22,22.833333333333332,11.761831522145274,838.0724684449691,0.999999,0.5389559587975633,Q_upper|budget
logarithmic,8.254041852680206e+22,22.916666666666668,12.810016751331707,933.287304749826,0.999999,0.5389559587975633,Q_upper|budget
logarithmic,1e+23,23.0,13.953032409891502,1039.1232323427807,0.999999,0.5389559587975633,Q_upper|budget
logarithmic,1.211527658628585e+23,23.083333333333332,15.19945426938614,1156.7599717644964,0.999999,0.5389559587975633,Q_upper|budget
logarithmic,1.4677992676220616e+23,23.166666666666664,16.55866301930504,1287.506027479099,0.999999,0.5389559587975633,Q_upper|budget
logarithmic,1.7782794100389228e+23,23.25,18.04084480375524,1432.8184678631371,0.999999,0.5389559587975633,Q_upper|budget
logarithmic,2.1544346900318777e+23,23.333333333333332,19.65714687027171,1594.3130667422547,0.999999,0.5389559587975633,Q_upper|budget
logarithmic,2.6101572156825224e+23,23.416666666666664,21.419700318767383,1773.7869136922768,0.999999,0.5389559587975633,Q_upper|budget
logarithmic,3.162277660168379e+23,23.5,23.34174597878648,1973.2356247714056,0.999999,0.5389559587975633,Q_upper|budget
logarithmic,3.831186849557277e+23,23.583333333333332,25.43771846358198,2194.8766928147165,0.9999989999999996,0.5389559587975633,Q_upper|budget
logarithmic,4.6415888336127536e+23,23.666666666666664,27.723370458270512,2441.1727220956614,0.999999,0.5389559587975633,Q_upper|budget
logarithmic,5.623413251903491e+23,23.75,30.215865941502532,2714.8608727178625,0.999999,0.5389559587975633,Q_upper|budget
logarithmic,6.812920690579594e+23,23.833333333333332,32.9339352854873,3018.980941167132,0.999999,0.5389559587975633,Q_upper|budget
logarithmic,8.254041852680139e+23,23.916666666666664,35.8979249767822,3356.9174164017345,0.999999,0.5389559587975633,Q_upper|budget
logarithmic,1e+24,24.0,39.13021799523846,3732.412305061582,0.999999,0.5389559587975633,Q_upper|budget
power,1e+19,19.0,0.2152045633643783,6.814203445416403,0.5389559587975633,0.5389559587975633,Q_lower|budget
power,1.211527658628585e+19,19.083333333333332,0.2346811881960098,7.570448805258321,0.5389559587975633,0.5389559587975633,Q_lower|budget
power,1.4677992676220735e+19,19.166666666666668,0.2663527989221255,7.808004514876458,0.5581980096177175,0.5389559587975633,budget
power,1.7782794100389229e+19,19.25,0.3144734786125219,7.482559607795307,0.6013800564840865,0.5389559587975633,budget
power,2.1544346900318777e+19,19.333333333333332,0.3679328248145398,7.292829692968389,0.6453100063666211,0.5389559587975633,budget
power,2.610157215682544e+19,19.416666666666668,0.4284411053562147,7.170983760296047,0.691029617855499,0.5389559587975633,budget
power,3.162277660168379e+19,19.5,0.497868937603774,7.078378740606429,0.7393816137084341,0.5389559587975633,budget
power,3.831186849557277e+19,19.583333333333332,0.5785214203465024,6.987549219245852,0.791233662092763,0.5389559587975633,budget
power,4.641588833612792e+19,19.666666666666668,0.6735192630573025,6.87351437931607,0.8476981121212664,0.5389559587975633,budget
power,5.6234132519034905e+19,19.75,0.7878721291966596,6.701486933590807,0.9107793160702992,0.5389559587975633,budget
power,6.812920690579594e+19,19.833333333333332,0.9516323208257736,6.15580301438174,0.9999989999999996,0.5389559587975633,Q_upper|budget
power,8.254041852680207e+19,19.916666666666668,1.0093122942442685,7.201971986077073,0.999999,0.5389559587975633,Q_upper|budget
power,1e+20,20.0,1.0712024144196062,8.41549014546047,0.999999,0.5389559587975633,Q_upper|budget
power,1.211527658628585e+20,20.083333333333332,1.1376614140428858,9.82103684063568,0.999999,0.5389559587975633,Q_upper|budget
power,1.4677992676220736e+20,20.166666666666668,1.209082936817215,11.446538645498524,0.999999,0.5389559587975633,Q_upper|budget
power,1.778279410038923e+20,20.25,1.2858976805154942,13.323539755091872,0.999999,0.5389559587975633,Q_upper|budget
power,2.1544346900318775e+20,20.333333333333332,1.368573958251874,15.487624516347514,0.999999,0.5389559587975633,Q_upper|budget
power,2.610157215682544e+20,20.416666666666668,1.4576285581604165,17.978807488503037,0.999999,0.5389559587975633,Q_upper|budget
power,3.1622776601683794e+20,20.5,1.5536242795531616,20.84205579332377,0.999999,0.5389559587975633,Q_upper|budget
power,3.8311868495572776e+20,20.583333333333332,1.657176727333414,24.127798691460235,0.999999,0.5389559587975633,Q_upper|budget
power,4.641588833612792e+20,20.666666666666668,1.7689617041341368,27.892471831392182,0.999999,0.5389559587975633,Q_upper|budget
power,5.6234132519034906e+20,20.75,1.8897162235943128,32.199184665642406,0.999999,0.5389559587975633,Q_upper|budget
power,6.812920690579594e+20,20.833333333333332,2.020247790533444,37.11837000744344,0.999999,0.5389559587975633,Q_upper|budget
power,8.254041852680207e+20,20.916666666666668,2.161439384110833,42.72854938896836,0.999999,0.5389559587975633,Q_upper|budget
power,1e+21,21.0,2.314257298642356,49.117146247318026,0.999999,0.5389559587975633,Q_upper|budget
power,1.211527658628585e+21,21.083333333333332,2.479756863683276,56.3814254189989,0.999999,0.5389559587975633,Q_upper|budget
power,1.4677992676220737e+21,21.166666666666668,2.659093671641488,64.62945036577854,0.999999,0.5389559587975633,Q_upper|budget
power,1.7782794100389228e+21,21.25,2.853528970634214,73.981258790172,0.999999,0.5389559587975633,Q_upper|budget
power,2.154434690031878e+21,21.333333333333332,3.0644412991961967,84.57006995246883,0.999999,0.5389559587975633,Q_upper|budget
power,2.610157215682544e+21,21.416666666666668,3.2933411804615127,96.543557934219,0.999999,0.5389559587975633,Q_upper|budget
power,3.1622776601683794e+21,21.5,3.541870106392593,110.06567054029492,0.999999,0.5389559587975633,Q_upper|budget
power,3.831186849557277e+21,21.583333333333332,3.8118282829247008,125.31798056230872,0.999999,0.5389559587975633,Q_upper|budget
power,4.641588833612792e+21,21.666666666666668,4.10517472275555,142.5019253709626,0.999999,0.5389559587975633,Q_upper|budget
power,5.623413251903491e+21,21.75,4.424061703525198,161.84036344327964,0.999999,0.5389559587975633,Q_upper|budget
power,6.812920690579594e+21,21.833333333333332,4.770820133291133,183.5808483810916,0.999999,0.5389559587975633,Q_upper|budget
power,8.254041852680206e+21,21.916666666666668,5.1480018434161074,207.99755587669804,0.999999,0.5389559587975633,Q_upper|budget
power,1e+22,22.0,5.558397888837578,235.394187657333,0.999999,0.5389559587975633,Q_upper|budget
power,1.2115276586285852e+22,22.083333333333332,6.0050409960441575,266.1079207843879,0.999999,0.5389559587975633,Q_upper|budget
power,1.4677992676220736e+22,22.166666666666668,6.491247988142123,300.5123637122743,0.999999,0.5389559587975633,Q_upper|budget
power,1.7782794100389228e+22,22.25,7.02063426489043,339.02200573710894,0.999999,0.5389559587975633,Q_upper|budget
power,2.154434690031878e+22,22.333333333333332,7.597144789214836,382.0965998030729,0.999999,0.5389559587975633,Q_upper|budget
power,2.610157215682544e+22,22.416666666666668,8.225072812785497,430.2467195903452,0.999999,0.5389559587975633,Q_upper|budget
power,3.1622776601683792e+22,22.5,8.90911960763142,484.0380881781239,0.999999,0.5389559587975633,Q_upper|budget
power,3.8311868495572775e+22,22.583333333333332,9.65439234662739,544.099592686508,0.999999,0.5389559587975633,Q_upper|budget
power,4.641588833612792e+22,22.666666666666668,10.466475723794538,611.1286107003193,0.999999,0.5389559587975633,Q_upper|budget
power,5.623413251903491e+22,22.75,11.351426728840694,685.9012599608418,0.999999,0.5389559587975633,Q_upper|budget
power,6.812920690579594e+22,22.833333333333332,12.31590319684592,769.2764234740531,0.9999989999999996,0.5389559587975633,Q_upper|budget
power,8.254041852680206e+22,22.916666666666668,13.367122884738638,862.2103047137874,0.999999,0.5389559587975633,Q_upper|budget
power,1e+23,23.0,14.512963768004864,965.764534018036,0.9999989999999996,0.5389559587975633,Q_upper|budget
power,1.211527658628585e+23,23.083333333333332,15.762031250677502,1081.1173471560085,0.999999,0.5389559587975633,Q_upper|budget
power,1.4677992676220616e+23,23.166666666666664,17.123680657216635,1209.5793674789002,0.999999,0.5389559587975633,Q_upper|budget
power,1.7782794100389228e+23,23.25,18.608140946640063,1352.6046971765304,0.999999,0.5389559587975633,Q_upper|budget
power,2.1544346900318777e+23,23.333333333333332,20.226569820317213,1511.808343456457,0.999999,0.5389559587975633,Q_upper|budget
power,2.6101572156825224e+23,23.416666666666664,21.991094914109446,1688.9872718265844,0.999999,0.5389559587975633,Q_upper|budget
power,3.162277660168379e+23,23.5,23.914969326375104,1886.1358136980984,0.999999,0.5389559587975633,Q_upper|budget
power,3.831186849557277e+23,23.583333333333332,26.01263596276173,2105.470284968957,0.999999,0.5389559587975633,Q_upper|budget
power,4.6415888336127536e+23,23.666666666666664,28.299859490429466,2349.451766720289,0.9999989999999996,0.5389559587975633,Q_upper|budget
power,5.623413251903491e+23,23.75,30.793796122410026,2620.8172990564976,0.9999989999999996,0.5389559587975633,Q_upper|budget
power,6.812920690579594e+23,23.833333333333332,33.51321790698213,2922.602449424174,0.999999,0.5389559587975633,Q_upper|budget
power,8.254041852680139e+23,23.916666666666664,36.478460161721614,3258.1912913802585,0.999999,0.5389559587975633,Q_upper|budget
power,1e+24,24.0,39.711888065254165,3631.327147376458,0.999999,0.5389559587975633,Q_upper|budget
