quality_cost_type,budget_FLOPs,context_length,N_B,D_B,Q_A,N_ratio,D_ratio
exponential,1e+19,2048,0.265838679102642,5.012071600224134,0.6663686531825844,1.0,1.0
exponential,1e+19,4096,0.2591866601824495,4.82100778634123,0.671056198083166,0.9749772345294265,0.9618792728590789
exponential,1e+19,8192,0.2472888016337464,4.494641186303498,0.6795114890562489,0.9302212998818981,0.896763163978444
exponential,1e+19,32768,0.1998909130850801,3.3498592007193047,0.7149834535949062,0.7519256180471051,0.6683582095214886
exponential,1e+19,131072,0.1309520275255694,1.9882111380607972,0.7780004743022632,0.4925996020127981,0.3966845042620474
logarithmic,1e+19,2048,0.3501152994377812,3.0025007262867622,0.9999989999999996,1.0,1.0
logarithmic,1e+19,4096,0.3373131475869669,2.95275835646126,0.999999,0.9634344689553067,0.9834330198857205
logarithmic,1e+19,8192,0.3151612339641625,2.862224852645554,0.999999,0.9001641301315644,0.9532803198303671
logarithmic,1e+19,32768,0.2351305564700909,2.476355146168258,0.9999989999999994,0.6715803532369651,0.82476421220747
logarithmic,1e+19,131072,0.1376951357175878,1.8108645361652371,0.999999,0.39328511475705313,0.6031187670701285
power,1e+19,2048,0.2213086541151786,7.049700639124061,0.5389559587975633,1.0,1.0
power,1e+19,4096,0.2152045633643783,6.814203445416403,0.5389559587975633,0.972418201289031,0.9665947242637924
power,1e+19,8192,0.2044586217565568,6.403127855524079,0.5389559587975633,0.9238618461352518,0.9082836539169243
power,1e+19,32768,0.1691974802071536,4.568191284323072,0.55861752244988,0.7645316939078936,0.6479979105737856
power,1e+19,131072,0.1246339374584078,2.1798378858090586,0.6677960417236193,0.5631679337471498,0.3092099930756645
exponential,1e+22,2048,5.622127178116905,251.1546371771076,0.999999,1.0,1.0
exponential,1e+22,4096,5.448863623985101,244.2753352581701,0.999999,0.969181850811522,0.9726092976173624
exponential,1e+22,8192,5.146371421385824,232.06936651450815,0.999999,0.9153779803162632,0.9240098814136527
exponential,1e+22,32768,4.019749138052707,184.35611597366812,0.999999,0.7149872300468123,0.7340342907690973
exponential,1e+22,131072,2.5450356277571022,116.59453018604746,0.999999,0.45268197376665276,0.4642340332495159
logarithmic,1e+22,2048,5.197067175879992,290.71812770617333,0.999999,1.0,1.0
logarithmic,1e+22,4096,5.047737626195052,281.6267513433128,0.999999,0.9712665731207034,0.9687278655975345
logarithmic,1e+22,8192,4.785737092343266,265.6618820978826,0.999999,0.9208534218211105,0.9138125791948726
logarithmic,1e+22,32768,3.7942674799004017,205.2622075595719,0.999999,0.7300785907694061,0.706052316651643
logarithmic,1e+22,131072,2.4537849424220224,124.79149262017428,0.999999,0.4721480133661224,0.4292525327017107
power,1e+22,2048,5.737967869053693,241.80180349995643,0.999999,1.0,1.0
power,1e+22,4096,5.558397888837578,235.394187657333,0.999999,0.9687049519422056,0.9735005456953733
power,1e+22,8192,5.245200557311467,223.9990544423352,0.999999,0.914121632782253,0.9263746225216867
power,1e+22,32768,4.082432824339355,179.12372343954254,0.999999,0.7114771148087015,0.740787375639135
power,1e+22,131072,2.570958246135896,114.4164982546946,0.999999,0.44806076032626846,0.47318298126223535
exponential,1e+24,2048,40.72528697996312,3776.245086004932,0.9999989999999996,1.0,1.0
exponential,1e+24,4096,39.58038890961048,3653.807457112252,0.9999989999999996,0.971887292754599,0.9675768849467838
exponential,1e+24,8192,37.56814894446092,3439.486551817027,0.999999,0.9224772059419615,0.9108218543769949
exponential,1e+24,32768,29.91212663289914,2636.537066982712,0.999999,0.7344853493019198,0.6981901351567277
exponential,1e+24,131072,19.454835347500623,1586.026802332474,0.999999,0.47770898108274645,0.4200010238240142
logarithmic,1e+24,2048,40.246651300504055,3860.2378614072986,0.999999,1.0,1.0
logarithmic,1e+24,4096,39.13021799523846,3732.412305061582,0.999999,0.972260218696714,0.966886611412304
logarithmic,1e+24,8192,37.165807253298034,3509.095010809447,0.999999,0.9234509220605035,0.9090359549839144
logarithmic,1e+24,32768,29.66626312313068,2677.341342388012,0.999999,0.7371113413045407,0.6935690075357048
logarithmic,1e+24,131072,19.358496528570942,1600.7457974312929,0.999999,0.4809964531963059,0.41467543060875545
power,1e+24,2048,40.86502252512614,3752.2529366395847,0.999999,1.0,1.0
power,1e+24,4096,39.711888065254165,3631.327147376458,0.999999,0.9717818714240775,0.967772484609893
power,1e+24,8192,37.68576814596791,3419.539034003089,0.999999,0.9222010858502906,0.9113295643298329
power,1e+24,32768,29.98421370822616,2624.75506175808,0.999999,0.7337378485424829,0.6995144266870077
power,1e+24,131072,19.483190408942846,1581.7343975044173,0.999999,0.4767693544513152,0.4215425836726709
