fold_cutoff,horizon_months,model,lambda,rho,n_train,n_test,pinball,mae,rmse
2024-08,3,M-C,0.1,0.0,31,8,0.05193541525156993,0.0936183491409048,0.10875473024683988
2024-08,3,M-C,0.1,0.25,31,8,0.05193541525156993,0.0936183491409048,0.10875473024683988
2024-08,3,M-C,0.1,0.5,31,8,0.05193541525156993,0.0936183491409048,0.10875473024683988
2024-08,3,M-C,0.1,0.75,31,8,0.05193541525156993,0.0936183491409048,0.10875473024683988
2024-08,3,M-C,0.1,1.0,31,8,0.05193541525156993,0.0936183491409048,0.10875473024683988
2024-08,3,M-C,1.0,0.0,31,8,0.045485024074467015,0.0915257614493844,0.10884288269910908
2024-08,3,M-C,1.0,0.25,31,8,0.045485024074467015,0.0915257614493844,0.10884288269910908
2024-08,3,M-C,1.0,0.5,31,8,0.045485024074467015,0.0915257614493844,0.10884288269910908
2024-08,3,M-C,1.0,0.75,31,8,0.045485024074467015,0.0915257614493844,0.10884288269910908
2024-08,3,M-C,1.0,1.0,31,8,0.045485024074467015,0.0915257614493844,0.10884288269910908
2024-08,3,M-C,10.0,0.0,31,8,0.027988120262540685,0.27988120262540694,0.3054499754610344
2024-08,3,M-C,10.0,0.25,31,8,0.027988120262540685,0.27988120262540694,0.3054499754610344
2024-08,3,M-C,10.0,0.5,31,8,0.027988120262540685,0.27988120262540694,0.3054499754610344
2024-08,3,M-C,10.0,0.75,31,8,0.027988120262540685,0.27988120262540694,0.3054499754610344
2024-08,3,M-C,10.0,1.0,31,8,0.027988120262540685,0.27988120262540694,0.3054499754610344
2024-08,3,M-C,100.0,0.0,31,8,0.03317710906646034,0.33177109066460353,0.3552298549908997
2024-08,3,M-C,100.0,0.25,31,8,0.03317710906646034,0.33177109066460353,0.3552298549908997
2024-08,3,M-C,100.0,0.5,31,8,0.03317710906646034,0.33177109066460353,0.3552298549908997
2024-08,3,M-C,100.0,0.75,31,8,0.03317710906646034,0.33177109066460353,0.3552298549908997
2024-08,3,M-C,100.0,1.0,31,8,0.03317710906646034,0.33177109066460353,0.3552298549908997
2024-08,3,M-C,1000.0,0.0,31,8,0.03369606006552059,0.33696060065520594,0.36025811220740145
2024-08,3,M-C,1000.0,0.25,31,8,0.03369606006552059,0.33696060065520594,0.36025811220740145
2024-08,3,M-C,1000.0,0.5,31,8,0.03369606006552059,0.33696060065520594,0.36025811220740145
2024-08,3,M-C,1000.0,0.75,31,8,0.03369606006552059,0.33696060065520594,0.36025811220740145
2024-08,3,M-C,1000.0,1.0,31,8,0.03369606006552059,0.33696060065520594,0.36025811220740145
2024-08,3,M-C,10000.0,0.0,31,8,0.033747921153998946,0.33747921153998955,0.36076105044552925
2024-08,3,M-C,10000.0,0.25,31,8,0.033747921153998946,0.33747921153998955,0.36076105044552925
2024-08,3,M-C,10000.0,0.5,31,8,0.033747921153998946,0.33747921153998955,0.36076105044552925
2024-08,3,M-C,10000.0,0.75,31,8,0.033747921153998946,0.33747921153998955,0.36076105044552925
2024-08,3,M-C,10000.0,1.0,31,8,0.033747921153998946,0.33747921153998955,0.36076105044552925
2024-08,3,M-time,10000.0,0.0,31,8,0.23923413392503934,0.5579459329366014,0.6618285865607086
2024-08,3,M-scale,,,31,8,0.023906202606175642,0.2390620260617565,0.2742475724881896
2024-09,3,M-C,0.1,0.0,38,2,0.1908646236881894,0.29777427261184597,0.3157256743960112
2024-09,3,M-C,0.1,0.25,38,2,0.1908646236881894,0.29777427261184597,0.3157256743960112
2024-09,3,M-C,0.1,0.5,38,2,0.1908646236881894,0.29777427261184597,0.3157256743960112
2024-09,3,M-C,0.1,0.75,38,2,0.1908646236881894,0.29777427261184597,0.3157256743960112
2024-09,3,M-C,0.1,1.0,38,2,0.1908646236881894,0.29777427261184597,0.3157256743960112
2024-09,3,M-C,1.0,0.0,38,2,0.16535407696127452,0.2760897014226199,0.2844059329927118
2024-09,3,M-C,1.0,0.25,38,2,0.16535407696127452,0.2760897014226199,0.2844059329927118
2024-09,3,M-C,1.0,0.5,38,2,0.16535407696127452,0.2760897014226199,0.2844059329927118
2024-09,3,M-C,1.0,0.75,38,2,0.16535407696127452,0.2760897014226199,0.2844059329927118
2024-09,3,M-C,1.0,1.0,38,2,0.16535407696127452,0.2760897014226199,0.2844059329927118
2024-09,3,M-C,10.0,0.0,38,2,0.12726942199154287,0.30437438714342424,0.3106837031889417
2024-09,3,M-C,10.0,0.25,38,2,0.12726942199154287,0.30437438714342424,0.3106837031889417
2024-09,3,M-C,10.0,0.5,38,2,0.12726942199154287,0.30437438714342424,0.3106837031889417
2024-09,3,M-C,10.0,0.75,38,2,0.12726942199154287,0.30437438714342424,0.3106837031889417
2024-09,3,M-C,10.0,1.0,38,2,0.12726942199154287,0.30437438714342424,0.3106837031889417
2024-09,3,M-C,100.0,0.0,38,2,0.11103810304505897,0.30939886872341027,0.32808856890245847
2024-09,3,M-C,100.0,0.25,38,2,0.11103810304505897,0.30939886872341027,0.32808856890245847
2024-09,3,M-C,100.0,0.5,38,2,0.11103810304505897,0.30939886872341027,0.32808856890245847
2024-09,3,M-C,100.0,0.75,38,2,0.11103810304505897,0.30939886872341027,0.32808856890245847
2024-09,3,M-C,100.0,1.0,38,2,0.11103810304505897,0.30939886872341027,0.32808856890245847
2024-09,3,M-C,1000.0,0.0,38,2,0.10941231241614735,0.30990214118546194,0.33015216599772973
2024-09,3,M-C,1000.0,0.25,38,2,0.10941231241614735,0.30990214118546194,0.33015216599772973
2024-09,3,M-C,1000.0,0.5,38,2,0.10941231241614735,0.30990214118546194,0.33015216599772973
2024-09,3,M-C,1000.0,0.75,38,2,0.10941231241614735,0.30990214118546194,0.33015216599772973
2024-09,3,M-C,1000.0,1.0,38,2,0.10941231241614735,0.30990214118546194,0.33015216599772973
2024-09,3,M-C,10000.0,0.0,38,2,0.10924966675156537,0.30995090445210866,0.3303594402746028
2024-09,3,M-C,10000.0,0.25,38,2,0.10924966675156537,0.30995090445210866,0.3303594402746028
2024-09,3,M-C,10000.0,0.5,38,2,0.10924966675156537,0.30995090445210866,0.3303594402746028
2024-09,3,M-C,10000.0,0.75,38,2,0.10924966675156537,0.30995090445210866,0.3303594402746028
2024-09,3,M-C,10000.0,1.0,38,2,0.10924966675156537,0.30995090445210866,0.3303594402746028
2024-09,3,M-time,10000.0,0.0,38,2,0.11393096987373524,0.9011407422079664,1.233021766898804
2024-09,3,M-scale,,,38,2,0.10922912288738718,0.31089829230708427,0.33167689714763915
2024-11,3,M-C,0.1,0.0,39,2,0.3508105691648322,0.389789521294258,0.39066480654058255
2024-11,3,M-C,0.1,0.25,39,2,0.34930713280440706,0.38811903644934115,0.38903589015742174
2024-11,3,M-C,0.1,0.5,39,2,0.3478036964439818,0.3864485516044242,0.38740812813681225
2024-11,3,M-C,0.1,0.75,39,2,0.3463002600835565,0.38477806675950726,0.38578153509086544
2024-11,3,M-C,0.1,1.0,39,2,0.3447968237231313,0.3831075819145903,0.38415612586859166
2024-11,3,M-C,1.0,0.0,39,2,0.2616929015474747,0.2907698906083052,0.2925639071823613
2024-11,3,M-C,1.0,0.25,39,2,0.2603778845701808,0.2893087606335342,0.29116630679808064
2024-11,3,M-C,1.0,0.5,39,2,0.25906286759288694,0.28784763065876323,0.28977015178769844
2024-11,3,M-C,1.0,0.75,39,2,0.2577478506155929,0.28638650068399213,0.28837546314432605
2024-11,3,M-C,1.0,1.0,39,2,0.25643283363829905,0.28492537070922114,0.2869822622469035
2024-11,3,M-C,10.0,0.0,39,2,0.15382628733738055,0.17091809704153393,0.1800387685663983
2024-11,3,M-C,10.0,0.25,39,2,0.15358923649685075,0.17065470721872306,0.17981638868694722
2024-11,3,M-C,10.0,0.5,39,2,0.15335218565632097,0.17039131739591218,0.17959416265238562
2024-11,3,M-C,10.0,0.75,39,2,0.15311513481579117,0.1701279275731013,0.17937209103451393
2024-11,3,M-C,10.0,1.0,39,2,0.15287808397526143,0.16986453775029048,0.17915017440756936
2024-11,3,M-C,100.0,0.0,39,2,0.12346233251720724,0.1371803694635636,0.15040488844598604
2024-11,3,M-C,100.0,0.25,39,2,0.12343861331059813,0.13715401478955347,0.1503844542468302
2024-11,3,M-C,100.0,0.5,39,2,0.12341489410398901,0.13712766011554334,0.15036402240320237
2024-11,3,M-C,100.0,0.75,39,2,0.12339117489737988,0.1371013054415332,0.1503435929160629
2024-11,3,M-C,100.0,1.0,39,2,0.12336745569077076,0.13707495076752307,0.15032316578637253
2024-11,3,M-C,1000.0,0.0,39,2,0.12042239247801359,0.13380265830890398,0.14754483232873022
2024-11,3,M-C,1000.0,0.25,39,2,0.12042001187798504,0.13380001319776114,0.14754280516915866
2024-11,3,M-C,1000.0,0.5,39,2,0.12041763127795646,0.1337973680866183,0.14754077803442528
2024-11,3,M-C,1000.0,0.75,39,2,0.12041525067792797,0.1337947229754755,0.1475387509245311
2024-11,3,M-C,1000.0,1.0,39,2,0.12041287007789941,0.13379207786433267,0.14753672383947705
2024-11,3,M-C,10000.0,0.0,39,2,0.12003880249179949,0.13337644721311054,0.14717897015401785
2024-11,3,M-C,10000.0,0.25,39,2,0.12003858604352313,0.1333762067150257,0.1471787861048838
2024-11,3,M-C,10000.0,0.5,39,2,0.12003836959524669,0.13337596621694076,0.14717860205595618
2024-11,3,M-C,10000.0,0.75,39,2,0.12003815314697028,0.13337572571885586,0.14717841800723505
2024-11,3,M-C,10000.0,1.0,39,2,0.12003793669869388,0.13337548522077097,0.14717823395872048
2024-11,3,M-time,10000.0,0.0,39,2,0.032748884007879855,0.08670404959623679,0.09066564086106058
2024-11,3,M-scale,,,39,2,0.12002489196096008,0.13336099106773341,0.14716619266868858
2024-12,3,M-C,0.1,0.0,40,1,0.012318099252236921,0.12318099252236925,0.12318099252236925
2024-12,3,M-C,0.1,0.25,40,1,0.01377175216548185,0.13771752165481854,0.13771752165481854
2024-12,3,M-C,0.1,0.5,40,1,0.015225405078726792,0.15225405078726795,0.15225405078726795
2024-12,3,M-C,0.1,0.75,40,1,0.01667905799197172,0.16679057991971724,0.16679057991971724
2024-12,3,M-C,0.1,1.0,40,1,0.018132710905216648,0.18132710905216654,0.18132710905216654
2024-12,3,M-C,1.0,0.0,40,1,0.011827285463879043,0.11827285463879045,0.11827285463879045
2024-12,3,M-C,1.0,0.25,40,1,0.012334152091822145,0.12334152091822148,0.12334152091822148
2024-12,3,M-C,1.0,0.5,40,1,0.012841018719765248,0.12841018719765251,0.12841018719765251
2024-12,3,M-C,1.0,0.75,40,1,0.013347885347708352,0.13347885347708355,0.13347885347708355
2024-12,3,M-C,1.0,1.0,40,1,0.013854751975651466,0.1385475197565147,0.1385475197565147
2024-12,3,M-C,10.0,0.0,40,1,0.01184348771284964,0.11843487712849643,0.11843487712849643
2024-12,3,M-C,10.0,0.25,40,1,0.011894176387363894,0.11894176387363897,0.11894176387363897
2024-12,3,M-C,10.0,0.5,40,1,0.01194486506187816,0.11944865061878163,0.11944865061878163
2024-12,3,M-C,10.0,0.75,40,1,0.011995553736392415,0.11995553736392417,0.11995553736392417
2024-12,3,M-C,10.0,1.0,40,1,0.012046242410906679,0.12046242410906682,0.12046242410906682
2024-12,3,M-C,100.0,0.0,40,1,0.011887915976890692,0.11887915976890695,0.11887915976890695
2024-12,3,M-C,100.0,0.25,40,1,0.01189298529523469,0.11892985295234693,0.11892985295234693
2024-12,3,M-C,100.0,0.5,40,1,0.011898054613578688,0.1189805461357869,0.1189805461357869
2024-12,3,M-C,100.0,0.75,40,1,0.011903123931922685,0.11903123931922688,0.11903123931922688
2024-12,3,M-C,100.0,1.0,40,1,0.011908193250266683,0.11908193250266685,0.11908193250266685
2024-12,3,M-C,1000.0,0.0,40,1,0.011893287904404744,0.11893287904404748,0.11893287904404748
2024-12,3,M-C,1000.0,0.25,40,1,0.011893793704381182,0.11893793704381184,0.11893793704381184
2024-12,3,M-C,1000.0,0.5,40,1,0.011894299504357627,0.1189429950435763,0.1189429950435763
2024-12,3,M-C,1000.0,0.75,40,1,0.011894805304334075,0.11894805304334077,0.11894805304334077
2024-12,3,M-C,1000.0,1.0,40,1,0.01189531110431051,0.11895311104310513,0.11895311104310513
2024-12,3,M-C,10000.0,0.0,40,1,0.011896014779920413,0.11896014779920416,0.11896014779920416
2024-12,3,M-C,10000.0,0.25,40,1,0.011896065851250612,0.11896065851250615,0.11896065851250615
2024-12,3,M-C,10000.0,0.5,40,1,0.01189611692258081,0.11896116922580813,0.11896116922580813
2024-12,3,M-C,10000.0,0.75,40,1,0.011896167993911008,0.11896167993911011,0.11896167993911011
2024-12,3,M-C,10000.0,1.0,40,1,0.011896219065241206,0.11896219065241209,0.11896219065241209
2024-12,3,M-time,10000.0,0.0,40,1,0.012047242547610613,0.12047242547610615,0.12047242547610615
2024-12,3,M-scale,,,40,1,0.011934030609204203,0.11934030609204205,0.11934030609204205
2024-08,6,M-C,0.1,0.0,31,10,0.15595290201069623,0.20201086798987972,0.30044115018701784
2024-08,6,M-C,0.1,0.25,31,10,0.15595290201069623,0.20201086798987972,0.30044115018701784
2024-08,6,M-C,0.1,0.5,31,10,0.15595290201069623,0.20201086798987972,0.30044115018701784
2024-08,6,M-C,0.1,0.75,31,10,0.15595290201069623,0.20201086798987972,0.30044115018701784
2024-08,6,M-C,0.1,1.0,31,10,0.15595290201069623,0.20201086798987972,0.30044115018701784
2024-08,6,M-C,1.0,0.0,31,10,0.14584273360389,0.19483695843097015,0.2888699612578516
2024-08,6,M-C,1.0,0.25,31,10,0.14584273360389,0.19483695843097015,0.2888699612578516
2024-08,6,M-C,1.0,0.5,31,10,0.14584273360389,0.19483695843097015,0.2888699612578516
2024-08,6,M-C,1.0,0.75,31,10,0.14584273360389,0.19483695843097015,0.2888699612578516
2024-08,6,M-C,1.0,1.0,31,10,0.14584273360389,0.19483695843097015,0.2888699612578516
2024-08,6,M-C,10.0,0.0,31,10,0.03136614185949964,0.23404829147085002,0.2750099434860297
2024-08,6,M-C,10.0,0.25,31,10,0.03136614185949964,0.23404829147085002,0.2750099434860297
2024-08,6,M-C,10.0,0.5,31,10,0.03136614185949964,0.23404829147085002,0.2750099434860297
2024-08,6,M-C,10.0,0.75,31,10,0.03136614185949964,0.23404829147085002,0.2750099434860297
2024-08,6,M-C,10.0,1.0,31,10,0.03136614185949964,0.23404829147085002,0.2750099434860297
2024-08,6,M-C,100.0,0.0,31,10,0.028013246562171107,0.2771568195588278,0.31975661942691325
2024-08,6,M-C,100.0,0.25,31,10,0.028013246562171107,0.2771568195588278,0.31975661942691325
2024-08,6,M-C,100.0,0.5,31,10,0.028013246562171107,0.2771568195588278,0.31975661942691325
2024-08,6,M-C,100.0,0.75,31,10,0.028013246562171107,0.2771568195588278,0.31975661942691325
2024-08,6,M-C,100.0,1.0,31,10,0.028013246562171107,0.2771568195588278,0.31975661942691325
2024-08,6,M-C,1000.0,0.0,31,10,0.0282640249153299,0.28264024915329905,0.32463993184122114
2024-08,6,M-C,1000.0,0.25,31,10,0.0282640249153299,0.28264024915329905,0.32463993184122114
2024-08,6,M-C,1000.0,0.5,31,10,0.0282640249153299,0.28264024915329905,0.32463993184122114
2024-08,6,M-C,1000.0,0.75,31,10,0.0282640249153299,0.28264024915329905,0.32463993184122114
2024-08,6,M-C,1000.0,1.0,31,10,0.0282640249153299,0.28264024915329905,0.32463993184122114
2024-08,6,M-C,10000.0,0.0,31,10,0.028326265124746917,0.2832626512474693,0.3251314051623829
2024-08,6,M-C,10000.0,0.25,31,10,0.028326265124746917,0.2832626512474693,0.3251314051623829
2024-08,6,M-C,10000.0,0.5,31,10,0.028326265124746917,0.2832626512474693,0.3251314051623829
2024-08,6,M-C,10000.0,0.75,31,10,0.028326265124746917,0.2832626512474693,0.3251314051623829
2024-08,6,M-C,10000.0,1.0,31,10,0.028326265124746917,0.2832626512474693,0.3251314051623829
2024-08,6,M-time,10000.0,0.0,31,10,0.2572215378143937,0.519505891543017,0.6153620655265941
2024-08,6,M-scale,,,31,10,0.028606271245833075,0.20345407184516046,0.24752968889230745
2024-09,6,M-C,0.1,0.0,38,3,0.23180772331271524,0.3146991160233665,0.32703296006737914
2024-09,6,M-C,0.1,0.25,38,3,0.23180772331271524,0.3146991160233665,0.32703296006737914
2024-09,6,M-C,0.1,0.5,38,3,0.23180772331271524,0.3146991160233665,0.32703296006737914
2024-09,6,M-C,0.1,0.75,38,3,0.23180772331271524,0.3146991160233665,0.32703296006737914
2024-09,6,M-C,0.1,1.0,38,3,0.23180772331271524,0.3146991160233665,0.32703296006737914
2024-09,6,M-C,1.0,0.0,38,3,0.1952706645603092,0.27854270456262753,0.2840872173126097
2024-09,6,M-C,1.0,0.25,38,3,0.1952706645603092,0.27854270456262753,0.2840872173126097
2024-09,6,M-C,1.0,0.5,38,3,0.1952706645603092,0.27854270456262753,0.2840872173126097
2024-09,6,M-C,1.0,0.75,38,3,0.1952706645603092,0.27854270456262753,0.2840872173126097
2024-09,6,M-C,1.0,1.0,38,3,0.1952706645603092,0.27854270456262753,0.2840872173126097
2024-09,6,M-C,10.0,0.0,38,3,0.1247985961481905,0.24730771900727755,0.26506863455291024
2024-09,6,M-C,10.0,0.25,38,3,0.1247985961481905,0.24730771900727755,0.26506863455291024
2024-09,6,M-C,10.0,0.5,38,3,0.1247985961481905,0.24730771900727755,0.26506863455291024
2024-09,6,M-C,10.0,0.75,38,3,0.1247985961481905,0.24730771900727755,0.26506863455291024
2024-09,6,M-C,10.0,1.0,38,3,0.1247985961481905,0.24730771900727755,0.26506863455291024
2024-09,6,M-C,100.0,0.0,38,3,0.09722427970734171,0.23204244323483172,0.2715781556800084
2024-09,6,M-C,100.0,0.25,38,3,0.09722427970734171,0.23204244323483172,0.2715781556800084
2024-09,6,M-C,100.0,0.5,38,3,0.09722427970734171,0.23204244323483172,0.2715781556800084
2024-09,6,M-C,100.0,0.75,38,3,0.09722427970734171,0.23204244323483172,0.2715781556800084
2024-09,6,M-C,100.0,1.0,38,3,0.09722427970734171,0.23204244323483172,0.2715781556800084
2024-09,6,M-C,1000.0,0.0,38,3,0.09446233439970612,0.2305134194446871,0.2727312203576804
2024-09,6,M-C,1000.0,0.25,38,3,0.09446233439970612,0.2305134194446871,0.2727312203576804
2024-09,6,M-C,1000.0,0.5,38,3,0.09446233439970612,0.2305134194446871,0.2727312203576804
2024-09,6,M-C,1000.0,0.75,38,3,0.09446233439970612,0.2305134194446871,0.2727312203576804
2024-09,6,M-C,1000.0,1.0,38,3,0.09446233439970612,0.2305134194446871,0.2727312203576804
2024-09,6,M-C,10000.0,0.0,38,3,0.09418630663198706,0.2303597090394911,0.27284973287218683
2024-09,6,M-C,10000.0,0.25,38,3,0.09418630663198706,0.2303597090394911,0.27284973287218683
2024-09,6,M-C,10000.0,0.5,38,3,0.09418630663198706,0.2303597090394911,0.27284973287218683
2024-09,6,M-C,10000.0,0.75,38,3,0.09418630663198706,0.2303597090394911,0.27284973287218683
2024-09,6,M-C,10000.0,1.0,38,3,0.09418630663198706,0.2303597090394911,0.27284973287218683
2024-09,6,M-time,10000.0,0.0,38,3,0.07975017012594807,0.6387223969065566,1.008902920568145
2024-09,6,M-scale,,,38,3,0.09405799077163925,0.230863945441813,0.2738802024412823
2024-11,6,M-C,0.1,0.0,39,2,0.3508105691648322,0.389789521294258,0.39066480654058255
2024-11,6,M-C,0.1,0.25,39,2,0.34930713280440706,0.38811903644934115,0.38903589015742174
2024-11,6,M-C,0.1,0.5,39,2,0.3478036964439818,0.3864485516044242,0.38740812813681225
2024-11,6,M-C,0.1,0.75,39,2,0.3463002600835565,0.38477806675950726,0.38578153509086544
2024-11,6,M-C,0.1,1.0,39,2,0.3447968237231313,0.3831075819145903,0.38415612586859166
2024-11,6,M-C,1.0,0.0,39,2,0.2616929015474747,0.2907698906083052,0.2925639071823613
2024-11,6,M-C,1.0,0.25,39,2,0.2603778845701808,0.2893087606335342,0.29116630679808064
2024-11,6,M-C,1.0,0.5,39,2,0.25906286759288694,0.28784763065876323,0.28977015178769844
2024-11,6,M-C,1.0,0.75,39,2,0.2577478506155929,0.28638650068399213,0.28837546314432605
2024-11,6,M-C,1.0,1.0,39,2,0.25643283363829905,0.28492537070922114,0.2869822622469035
2024-11,6,M-C,10.0,0.0,39,2,0.15382628733738055,0.17091809704153393,0.1800387685663983
2024-11,6,M-C,10.0,0.25,39,2,0.15358923649685075,0.17065470721872306,0.17981638868694722
2024-11,6,M-C,10.0,0.5,39,2,0.15335218565632097,0.17039131739591218,0.17959416265238562
2024-11,6,M-C,10.0,0.75,39,2,0.15311513481579117,0.1701279275731013,0.17937209103451393
2024-11,6,M-C,10.0,1.0,39,2,0.15287808397526143,0.16986453775029048,0.17915017440756936
2024-11,6,M-C,100.0,0.0,39,2,0.12346233251720724,0.1371803694635636,0.15040488844598604
2024-11,6,M-C,100.0,0.25,39,2,0.12343861331059813,0.13715401478955347,0.1503844542468302
2024-11,6,M-C,100.0,0.5,39,2,0.12341489410398901,0.13712766011554334,0.15036402240320237
2024-11,6,M-C,100.0,0.75,39,2,0.12339117489737988,0.1371013054415332,0.1503435929160629
2024-11,6,M-C,100.0,1.0,39,2,0.12336745569077076,0.13707495076752307,0.15032316578637253
2024-11,6,M-C,1000.0,0.0,39,2,0.12042239247801359,0.13380265830890398,0.14754483232873022
2024-11,6,M-C,1000.0,0.25,39,2,0.12042001187798504,0.13380001319776114,0.14754280516915866
2024-11,6,M-C,1000.0,0.5,39,2,0.12041763127795646,0.1337973680866183,0.14754077803442528
2024-11,6,M-C,1000.0,0.75,39,2,0.12041525067792797,0.1337947229754755,0.1475387509245311
2024-11,6,M-C,1000.0,1.0,39,2,0.12041287007789941,0.13379207786433267,0.14753672383947705
2024-11,6,M-C,10000.0,0.0,39,2,0.12003880249179949,0.13337644721311054,0.14717897015401785
2024-11,6,M-C,10000.0,0.25,39,2,0.12003858604352313,0.1333762067150257,0.1471787861048838
2024-11,6,M-C,10000.0,0.5,39,2,0.12003836959524669,0.13337596621694076,0.14717860205595618
2024-11,6,M-C,10000.0,0.75,39,2,0.12003815314697028,0.13337572571885586,0.14717841800723505
2024-11,6,M-C,10000.0,1.0,39,2,0.12003793669869388,0.13337548522077097,0.14717823395872048
2024-11,6,M-time,10000.0,0.0,39,2,0.032748884007879855,0.08670404959623679,0.09066564086106058
2024-11,6,M-scale,,,39,2,0.12002489196096008,0.13336099106773341,0.14716619266868858
2024-12,6,M-C,0.1,0.0,40,1,0.012318099252236921,0.12318099252236925,0.12318099252236925
2024-12,6,M-C,0.1,0.25,40,1,0.01377175216548185,0.13771752165481854,0.13771752165481854
2024-12,6,M-C,0.1,0.5,40,1,0.015225405078726792,0.15225405078726795,0.15225405078726795
2024-12,6,M-C,0.1,0.75,40,1,0.01667905799197172,0.16679057991971724,0.16679057991971724
2024-12,6,M-C,0.1,1.0,40,1,0.018132710905216648,0.18132710905216654,0.18132710905216654
2024-12,6,M-C,1.0,0.0,40,1,0.011827285463879043,0.11827285463879045,0.11827285463879045
2024-12,6,M-C,1.0,0.25,40,1,0.012334152091822145,0.12334152091822148,0.12334152091822148
2024-12,6,M-C,1.0,0.5,40,1,0.012841018719765248,0.12841018719765251,0.12841018719765251
2024-12,6,M-C,1.0,0.75,40,1,0.013347885347708352,0.13347885347708355,0.13347885347708355
2024-12,6,M-C,1.0,1.0,40,1,0.013854751975651466,0.1385475197565147,0.1385475197565147
2024-12,6,M-C,10.0,0.0,40,1,0.01184348771284964,0.11843487712849643,0.11843487712849643
2024-12,6,M-C,10.0,0.25,40,1,0.011894176387363894,0.11894176387363897,0.11894176387363897
2024-12,6,M-C,10.0,0.5,40,1,0.01194486506187816,0.11944865061878163,0.11944865061878163
2024-12,6,M-C,10.0,0.75,40,1,0.011995553736392415,0.11995553736392417,0.11995553736392417
2024-12,6,M-C,10.0,1.0,40,1,0.012046242410906679,0.12046242410906682,0.12046242410906682
2024-12,6,M-C,100.0,0.0,40,1,0.011887915976890692,0.11887915976890695,0.11887915976890695
2024-12,6,M-C,100.0,0.25,40,1,0.01189298529523469,0.11892985295234693,0.11892985295234693
2024-12,6,M-C,100.0,0.5,40,1,0.011898054613578688,0.1189805461357869,0.1189805461357869
2024-12,6,M-C,100.0,0.75,40,1,0.011903123931922685,0.11903123931922688,0.11903123931922688
2024-12,6,M-C,100.0,1.0,40,1,0.011908193250266683,0.11908193250266685,0.11908193250266685
2024-12,6,M-C,1000.0,0.0,40,1,0.011893287904404744,0.11893287904404748,0.11893287904404748
2024-12,6,M-C,1000.0,0.25,40,1,0.011893793704381182,0.11893793704381184,0.11893793704381184
2024-12,6,M-C,1000.0,0.5,40,1,0.011894299504357627,0.1189429950435763,0.1189429950435763
2024-12,6,M-C,1000.0,0.75,40,1,0.011894805304334075,0.11894805304334077,0.11894805304334077
2024-12,6,M-C,1000.0,1.0,40,1,0.01189531110431051,0.11895311104310513,0.11895311104310513
2024-12,6,M-C,10000.0,0.0,40,1,0.011896014779920413,0.11896014779920416,0.11896014779920416
2024-12,6,M-C,10000.0,0.25,40,1,0.011896065851250612,0.11896065851250615,0.11896065851250615
2024-12,6,M-C,10000.0,0.5,40,1,0.01189611692258081,0.11896116922580813,0.11896116922580813
2024-12,6,M-C,10000.0,0.75,40,1,0.011896167993911008,0.11896167993911011,0.11896167993911011
2024-12,6,M-C,10000.0,1.0,40,1,0.011896219065241206,0.11896219065241209,0.11896219065241209
2024-12,6,M-time,10000.0,0.0,40,1,0.012047242547610613,0.12047242547610615,0.12047242547610615
2024-12,6,M-scale,,,40,1,0.011934030609204203,0.11934030609204205,0.11934030609204205
