sensitivity,level,rows,beta_x,scale_score,tech_score,total_score,annual_log10_growth,endpoint_log10_compute,scale_p025,scale_p975,tech_p025,tech_p975,label
epsilon,0.1,41,0.7045142746030821,4.6906419182709165,-0.0001934436958244,4.690448474575092,,,,,,,$\epsilon$: 0.1
epsilon,0.5,41,0.6851905421908456,4.618297678047515,-0.0001314778147047,4.61816620023281,,,,,,,$\epsilon$: 0.5
epsilon,1.0,41,0.662574189730383,4.530529083182897,0.0003298775404108,4.530858960723307,,,,,,,$\epsilon$: 1.0
strict_unrestricted,strict,22,0.5903895553803642,10.143141424740978,-0.0022577977525841,10.140883626988394,,,,,,,严格许可证: strict
compute_evidence,reported_operation,38,0.7048372384897834,3.868486741473321,-0.0007101953141219,3.867776546159199,,,,,,,严格算力证据: reported_operation
time_axis,publication_date,41,0.2155032377686662,11.340732738791294,-0.0330304761095572,11.307702262681737,,,,,,,发布日时间轴: publication_date
ability_construct,six_domain_rank_normal,41,1.3297981873518103,4.667605966239975,9.32337959227425e-05,4.667699200035898,,,,,,,平衡能力分: six_domain_rank_normal
month_block_length,1,200,0.64481773478155,4.140708511250309,0.0012309338529794,4.143024545713372,,,2.529307502472342,5.6610208999244,-0.0019862457182816,0.0053126691450884,月份块长: 1
month_block_length,3,200,0.6865447902374047,4.624009069237265,-0.000254473771216,4.622403808869645,,,2.725806136917164,6.8106314192941,-0.0026422624623651,0.0040515191063271,月份块长: 3
