target,model,held_out_family,row_id,actual,prediction,weight,p10,p90,p025,p975,target_name
LB_Average,linear,bloom,64,3.795510241848182,10.01897209245614,0.25,1.6352581887054851,27.09309884701001,-3.917219341806572,35.355171892673106,Average
LB_Average,linear,deepseek,40,8.227098434870664,13.409928085756048,0.25,5.065564885099125,30.41261221103739,-0.5864431911283337,38.74685051977934,Average
LB_Average,linear,facebook,39,5.276689334204645,5.6203561035469605,0.25,-2.6591791904975164,22.73668197978805,-8.26738047517342,31.04032556151727,Average
LB_Average,linear,falcon,35,5.17344472031948,11.75576472947201,0.25,3.104662582756857,28.638849429707683,-2.7356196095279213,36.910849821572384,Average
LB_Average,linear,falcon,36,11.40130446230009,15.918041025396857,0.25,7.266938878681705,32.80112572563253,1.4266566863969263,41.073126117497225,Average
LB_Average,linear,falcon,73,10.484506782098748,15.918041025396857,0.25,7.266938878681705,32.80112572563253,1.4266566863969263,41.073126117497225,Average
LB_Average,linear,falcon,74,5.1165739086852,11.75576472947201,0.25,3.104662582756857,28.638849429707683,-2.7356196095279213,36.910849821572384,Average
LB_Average,linear,gemma,17,10.359615568466916,8.792835403116515,0.25,1.105247731670791,26.34215215220317,-4.733113689075356,35.42478147346073,Average
LB_Average,linear,gemma,18,21.20528677610069,13.6750332402389,0.25,5.987445568793176,31.224349989325557,0.149084148047029,40.30697931058312,Average
LB_Average,linear,gemma,19,23.926167340782825,17.342242104880413,0.25,9.65465443343469,34.89155885396707,3.8162930126885417,43.97418817522463,Average
LB_Average,linear,gemma,20,15.442818570272308,11.015514014397676,0.25,3.327926342951952,28.56483076348433,-2.5104350777941957,37.64746008474189,Average
LB_Average,linear,gemma,37,8.053373854341979,7.484490681569048,0.25,-0.2030969898766752,25.033807430655703,-6.041458410622822,34.11643675191326,Average
LB_Average,linear,gemma,38,17.693584228972615,11.71090323013545,0.25,4.023315558689727,29.260219979222104,-1.8150458620564205,38.34284930047967,Average
LB_Average,linear,gemma,65,36.17428251510342,17.342242104880413,0.25,9.65465443343469,34.89155885396707,3.8162930126885417,43.97418817522463,Average
LB_Average,linear,gemma,66,17.046939294966545,8.792835403116515,0.25,1.105247731670791,26.34215215220317,-4.733113689075356,35.42478147346073,Average
LB_Average,linear,gemma,67,17.11540570593849,8.792835403116515,0.25,1.105247731670791,26.34215215220317,-4.733113689075356,35.42478147346073,Average
LB_Average,linear,gemma,68,32.07276025267082,13.6750332402389,0.25,5.987445568793176,31.224349989325557,0.149084148047029,40.30697931058312,Average
LB_Average,linear,gemma,69,13.067087110466217,11.015514014397676,0.25,3.327926342951952,28.56483076348433,-2.5104350777941957,37.64746008474189,Average
LB_Average,linear,gpt,51,6.1165221524743325,20.16632190620299,0.25,11.839897011558278,36.73183044323015,7.614342742222597,45.25644310985628,Average
LB_Average,linear,llama,7,13.626857071686077,29.57242116573009,0.25,21.2964109163007,44.99368556599498,17.663091356026634,52.8545152874825,Average
LB_Average,linear,llama,8,8.806357596540016,30.12571417316037,0.25,21.849703923730985,45.546978573425264,18.21638436345692,53.40780829491278,Average
LB_Average,linear,llama,9,14.42086519266696,29.57242116573009,0.25,21.2964109163007,44.99368556599498,17.663091356026634,52.8545152874825,Average
LB_Average,linear,llama,24,26.705350171613343,32.42838005667433,0.25,24.152369807244938,47.84964445693922,20.51905024697087,55.710474178426736,Average
LB_Average,linear,llama,25,11.065185981273997,33.026510393832055,0.25,24.750500144402665,48.447774794096944,21.1171805841286,56.30860451558446,Average
LB_Average,linear,llama,26,18.372598605703004,36.15171276255303,0.25,27.87570251312364,51.57297716281792,24.24238295284957,59.43380688430544,Average
LB_Average,linear,llama,70,36.37222412927012,32.42838005667433,0.25,24.152369807244938,47.84964445693922,20.51905024697087,55.710474178426736,Average
LB_Average,linear,llama,71,23.90873569393684,29.57242116573009,0.25,21.2964109163007,44.99368556599498,17.663091356026634,52.8545152874825,Average
LB_Average,linear,mistral,27,14.575358924083137,14.366488385970294,0.25,6.104927907345097,31.64572973118915,0.4123820806375846,39.908840519128006,Average
LB_Average,linear,mistral,28,18.50789159273764,14.366488385970294,0.25,6.104927907345097,31.64572973118915,0.4123820806375846,39.908840519128006,Average
LB_Average,linear,mistral,29,19.665108918316083,19.644827859243662,0.25,11.383267380618465,36.92406920446251,5.690721553910953,45.18717999240137,Average
LB_Average,linear,phi,21,15.5342915582149,9.198378140112286,0.25,1.1840750634113402,27.08332765570485,-4.329642434357311,35.27720895602897,Average
LB_Average,linear,phi,22,7.170966845799231,10.17017748971446,0.25,2.155874413013514,28.05512700530702,-3.357843084755137,36.24900830563114,Average
LB_Average,linear,phi,23,27.56217404359228,13.056170205683078,0.25,5.041867128982132,30.94111972127564,-0.4718503687865194,39.13500102159976,Average
LB_Average,linear,phi,41,32.34201367038736,15.18021544562472,0.25,7.165912368923774,33.06516496121728,1.6521948711551229,41.2590462615414,Average
LB_Average,linear,phi,42,33.09765943937642,17.69491189594747,0.25,9.680608819246524,35.57986141154003,4.166891321477873,43.77374271186415,Average
LB_Average,linear,phi,72,5.574318195377169,10.17017748971446,0.25,2.155874413013514,28.05512700530702,-3.357843084755137,36.24900830563114,Average
LB_Average,linear,pythia,0,5.730394616916023,10.598857335050123,1.0,0.3088289743019548,25.759258496288098,-7.504558054636885,33.63865755917264,Average
LB_Average,linear,pythia,1,5.227072311484412,12.782313563622942,1.0,2.4922852028747737,27.942714724860917,-5.321101826064066,35.82211378774545,Average
LB_Average,linear,pythia,2,5.07026822083096,14.74471881148573,1.0,4.454690450737562,29.905119972723703,-3.358696578201277,37.78451903560824,Average
LB_Average,linear,pythia,3,6.008531439497028,15.323946101894505,1.0,5.033917741146334,30.48434726313248,-2.779469287792505,38.363746326017015,Average
LB_Average,linear,pythia,4,5.554946281603011,16.48102896742612,1.0,6.191000606677951,31.64143012866409,-1.622386422260888,39.52082919154863,Average
LB_Average,linear,pythia,5,5.966546774741993,17.770873608874055,1.0,7.4808452481258865,32.931274770112026,-0.3325417808129529,40.81067383299657,Average
LB_Average,linear,pythia,6,6.059841492942702,18.43114482341539,1.0,8.141116462667222,33.591545984653365,0.3277294337283827,41.4709450475379,Average
LB_Average,linear,qwen,10,7.224121473565234,3.444609758596373,0.25,-2.519829003193338,16.581262442802668,-8.477023927690459,23.64859706671337,Average
LB_Average,linear,qwen,11,10.445452935561454,4.789605073544005,0.25,-1.1748336882457062,17.9262577577503,-7.132028612742826,24.993592381661006,Average
LB_Average,linear,qwen,12,23.9251621404824,9.745494086699564,0.25,3.781055324909852,22.88214677090585,-2.176139599587268,29.94948139481657,Average
LB_Average,linear,qwen,13,6.550067614297009,3.608853191067277,0.25,-2.355585570722435,16.74550587527357,-8.312780495219556,23.81284049918428,Average
LB_Average,linear,qwen,14,13.852701161320264,5.188045095267918,0.25,-0.7763936665217939,18.32469777947421,-6.733588591018914,25.39203240338492,Average
LB_Average,linear,qwen,15,26.019159924095096,10.62384374291607,0.25,4.659404981126359,23.76049642712236,-1.297789943370761,30.827831051033076,Average
LB_Average,linear,qwen,16,31.951062693148973,13.344503719649213,0.25,7.380064957859501,26.481156403855508,1.422870033362381,33.54849102776621,Average
LB_Average,linear,qwen,30,38.00796730514634,15.1181228858585,0.25,9.153684124068787,28.254775570064798,3.1964891995716678,35.3221101939755,Average
LB_Average,linear,qwen,31,38.441143572535815,18.10520943578615,0.25,12.14077067399644,31.241862119992444,6.183575749499319,38.30919674390315,Average
LB_Average,linear,qwen,32,25.0338731324107,16.539998556229804,0.25,10.575559794440093,29.676651240436097,4.6183648699429725,36.7439858643468,Average
LB_Average,linear,qwen,52,6.586780633287707,3.444609758596373,0.25,-2.519829003193338,16.581262442802668,-8.477023927690459,23.64859706671337,Average
LB_Average,linear,qwen,53,14.141936815181689,4.789605073544005,0.25,-1.1748336882457062,17.9262577577503,-7.132028612742826,24.993592381661006,Average
LB_Average,linear,qwen,54,33.015868823547095,16.539998556229804,0.25,10.575559794440093,29.676651240436097,4.6183648699429725,36.7439858643468,Average
LB_Average,linear,qwen,55,27.93668778218485,9.745494086699564,0.25,3.781055324909852,22.88214677090585,-2.176139599587268,29.94948139481657,Average
LB_Average,linear,qwen,56,10.107543850719257,3.608853191067277,0.25,-2.355585570722435,16.74550587527357,-8.312780495219556,23.81284049918428,Average
LB_Average,linear,qwen,57,18.430509141644382,5.188045095267918,0.25,-0.7763936665217939,18.32469777947421,-6.733588591018914,25.39203240338492,Average
LB_Average,linear,qwen,58,41.30945747711163,13.344503719649213,0.25,7.380064957859501,26.481156403855508,1.422870033362381,33.54849102776621,Average
LB_Average,linear,qwen,59,41.559026792386994,13.344503719649213,0.25,7.380064957859501,26.481156403855508,1.422870033362381,33.54849102776621,Average
LB_Average,linear,qwen,60,46.59714569921449,15.1181228858585,0.25,9.153684124068787,28.254775570064798,3.1964891995716678,35.3221101939755,Average
LB_Average,linear,qwen,61,47.98045991216864,18.10520943578615,0.25,12.14077067399644,31.241862119992444,6.183575749499319,38.30919674390315,Average
LB_Average,linear,qwen,62,35.200108659947965,10.62384374291607,0.25,4.659404981126359,23.76049642712236,-1.297789943370761,30.827831051033076,Average
LB_Average,linear,qwen,63,32.76394723937119,10.62384374291607,0.25,4.659404981126359,23.76049642712236,-1.297789943370761,30.827831051033076,Average
LB_Average,linear,yi,33,13.611617485376058,13.941056401029805,0.25,6.004128774371226,32.1419253584158,0.6897654575029133,40.4746968912757,Average
LB_Average,linear,yi,34,22.373127018936653,18.75832956083656,0.25,10.821401934177985,36.95919851822255,5.507038617309672,45.29197005108246,Average
LB_Average,linear,yi,43,25.64649419429311,17.400725896592164,0.25,9.463798269933587,35.60159485397816,4.149434953065274,43.934366386838064,Average
LB_Average,linear,yi,44,26.72791290850813,17.400725896592164,0.25,9.463798269933587,35.60159485397816,4.149434953065274,43.934366386838064,Average
LB_Average,linear,yi,45,33.35799367075618,17.400725896592164,0.25,9.463798269933587,35.60159485397816,4.149434953065274,43.934366386838064,Average
LB_Average,linear,yi,46,29.403554842710225,17.400725896592164,0.25,9.463798269933587,35.60159485397816,4.149434953065274,43.934366386838064,Average
LB_Average,linear,yi,47,20.01347533597433,18.75832956083656,0.25,10.821401934177985,36.95919851822255,5.507038617309672,45.29197005108246,Average
LB_Average,linear,yi,48,24.226662652803373,18.75832956083656,0.25,10.821401934177985,36.95919851822255,5.507038617309672,45.29197005108246,Average
LB_Average,linear,yi,49,11.99609829883284,13.941056401029805,0.25,6.004128774371226,32.1419253584158,0.6897654575029133,40.4746968912757,Average
LB_Average,linear,yi,50,14.11765000523676,13.941056401029805,0.25,6.004128774371226,32.1419253584158,0.6897654575029133,40.4746968912757,Average
