draw_id,scale_score,tech_score,total_score
0,3.870234015223231,0.0037371787094055,3.873971193932636
1,4.8632911112096,0.001643116758748,4.864934227968348
2,5.271092837915683,0.0009450089127991,5.272037846828482
3,5.273123073712938,0.0035968536878812,5.276719927400819
4,6.954094086302504,0.0001424916555592,6.954236577958064
5,5.269369723718819,0.0007092261763066,5.270078949895126
6,3.866657587823623,0.0039810504783499,3.8706386383019726
7,4.621962224383497,-0.0006685049514576,4.621293719432039
8,3.123253924677833,0.0006330978301605,3.123887022507993
9,4.566879670832273,-0.001482997812447,4.565396673019826
10,3.0572872882463717,-3.255180086725318e-05,3.057254736445504
11,3.890126054491658,-0.0007391644309659,3.889386890060692
12,3.7471600201500497,0.0020663858179492,3.749226405967999
13,3.2719942521294936,-0.0015606759649191,3.2704335761645744
14,5.708922151006018,-0.0005965650149661,5.708325585991052
15,4.554987674703435,0.0010030202889357,4.555990694992371
16,4.144569668186037,-6.951936680366089e-05,4.144500148819233
17,4.158414201963451,-0.0020156842669987,4.156398517696452
18,5.936119876326135,-0.0009605436714856,5.935159332654649
19,5.271973827884096,0.0024314505916791,5.274405278475776
20,5.658393119080285,-0.0010795584897156,5.65731356059057
21,6.818235082170794,-0.0004205305369922,6.817814551633802
22,3.8928357064507697,0.0032386874753047,3.8960743939260745
23,3.887050426542057,0.0018787566385896,3.888929183180647
24,4.863823993583178,0.0022250886937982,4.866049082276977
25,4.143098956876097,0.0018773630237927,4.1449763198998895
26,5.661268086755079,-0.002211830433108,5.659056256321971
27,5.670609745961778,-0.000348591604931,5.670261154356847
28,2.7323137743107555,-0.0002719621477407,2.732041812163015
29,3.886968704894647,0.0018971092309723,3.8888658141256194
30,5.254094608161999,0.004918538096799,5.259013146258798
31,5.271622532352797,0.0017661830414468,5.273388715394244
32,4.167708233174507,0.0014934526027072,4.169201685777214
33,4.182788979952207,0.0048882096947799,4.187677189646987
34,3.1508129235830147,-0.0007522236822126,3.150060699900802
35,4.1458878745081975,-0.0014531844953395,4.144434690012858
36,5.666264520300505,-0.0035470234859253,5.66271749681458
37,3.872403385733081,0.0006120202806219,3.873015406013703
38,5.672583025508976,-0.0013044507276287,5.671278574781347
39,5.2820342486398655,-0.0036072841394041,5.278426964500461
40,3.9068600877794655,-0.0011614420505789,3.9056986457288874
41,4.0151775350813725,0.0038968920280542,4.019074427109427
42,5.662579199195086,-0.0024296594837416,5.660149539711345
43,2.79890098360943,-0.0002283782167591,2.798672605392671
44,3.878707228510832,0.0019899366713556,3.880697165182188
45,5.6683597694584655,-0.0013324267357077,5.667027342722758
46,3.963353623779215,0.0076482389354541,3.971001862714669
47,2.770088473412345,0.0015782519844886,2.771666725396834
48,4.1511983779727135,0.0008579202455099,4.152056298218223
49,5.669488059909366,0.0002153118122549,5.669703371721621
50,4.138023818537915,0.0049727840917324,4.142996602629648
51,3.9814375939437054,0.0018668006630946,3.983304394606801
52,3.731261912825646,0.0023653813186808,3.733627294144327
53,3.8986454012329954,-0.0001145505595925,3.898530850673403
54,3.9092129602985928,0.0004756078900172,3.90968856818861
55,4.142984137090839,0.0001341920367572,4.143118329127596
56,3.0622582489110446,-9.288141124663696e-05,3.062165367499798
57,5.709097791837916,-0.0018505835604294,5.707247208277487
58,4.187341946452829,0.0025733654962145,4.189915311949044
59,4.622091145794359,-0.0014004546610149,4.620690691133344
60,4.6519394854668015,-0.0014740222347207,4.650465463232081
61,5.664465196078869,-2.812986267741735e-05,5.664437066216191
62,2.6614825026206663,0.0001162372531222,2.6615987398737886
63,2.3671534747456366,-0.0003669152889589,2.3667865594566777
64,4.865058891317453,0.0031699885225862,4.868228879840039
65,5.704116174400504,-0.0010415179204947,5.703074656480009
66,3.889030272325712,0.001184661341675,3.8902149336673872
67,4.147845178130959,0.004895299223536,4.152740477354495
68,3.8647808075111953,0.0016706846196079,3.8664514921308033
69,4.685118110736726,0.002591243968391,4.687709354705117
70,2.8103453319803773,0.0022323828222869,2.8125777148026643
71,6.30301111734687,-0.0004052413295454,6.302605876017324
72,4.651125285963685,-0.0012893606523132,4.649835925311372
73,3.8817619566531896,0.0042616614635591,3.8860236181167487
74,4.662097838925005,0.0004825481129824,4.662580387037988
75,4.653124861890197,-0.0018573166458839,4.651267545244313
76,3.88229751579623,0.0017659353443288,3.884063451140559
77,4.755644366760283,0.0029024839918463,4.758546850752129
78,2.815005014360434,0.0006096555565306,2.8156146699169646
79,3.909807445519792,-0.0007577897304926,3.9090496557893
80,3.879361957851554,0.0002516730487371,3.879613630900291
81,5.274721244349422,-0.001259138453399,5.273462105896023
82,4.657894684973678,-0.0011505776199793,4.656744107353699
83,4.650994976841906,-0.0009590599111124,4.650035916930793
84,5.276127413753532,-0.0013924439578794,5.274734969795652
85,5.668882083918252,3.0157157517862743e-06,5.668885099634004
86,5.666911661436744,-0.0022149511275575,5.664696710309187
87,2.743700517744188,-0.000904065032067,2.7427964527121205
88,3.064779880506366,0.0008862623175556,3.065666142823922
89,3.119708743653339,0.0028178784597283,3.1225266221130674
90,3.94512022774504,-0.0008068677028596,3.94431336004218
91,2.810143213738433,0.0017999185001063,2.8119431322385395
92,4.516993104044392,0.0029562289207092,4.519949332965101
93,6.814420810971232,-0.0010986736048828,6.813322137366349
94,4.131995745235333,0.003259533490926,4.135255278726259
95,4.623215772286512,-0.0001869014129258,4.623028870873586
96,5.268353091011873,0.0027175549413467,5.27107064595322
97,3.89156331211106,0.0019453105420126,3.893508622653073
98,5.260247606388571,0.0018850216633232,5.262132628051894
99,3.142665462585052,-0.0013645308950476,3.1413009316900045
100,3.8520600444624566,0.0040534651548131,3.85611350961727
101,3.085183171271858,-0.0004656743493747,3.084717496922483
102,4.1464949433983485,-0.001491988238893,4.145002955159455
103,4.153163622218592,0.0009674588243626,4.154131081042955
104,3.903256682862714,-0.0009751580908101,3.902281524771905
105,5.268607804380091,0.0046027691555057,5.2732105735355965
106,5.661433822768005,-0.0016404057156353,5.65979341705237
107,3.827136969477813,0.0003594176701859,3.827496387147999
108,3.8946630641917217,0.0001462801606955,3.894809344352417
109,3.7342858282956577,0.0026533901125844,3.736939218408242
110,2.812000400676487,-0.0007499437654789,2.811250456911008
111,4.144023150725777,0.0008258754471111,4.1448490261728885
112,2.351493100472629,-0.0013093116797318,2.350183788792897
113,3.146334872955737,-0.0002419295252344,3.146092943430503
114,3.884159351927616,0.004554484835447,3.888713836763064
115,3.9200033954416496,0.0007042005905084,3.920707596032159
116,3.223938815644404,-7.021987046940126e-06,3.223931793657357
117,3.988313965534776,-2.9531771399859963e-05,3.988284433763376
118,3.890911709514029,0.0019749999039646,3.8928867094179935
119,5.67471343581307,-0.001529496124812,5.673183939688258
120,5.269691555139289,0.0015248262662055,5.271216381405495
121,4.130124677403728,0.0048647698362636,4.134989447239992
122,5.277242999298307,-0.0016412702695536,5.275601729028754
123,4.591893288148169,-0.0042856724330864,4.587607615715083
124,5.655538505365806,-0.001988369739907,5.653550135625899
125,4.689354955252279,-0.0009160971899309,4.688438858062348
126,5.269243966070507,0.0027630324160181,5.272006998486525
127,4.605241182329818,-0.0014583672566725,4.603782815073146
128,5.2719443547602864,0.0039227103401309,5.275867065100417
129,5.271101706164256,0.0007182440199429,5.271819950184199
130,4.161969414825235,-0.0002460817966696,4.161723333028565
131,5.661975409570793,-0.0021133637536543,5.659862045817139
132,5.675649702630732,-0.0014806297128657,5.674169072917866
133,5.302117656438188,0.0063495928775445,5.308467249315733
134,5.270383937272591,0.0047084210153585,5.275092358287949
135,5.266132413282538,0.00214738281894,5.268279796101478
136,5.270009209793638,0.0030773176441165,5.273086527437755
137,4.632907215872088,-0.0012555935573637,4.631651622314724
138,5.270295071529111,0.0026263008138318,5.2729213723429424
139,3.7233792946123305,0.0010574529900591,3.7244367476023896
140,3.862313615237945,0.0030587235153802,3.8653723387533248
141,5.716562232157562,-0.0002798022723293,5.716282429885233
142,4.6244237691569285,-0.0002600351431834,4.624163734013745
143,0.8870712697328784,5.61088122452702e-05,0.8871273785451237
144,4.145584183607934,0.0018794578153205,4.147463641423254
145,3.9906618756262766,0.0042577959619052,3.994919671588182
146,4.146062004137354,0.0027852152288705,4.148847219366225
147,2.7655650503203084,0.002828178016287,2.7683932283365955
148,3.888965089741612,0.0020200524810061,3.890985142222618
149,5.266297154028802,0.0034737921334091,5.269770946162211
150,3.8961315763254287,0.0031603070311216,3.8992918833565504
151,4.646811478539382,-0.0023133714965357,4.644498107042846
152,2.73218284655435,-0.0003806916670558,2.731802154887294
153,4.1445901750638505,0.0048648589537236,4.149455034017574
154,6.813721706198503,-0.0011630075236048,6.8125586986748985
155,3.074672027471204,-0.0005463217542835,3.07412570571692
156,3.728909370425418,0.0017756535068773,3.730685023932296
157,4.655655635215812,-0.002142389685602,4.65351324553021
158,4.130560118628042,0.0039464683471504,4.134506586975192
159,2.729986436814203,0.0026099150007734,2.7325963518149763
160,4.0827123377608885,0.0067489285872284,4.089461266348117
161,3.832753551364,0.0044006355135337,3.837154186877534
162,5.669724718478765,-0.0011188940629338,5.668605824415831
163,2.53024660338583,0.0003890886685447,2.530635692054375
164,3.985788277930398,-0.0019366930500783,3.98385158488032
165,5.269658358362712,0.0049128327122467,5.274571191074958
166,2.738067559098429,-0.0014777948103805,2.7365897642880483
167,5.284590123232634,-0.0016119657205724,5.282978157512062
168,3.8898052023334815,-0.0002699159907297,3.8895352863427526
169,2.7292605261799903,-0.0006480083896942,2.728612517790296
170,5.667942907642408,-0.0017403535787661,5.666202554063641
171,3.869601582502531,-0.0004730332721667,3.869128549230364
172,2.7283196984911147,-0.0004014039328676,2.727918294558247
173,4.156717417954631,0.0022850117263644,4.159002429680996
174,5.668202692951979,-0.0010537817647069,5.667148911187272
175,3.867371958244263,0.0057851653709306,3.8731571236151936
176,4.863546508769296,0.0023191669513842,4.865865675720681
177,4.145573507628503,-0.0009002050454949,4.1446733025830085
178,3.8938165621607386,0.0002229183804427,3.894039480541181
179,3.722636400165632,0.0003723690429797,3.723008769208612
180,4.663858844649521,-0.0006485694744107,4.663210275175111
181,4.5514972402157134,-0.0007056863727399,4.5507915538429735
182,3.863362369887836,-0.0005690671568583,3.862793302730978
183,4.6446691679643966,-0.0017229286498459,4.642946239314551
184,6.810062999200262,-0.0007840510012897,6.809278948198973
185,4.64975979842078,-0.0022979379396748,4.647461860481105
186,3.984053852024342,-0.0030131609607231,3.981040691063619
187,3.890494650095203,0.0013064289693467,3.8918010790645496
188,5.669228923836599,-0.0027139915689957,5.666514932267603
189,4.141889838864005,0.0046980133199223,4.146587852183927
190,3.895348452901537,0.0003676940594203,3.895716146960957
191,6.96877426010829,-0.0003053354646738,6.968468924643616
192,4.138893644450359,0.0010700791910629,4.139963723641422
193,4.398240526439498,0.003476298891325,4.401716825330823
194,5.664438578185882,-0.0010004754479933,5.663438102737889
195,4.273056483839934,0.00178390806796,4.274840391907894
196,5.666964725014859,-0.0026674007094644,5.6642973243053945
197,3.864451656342416,0.0025829434347119,3.867034599777128
198,5.268799834542024,0.0010862503833788,5.269886084925403
199,4.859658642200609,-0.0011555254032113,4.858503116797397
200,5.66783831239194,-0.0015806362078016,5.666257676184138
201,4.742121971801877,0.0030009445719745,4.745122916373852
202,4.253529738519029,0.0005429120256241,4.2540726505446536
203,5.67334962201671,-0.0025238833110545,5.670825738705656
204,4.189648994438585,0.0024355543266452,4.19208454876523
205,5.660538631435667,-0.0025191301766334,5.658019501259034
206,4.622571547576326,5.852582627419167e-05,4.6226300734026005
207,3.868242603244149,0.0028606978194432,3.871103301063592
208,3.9842751204592304,0.0031648284361018,3.987439948895332
209,2.529439506977994,0.0013552780369181,2.530794785014912
210,4.182824137543296,0.0032981891151742,4.18612232665847
211,5.648618756216703,-0.0020436697904138,5.646575086426289
212,6.979117023684861,-0.0001859233414229,6.978931100343438
213,3.741698339739633,0.0032605011647977,3.744958840904431
214,4.128163799434921,0.0040843743629981,4.132248173797919
215,5.041352796671319,0.0031767298465297,5.044529526517849
216,4.620998123342863,-0.0007912475960925,4.620206875746771
217,5.271535613115002,-0.000705880068196,5.270829733046806
218,4.65567868188446,-0.0009699854417952,4.654708696442665
219,5.618876579014126,-0.001077154210618,5.617799424803508
220,4.254871147410261,0.0019729504866159,4.256844097896877
221,3.887598335660897,0.0007390315561366,3.8883373672170336
222,2.5323264447554017,0.0009751154606938,2.5333015602160955
223,5.269030048960827,0.0050180926000766,5.274048141560904
224,5.65742799861458,-0.0029931427206477,5.654434855893932
225,3.968155501736384,0.0049908497960906,3.973146351532474
226,4.130096944311617,0.0040097061971664,4.134106650508784
227,5.273992549621834,0.0032784823589722,5.277271031980806
228,2.725362422116186,-0.0018854295572818,2.723476992558904
229,5.266553922678304,0.0033601459769752,5.269914068655279
230,5.271235536415087,-0.0016407739452333,5.269594762469854
231,5.72963519939406,-0.000721609107078,5.728913590286982
232,5.670158774756022,-0.0017709772914002,5.6683877974646215
233,3.7512789243566687,0.0036022114297615,3.7548811357864302
234,4.622318195314124,-0.000594749974363,4.621723445339761
235,5.159607276595411,-0.003651561291539,5.155955715303872
236,4.139200090234137,0.0001503869798789,4.139350477214016
237,4.654888538168043,-0.0015419077821672,4.653346630385876
238,2.808085176840996,0.0008426636974068,2.808927840538402
239,5.268647844064953,0.0011668573662557,5.269814701431208
240,3.899186352611871,0.0026697016029508,3.9018560542148215
241,4.1464617799936505,-0.001501747539617,4.144960032454033
242,4.14362610276652,0.0020493149449958,4.145675417711516
243,3.76806490771817,0.0040698026748771,3.772134710393047
244,4.239281432196121,-0.0006849824454189,4.238596449750702
245,4.63752138831795,-0.0012668994781996,4.63625448883975
246,2.809843292574639,0.000372339904894,2.810215632479533
247,3.895712983666183,0.0016829208598352,3.897395904526018
248,5.673384785039238,-0.002638955388603,5.670745829650635
249,4.621296508533533,0.0037875714648762,4.625084079998409
250,3.987074176177096,-0.0010426972590025,3.986031478918093
251,4.560813742115544,-0.0011293112728605,4.559684430842683
252,3.905686662968201,0.0032798262252846,3.908966489193485
253,4.741778989713893,0.0035156153259521,4.745294605039845
254,4.1397254669023855,0.0053755276251852,4.145100994527571
255,3.880551908985989,0.0016190021983035,3.882170911184293
256,6.8095699269266206,-0.0007559653650659,6.808813961561555
257,3.891740857840489,0.0006263231005014,3.8923671809409903
258,2.6318985216392843,-0.0015781080114347,2.630320413627849
259,3.890020175709335,0.0034111737278905,3.8934313494372255
260,5.257688314693048,0.003004407683484,5.2606927223765325
261,5.132428957396291,0.0038330719049977,5.136262029301289
262,4.653450588249957,-0.0012680699608047,4.652182518289152
263,5.666617830834307,-0.0014616746035702,5.665156156230736
264,3.8802954781139736,0.000431348884982,3.880726826998956
265,3.7390604730114183,0.0012529276926738,3.740313400704093
266,2.5324879457490788,-0.0010490596936314,2.5314388860554478
267,4.141082921695503,0.0006018232243505,4.1416847449198535
268,4.748810667358116,0.0037595314685301,4.752570198826646
269,3.892007496237614,-0.0001247473130874,3.891882748924527
270,3.666437697812461,0.0013113387189687,3.667749036531429
271,5.270204324605777,0.0024999877383482,5.272704312344125
272,5.6592348883083226,-0.0018659288845164,5.657368959423806
273,4.14591868918059,-0.0015974494328609,4.144321239747729
274,3.8977042919003697,0.0001339087921028,3.897838200692473
275,4.621242821635894,0.0031309149434388,4.624373736579333
276,3.79513457507392,0.0003947517554294,3.7955293268293495
277,4.253506398322738,0.0021401473940336,4.255646545716772
278,3.7198897392042447,0.0033285546798111,3.723218293884056
279,4.861829708656536,0.0020527650337598,4.863882473690296
280,3.9006722582226487,-0.0005920378948864,3.900080220327762
281,3.9086171760634496,0.0028570541202181,3.911474230183668
282,2.531195890933448,0.0004938035520236,2.531689694485472
283,5.65798351622581,-0.0030800862054203,5.65490343002039
284,4.140751105461376,0.0061225137269893,4.146873619188366
285,5.266742409036203,0.0065766865750038,5.273319095611207
286,3.14459836531201,-0.0011628635818645,3.1434355017301456
287,3.871291503042341,0.0002610593044121,3.8715525623467535
288,3.887570773901107,0.0006110395405372,3.888181813441644
289,2.7394425227860197,-0.0001478355955821,2.739294687190437
290,3.874896400621767,1.3498577947856916e-05,3.8749098991997135
291,3.987766473587872,0.0001082381278365,3.987874711715708
292,4.562250873651543,-0.0008069260594645,4.561443947592078
293,3.9016370431212977,0.0022199585945976,3.9038570017158953
294,5.268691751288607,-0.0006105953422519,5.268081155946355
295,3.118959376920765,0.0017880868924411,3.1207474638132062
296,5.266282350918356,0.0077410833718047,5.274023434290161
297,3.609123674771725,0.0014360053071253,3.6105596800788495
298,4.159947696841732,0.0033013824767937,4.1632490793185255
299,3.827425226187101,0.0008985901959572,3.828323816383058
300,4.64999806534474,-0.0032229650551052,4.646775100289634
301,4.6204929006754,0.0004184647993081,4.620911365474708
302,5.665584259375367,-0.0009073211439574,5.664676938231409
303,4.168966670883506,0.0021655716123483,4.171132242495855
304,5.272722008191961,0.0018426242492974,5.274564632441258
305,4.305726317354951,0.0024344888594551,4.308160806214406
306,5.272159950033068,8.814471991058781e-05,5.272248094752978
307,6.814959464876203,-0.0008670113096655,6.814092453566538
308,5.663963948919969,-0.0017979956417253,5.662165953278244
309,5.266351144533187,0.0063055396143365,5.272656684147524
310,2.5257069382001536,0.0017438761184553,2.527450814318609
311,5.673853221283046,-0.0012313157143317,5.672621905568715
312,3.865435729717016,0.0014927090517762,3.866928438768792
313,4.584830510301682,0.0023447096453068,4.587175219946989
314,3.0543394962739345,0.0053423048969474,3.059681801170882
315,4.6235817540870805,-0.0018593464073681,4.621722407679712
316,3.992269562743021,-0.0004335611571466,3.991836001585874
317,4.707327126715899,-0.0003496107301543,4.706977515985745
318,4.147249724534113,-0.0001504279632413,4.147099296570872
319,2.7696402597121192,-0.000159225533288,2.769481034178831
320,4.865104973491842,0.0028900348936105,4.867995008385453
321,5.276199800669362,-0.0031467823242206,5.273053018345141
322,4.7722751534028856,-0.0007308475596214,4.771544305843264
323,2.633354631027908,-0.0013177110451803,2.632036919982728
324,4.76819195063651,-0.0002137707956997,4.76797817984081
325,4.686333193899285,0.0014319831552018,4.687765177054487
326,4.650077617326922,-0.001059332370751,4.6490182849561705
327,5.268956790332867,-0.0001043432344278,5.268852447098439
328,3.9067234609297454,0.0016825590892448,3.9084060200189903
329,4.846021476000262,0.0005784089433671,4.846599884943629
330,5.310375527338072,0.0046016064996425,5.314977133837715
331,3.9862102853260506,-0.001645999611183,3.984564285714868
332,4.685662877167196,0.0010300735026653,4.686692950669862
333,4.562811316334356,-0.0010560660119143,4.561755250322442
334,4.734717529035679,0.0034271578905826,4.738144686926262
335,5.652457585237022,-0.0027980465546182,5.649659538682403
336,3.922469679140013,-0.0003606309560826,3.9221090481839305
337,4.652751010973764,-0.0019879782991072,4.650763032674657
338,5.659445543628541,-0.0017610128177363,5.657684530810805
339,4.520952494940069,0.0003657820343754,4.521318276974444
340,3.8880806038672464,0.0029656977909322,3.891046301658178
341,5.273109288923417,-0.0005056207301183,5.272603668193298
342,5.219089060743679,0.0014522577318611,5.22054131847554
343,3.866643714316286,-0.0012392646838286,3.865404449632457
344,4.685702459856945,-0.0004974922338263,4.685204967623118
345,4.65072967506833,-0.0019878270389774,4.648741848029353
346,3.7297221300979535,0.0021666838530443,3.731888813950999
347,4.530605444237205,-0.0005956084467317,4.530009835790473
348,4.623229698958893,-1.2806720620872625e-05,4.623216892238272
349,3.2764074904155773,0.0015982302042107,3.278005720619788
350,4.146242018707069,0.0017283537719361,4.147970372479005
351,2.8087039173054773,0.0018108782943624,2.81051479559984
352,4.635211606152213,-0.0025077884737978,4.632703817678415
353,3.9875214845671447,-0.0006721585375597,3.986849326029585
354,5.260649960494432,0.0012959109194472,5.261945871413879
355,4.147301372466963,-0.0002036070516489,4.147097765415314
356,4.649605475797872,-0.0019816555869756,4.647623820210896
357,4.145558751702236,3.120817336110804e-06,4.145561872519572
358,5.257172286324881,-0.0008287921042864,5.256343494220594
359,3.8482721457033513,0.0019137105432314,3.850185856246583
360,4.625585543450658,-0.0010634691911022,4.624522074259556
361,4.1473060841756695,0.0012602910699026,4.148566375245572
362,4.655638699019399,-0.0022728501503515,4.653365848869047
363,3.838296189129792,0.0004757567473028,3.8387719458770952
364,4.620028800465555,0.0027899741235941,4.622818774589149
365,5.665472318501578,-0.0010573885829217,5.664414929918657
366,4.141176363981215,-0.0010062182697456,4.140170145711469
367,3.988267338181677,-4.051875472121935e-05,3.988226819426956
368,4.626373483842244,-0.0010705152233718,4.625302968618872
369,3.9817691207264847,0.0008456448206199,3.9826147655471047
370,4.6331855456221565,-0.0015659970386021,4.631619548583554
371,4.141343737059074,0.0016935731460172,4.143037310205092
372,5.262084107786105,0.0070273429707619,5.269111450756867
373,5.6637990314914255,-0.0011208892628999,5.6626781422285255
374,3.148677765237183,0.0004292517916635,3.1491070170288467
375,3.8274936472941,0.0012741241663558,3.828767771460456
376,4.152810278477261,-0.0003997185047452,4.152410559972516
377,5.2655176040991165,0.0061250602456688,5.271642664344785
378,2.8560186721946064,-0.0008814718250764,2.85513720036953
379,3.0620644903612693,0.0007032801542301,3.0627677705154994
380,4.257359062876672,0.0016251929362258,4.258984255812898
381,5.695870632356936,-0.0008672321638378,5.695003400193098
382,4.161699923650055,0.0008689904564533,4.162568914106508
383,6.755240209457185,0.0001802267088635,6.755420436166048
384,3.1406018434009297,-8.323000934140623e-05,3.1405186133915883
385,4.627078074475158,-0.001282690428809,4.625795384046349
386,3.98701358357112,0.0024627815847573,3.989476365155877
387,6.818151063511113,-0.0010894489521184,6.817061614558995
388,5.2716677049505325,0.0015236427922626,5.273191347742795
389,3.864744667502426,-0.0007666011104792,3.8639780663919474
390,4.785737264493633,0.0037680341630306,4.789505298656664
391,2.735170097267364,0.0019824362839813,2.7371525335513454
392,5.743372115681463,-4.804836106941934e-05,5.743324067320394
393,5.562887634408106,-0.001411830085189,5.561475804322917
394,6.809268126426009,-0.0008479733995478,6.808420153026461
395,4.651549230361628,-0.0012309600724869,4.650318270289141
396,4.595914119350317,0.0004740719026141,4.596388191252931
397,4.742352151312357,0.0044480695703761,4.746800220882733
398,5.658862302170617,-0.0029622134776072,5.655900088693009
399,5.665747351434868,-0.0009440274283196,5.664803324006549
400,5.681951823285923,-0.0018491841854615,5.680102639100461
401,5.67104406417036,-0.0017723316078885,5.669271732562471
402,4.981604396481002,0.0053380025535449,4.986942399034547
403,4.145371719613383,0.0011487336839905,4.146520453297374
404,5.701324488422173,-0.0004470255331874,5.700877462888986
405,3.130126133284993,-1.4519548855673747e-05,3.130111613736137
406,5.277904847192048,-0.0036559835000531,5.274248863691994
407,2.724947773325658,-0.0011274199337467,2.723820353391911
408,3.861798766533736,0.0010784637300655,3.862877230263802
409,3.8723682892971727,0.0005397672344376,3.8729080565316094
410,5.259481878881683,0.0033954256085024,5.2628773044901855
411,4.6904578829149255,0.0001052916533215,4.690563174568247
412,4.545073010940332,0.0006279731544012,4.545700984094733
413,4.650032938377331,-0.0019520543685818,4.648080884008749
414,5.666466336648032,-0.0007812410724419,5.66568509557559
415,5.265136435645955,0.0032833357531441,5.268419771399099
416,4.198207771724409,0.0056772199348031,4.203884991659212
417,5.267090991129537,0.0037185119465039,5.270809503076041
418,3.859151993828826,0.0020060380185302,3.861158031847357
419,4.788301634291999,0.0031247955217796,4.791426429813779
420,4.180208361829138,0.0035950939952797,4.1838034558244175
421,4.1447863006131005,0.0010790924570311,4.145865393070132
422,5.271459152357927,-0.0001284812423172,5.27133067111561
423,4.653065476892561,-0.0010313232956207,4.65203415359694
424,4.646637306818231,-0.0021968334640796,4.644440473354152
425,3.7725906259451616,0.0018990916328878,3.7744897175780494
426,6.820270554612748,-0.0008697211023616,6.819400833510386
427,3.8648018785277536,0.0006306180913426,3.865432496619096
428,2.728001830923313,-0.0003125521585776,2.7276892787647355
429,4.647094320884905,-0.0020364562606705,4.645057864624235
430,4.562451107356061,-0.0018933472114852,4.560557760144576
431,4.186508129767654,0.0022507072247091,4.188758836992363
432,4.648530591250822,-0.0018291685624376,4.646701422688384
433,4.148948831414476,-0.0011656571727378,4.147783174241738
434,3.868702972983428,0.0024787699001613,3.871181742883589
435,3.29358253385527,-0.0010983162457147,3.2924842176095552
436,5.2738660645979785,-0.002525539673801,5.271340524924177
437,3.890618729007336,0.0030293383717534,3.8936480673790896
438,2.529191106418713,0.0015939840241667,2.53078509044288
439,4.137896731644881,0.0007425802250882,4.138639311869969
440,6.813479334055423,-0.001290030351889,6.8121893037035335
441,3.8685199806025192,0.0018848589196789,3.870404839522198
442,5.665160858709596,-0.0018570708166603,5.663303787892936
443,4.6563392530355685,-0.0009131350999886,4.65542611793558
444,3.872877926385442,0.0039109223863142,3.876788848771756
445,4.654317999012724,-0.0029119535206323,4.651406045492092
446,4.68097691456714,0.000477035498875,4.681453950066015
447,3.893239615813295,-8.841962501726641e-05,3.8931511961882777
448,4.14058789857066,0.0046590583827157,4.145246956953375
449,3.3316803008645177,-0.0006794701518995,3.331000830712618
450,4.649604276991589,-0.0018391734919127,4.647765103499676
451,3.061511641215054,-4.239747163303775e-05,3.0614692437434208
452,3.9421209680830778,0.0028267615363972,3.944947729619475
453,3.828495494134296,0.002866948456651,3.8313624425909474
454,5.288686608482299,-0.0015908402093476,5.287095768272952
455,2.7385769425737347,0.0028549514978717,2.7414318940716065
456,4.659702406595848,-0.0009708777339447,4.658731528861903
457,5.282571834752343,0.0031096341659271,5.28568146891827
458,4.133799257292045,0.0051260413225602,4.1389252986146055
459,3.8668075092321743,0.0019335885756177,3.868741097807792
460,6.814797541826422,-0.0011301784155151,6.813667363410907
461,5.279089140320567,0.0075255746043705,5.286614714924937
462,4.656549114754068,-0.0013455030409232,4.655203611713144
463,4.65127679496919,-0.0015489233581131,4.649727871611077
464,2.744326135184119,-0.0002776792523082,2.744048455931811
465,4.130220256127634,0.0018207638981184,4.132041020025753
466,4.142513766925587,0.0013843396770223,4.1438981066026095
467,3.863157484584329,0.0028599987856257,3.866017483369955
468,3.9004790738327113,-0.0010024456544517,3.89947662817826
469,4.149154613616348,0.0026226378777405,4.151777251494089
470,3.748623212767521,0.0018051492315667,3.750428361999088
471,4.1578471344614805,0.0013002188728172,4.159147353334298
472,3.826668304268699,0.0012746993142496,3.827943003582949
473,5.653933301789726,-0.0023096039108967,5.651623697878829
474,6.952169373576357,-0.0003019029093387,6.951867470667018
475,4.634905883394216,-0.0012810354373495,4.633624847956867
476,3.8857730590296296,0.0018327415224366,3.887605800552066
477,4.622848029176359,0.0005086582872966,4.623356687463655
478,3.8664502604911952,0.0004157078575204,3.866865968348716
479,4.559449880593927,-0.0004780780847148,4.5589718025092125
480,5.266686727430034,0.0040828462052502,5.270769573635285
481,4.2567305963179045,0.0026987464148042,4.259429342732709
482,3.736631052093904,0.0033511870982305,3.739982239192134
483,2.388465593274944,0.0007792436626203,2.3892448369375643
484,6.977965778480517,-0.0007011129144416,6.977264665566075
485,5.268566565367392,0.0012540116250061,5.269820576992398
486,2.572364231453319,-0.0007304313849747,2.5716338000683443
487,3.957150930735244,0.0016633580960832,3.958814288831327
488,4.173695899034785,0.0005339841727884,4.174229883207573
489,4.542022601984726,-0.0012795270692222,4.540743074915504
490,2.811474324126081,0.0019089003238192,2.8133832244499004
491,4.622771330072586,-0.0019082194502342,4.620863110622352
492,3.7153570196236,0.0007938157016731,3.716150835325273
493,5.630276498962333,-0.0012976317487041,5.628978867213629
494,4.1417390562883085,0.0040787986914345,4.145817854979743
495,3.8681914925270338,0.0025073507747723,3.870698843301806
496,5.672183663070026,6.559663568594942e-05,5.672249259705712
497,4.620601211750303,-0.0001965311164457,4.6204046806338575
498,5.675979167910926,-0.0014504326094613,5.674528735301465
499,3.891529025165495,0.0030352904328392,3.894564315598334
500,3.856924939934936,0.0004889194579451,3.8574138593928815
501,3.887506859117696,0.0002173289570421,3.8877241880747375
502,5.272448182392518,0.0010293958862614,5.273477578278779
503,3.87077144856287,0.0019534493289121,3.872724897891782
504,2.7411175084470685,-0.0002036458781127,2.740913862568956
505,4.639177141523952,-0.0017645388596569,4.637412602664295
506,4.146539634678447,0.0061776902122225,4.15271732489067
507,3.89452045746531,0.0045720646138907,3.8990925220792008
508,6.81435327383258,-0.0005266447223064,6.813826629110274
509,4.623140072192625,-0.0013475940992311,4.621792478093393
510,3.867810132628725,0.0018191098730024,3.869629242501727
511,3.984872730468503,-0.0022252228077661,3.9826475076607366
512,3.887212321096831,0.0023374718687474,3.889549792965578
513,3.8948806841269383,0.0030603584684669,3.8979410425954057
514,2.737326450690245,-0.0002524108251069,2.7370740398651385
515,4.652892836977323,-0.0019059151721094,4.650986921805213
516,3.772421610237183,0.0030973464478112,3.775518956684994
517,5.267981047392944,0.0057823686182487,5.273763416011192
518,2.808627984286037,0.0003938535201122,2.8090218378061493
519,4.143780416182047,-0.0005493817673531,4.143231034414693
520,4.863717030678345,0.0028711139419748,4.866588144620319
521,3.866920497050392,0.0051008199132827,3.872021316963675
522,4.647297255697664,-0.0031661327943606,4.644131122903303
523,3.147622240141363,0.0016382540239909,3.149260494165354
524,3.8621710664084112,0.0003969164299704,3.8625679828383817
525,5.667521054188468,-0.001139113107909,5.666381941080559
526,5.656234544435874,-0.005058147744128,5.651176396691746
527,4.139149303808697,0.0027496179118458,4.141898921720543
528,5.654638631110071,-0.0037816246122943,5.650857006497777
529,5.283750773281225,0.0017119340795677,5.285462707360793
530,3.892250990265,-0.0011549306410589,3.891096059623941
531,3.837746030238339,0.0015124104748167,3.839258440713156
532,4.866991730650902,4.743772816340197e-05,4.8670391683790655
533,3.8427587486747576,0.0021836663796399,3.8449424150543976
534,3.881703363014397,0.0012750701571793,3.882978433171576
535,4.1461272956792765,8.123626644795934e-05,4.1462085319457245
536,5.276696868316538,-0.0014994361981877,5.27519743211835
537,2.53497328090452,-0.0006629297278308,2.534310351176689
538,4.143137994776513,0.0044140547636324,4.1475520495401454
539,6.4420112027390815,-0.0004918798583588,6.441519322880723
540,4.6586530829742365,-0.0010110276581301,4.657642055316106
541,4.570377704285376,-0.0009715774706702,4.569406126814705
542,3.8925345167865615,-0.0001388210710899,3.892395695715472
543,2.81398594343957,0.0017573057399413,2.815743249179512
544,4.15027115705613,0.0008531838747938,4.151124340930924
545,3.864344989784057,0.0042073901459378,3.8685523799299935
546,2.82082801472043,0.0020238171985162,2.822851831918946
547,3.887271836932271,0.0030657458109963,3.890337582743268
548,4.543138763600933,0.0014250286791437,4.544563792280076
549,2.8104713977941,0.0004227075150637,2.8108941053091634
550,3.8682579139258575,0.0013982836168846,3.869656197542742
551,5.270975370319581,-0.0007111062171549,5.270264264102426
552,4.144218394592876,0.0040260585974927,4.148244453190369
553,4.622577885756771,-0.0010389034332281,4.621538982323543
554,5.667068991376292,-0.0013469456332106,5.665722045743081
555,2.528364651422688,0.0025029654414048,2.530867616864093
556,5.272060768181683,0.004715778370242,5.276776546551925
557,4.622834033151763,0.0025603237640599,4.625394356915823
558,3.0638635174514945,-0.0003471322817247,3.0635163851697698
559,5.274509050029069,0.0024609332700951,5.276969983299164
560,3.890957797749413,5.576344650926046e-05,3.8910135611959222
561,2.53083814387735,0.0014436926671628,2.532281836544513
562,5.659195749085487,-0.0011111986301379,5.658084550455349
563,4.144622375656255,0.0045257769214472,4.149148152577702
564,4.172056571214359,0.0005967988048176,4.172653370019177
565,4.148336845994082,0.0003372338351628,4.148674079829245
566,4.146027913740443,0.0028711161929244,4.148899029933368
567,2.7479391321526467,-0.0002703324569228,2.747668799695724
568,4.655826377755084,-0.0013040257893202,4.654522351965763
569,4.300984617191567,0.0024217965519461,4.303406413743513
570,5.2670561242322,0.0032767923448471,5.270332916577047
571,3.8072150573538313,-0.0017609369979023,3.805454120355929
572,4.551858136653198,-0.0010996432756904,4.550758493377508
573,4.968823700767151,-0.0005063593712844,4.968317341395867
574,3.919193763830656,0.003686284999059,3.922880048829714
575,2.845667189899933,0.0008137666215031,2.846480956521436
576,4.129155938232783,0.0046292758435892,4.133785214076372
577,4.683122369296729,0.0028346875570441,4.685957056853773
578,2.580207990385558,0.0001098327823907,2.580317823167949
579,5.664011680897195,-0.0022863942045265,5.661725286692668
580,5.657271368535843,-0.0040374956655906,5.653233872870253
581,3.864308773689437,0.0009448245855665,3.865253598275004
582,4.797655751153066,-0.0012790217262121,4.796376729426854
583,3.866114299319424,-0.0004884791465791,3.865625820172845
584,4.622872345624106,-0.000732193451725,4.622140152172381
585,4.620703982817309,-0.0009100589887029,4.619793923828606
586,3.87425895714569,0.000625995552296,3.874884952697986
587,1.644773181608583,-7.558380183247948e-05,1.6446975978067506
588,4.257985236469668,0.0042806636077195,4.262265900077388
589,4.132676434975606,0.0020726997972619,4.134749134772868
590,3.868859511270667,0.0019231971391846,3.870782708409852
591,4.557167373414064,-8.905016046867331e-05,4.557078323253595
592,3.730378921132649,0.0015394920409281,3.7319184131735774
593,3.888831899034997,0.0014487665772584,3.890280665612256
594,4.13214178292186,0.0005988961306258,4.132740679052485
595,4.652584673028212,-0.000855660758507,4.651729012269705
596,2.541686417918603,0.0021420047310751,2.5438284226496783
597,4.733487833599231,0.0028513492147865,4.736339182814017
598,5.383689060668953,-0.0042858913922962,5.379403169276657
599,4.621198079942015,-0.0013610580793113,4.619837021862704
600,5.66439036187497,-0.0015998483379551,5.662790513537015
601,5.270655393087397,-0.0007094822770756,5.269945910810321
602,4.651829485304379,-0.0005493094996644,4.651280175804715
603,4.653198811173271,-0.0020620614465958,4.651136749726675
604,3.886654668183095,0.0015368206097221,3.888191488792817
605,4.8616486354030695,0.0011506102282528,4.862799245631322
606,5.2706105385544415,0.0082038419774068,5.278814380531848
607,3.985369822912311,-0.0022895211021136,3.9830803018101975
608,4.551557164770797,-0.0006811516908502,4.550876013079947
609,3.89239268432231,0.0009368643211118,3.893329548643422
610,4.856360054855285,0.0025351146953642,4.8588951695506495
611,4.138593160928028,0.004195436156575,4.142788597084604
612,5.268905691430188,0.0025200599549641,5.271425751385152
613,2.551871299012241,-0.001639870790985,2.550231428221256
614,4.567634856223869,-0.0010735146641422,4.566561341559726
615,4.685134604780798,0.0027740590181064,4.687908663798904
616,5.266890825469908,0.0004814813141322,5.26737230678404
617,2.575935742946651,-0.0007305888193229,2.575205154127328
618,3.993605313906114,-0.0018245869126207,3.991780726993493
619,3.850284918993333,0.002000357146306,3.8522852761396393
620,5.662037459089046,-0.0017992003830471,5.660238258705999
621,4.157040610411876,0.0018428608201759,4.158883471232052
622,3.894970493431529,0.0023063211927372,3.8972768146242656
623,4.571160983061439,-0.001988849892843,4.569172133168596
624,2.732677452053881,-0.0004420799017772,2.732235372152104
625,4.6523906997246165,-0.0009832469497972,4.651407452774819
626,3.898488371951398,0.0006963003159441,3.8991846722673422
627,5.676737763130111,-0.0006932698606743,5.676044493269437
628,5.2771727994776185,0.0004665580502312,5.27763935752785
629,4.141241252972867,0.0045905422908933,4.14583179526376
630,2.5757089761680056,0.0012236180225819,2.576932594190588
631,5.658756290886382,-0.001679785016611,5.657076505869771
632,3.8888339368555567,-7.686993970956735e-05,3.888757066915847
633,3.9879317946232966,-0.000263670831238,3.9876681237920586
634,6.20082479827907,-0.0004369751443302,6.20038782313474
635,4.622546883596078,-0.0002406455176551,4.622306238078423
636,3.1365803159578167,-0.0008594673324484,3.1357208486253683
637,2.728497638381066,-0.0005981414690783,2.727899496911988
638,4.189580220284636,0.0039425243333646,4.193522744618001
639,4.140780783310953,0.003192737242772,4.143973520553725
640,3.738827879602173,0.0016612673113449,3.740489146913518
641,5.694967885842456,-0.0004563416536846,5.694511544188771
642,6.696557922759045,-0.0005447252321992,6.696013197526845
643,5.96097810433093,-0.0015742508733254,5.959403853457605
644,5.265364100524176,-0.000379915752509,5.2649841847716665
645,2.5717642469795408,-0.0004601433626518,2.571304103616889
646,5.310115838206839,-0.0033128091273315,5.306803029079507
647,4.151228898154104,0.0009626125593644,4.152191510713468
648,2.811176424880756,0.0003441635691139,2.81152058844987
649,4.6885935759910495,-0.0007759787893348,4.687817597201715
650,3.88760024953519,0.0029752101088647,3.8905754596440554
651,3.11275375061501,0.0019951014418815,3.114748852056892
652,4.64435643257311,-0.0021116229891848,4.642244809583925
653,2.7303606137188066,-0.0002967512711311,2.7300638624476754
654,4.651801317990504,-0.0023587022540283,4.649442615736476
655,5.256463702688322,-0.0016875475685331,5.254776155119789
656,5.2713329817808425,0.001027174815702,5.2723601565965446
657,5.099785093645224,0.0026613927037857,5.1024464863490095
658,4.129005049751813,0.0025232855722254,4.131528335324038
659,3.3054094746652787,0.0005847011591555,3.3059941758244342
660,3.832939358154404,0.0050119336295448,3.837951291783949
661,4.147517149706912,0.0044331869948575,4.15195033670177
662,3.892757067562672,0.0003221215054995,3.893079189068171
663,2.733681330031617,0.0002707328143305,2.7339520628459475
664,2.52548492535532,0.0017794725406314,2.5272643978959515
665,3.2970678038593477,-0.0004300251252455,3.2966377787341017
666,4.545714446771148,-0.0010350219427248,4.544679424828424
667,4.253399049314352,0.0020633152182814,4.255462364532633
668,4.608793736417399,-0.0018553224188462,4.606938413998552
669,3.901902077998935,-0.000292459699251,3.901609618299684
670,4.145992956666227,0.0048611336072603,4.150854090273487
671,5.269331848119176,-0.0007708429658954,5.2685610051532805
672,4.864301472494391,0.0009328566586734,4.865234329153065
673,3.868789041539872,0.0014241825863923,3.870213224126264
674,4.126234734023681,0.0030149015820182,4.129249635605699
675,4.175061766550018,-0.000545796462271,4.1745159700877466
676,4.74390999938327,0.0039285711018308,4.747838570485101
677,4.198991595088193,0.0025859573996758,4.201577552487869
678,2.718679289000752,0.0033302509117003,2.7220095399124524
679,5.668338588033615,-0.0005217368806231,5.667816851152992
680,5.267127026814332,0.0052012442399522,5.272328271054285
681,4.623508687867975,-0.000497574176375,4.6230111136916
682,4.651324048511906,-0.0015572619423593,4.649766786569547
683,6.817893624913943,-0.0005193593875958,6.817374265526347
684,3.915298899423988,-0.0013207381469122,3.913978161277075
685,5.277941036548867,-0.0029871176547651,5.274953918894102
686,3.865388264348777,-0.0008668793882158,3.864521384960561
687,2.746383406560568,-0.0002119473356714,2.7461714592248967
688,4.682850651965403,0.0004277608693143,4.683278412834717
689,3.2981502478462605,-0.0004574938958246,3.297692753950436
690,4.1478913468189,-0.0013626857083526,4.146528661110548
691,4.554419045374635,-0.0007345659063933,4.553684479468242
692,4.14475156847943,0.0029725411942269,4.147724109673657
693,4.649841084055156,-0.0018221282372063,4.64801895581795
694,5.268685450860648,0.002674454504195,5.271359905364843
695,5.654583035402405,-0.0025468363115042,5.652036199090901
696,3.8991356357211657,-0.0002496451704381,3.898885990550728
697,3.300673895242248,0.0015008749752318,3.30217477021748
698,4.747752700205497,-0.0006325156126099,4.747120184592887
699,4.255330537623173,0.0035662237075442,4.258896761330718
700,3.8637243202750113,0.0032947459521608,3.867019066227172
701,4.654777541448103,-0.0017922851233986,4.652985256324705
702,5.27457341012653,0.0058811145858381,5.280454524712368
703,4.131485249547151,0.0033263128586717,4.134811562405822
704,4.131487512412637,0.0042130953054417,4.135700607718079
705,3.8674382430271623,-0.0001188276428365,3.867319415384326
706,4.750894971119125,-0.0018610861515799,4.749033884967545
707,5.669484473309566,-0.0005780189973805,5.668906454312186
708,3.866277127045441,-0.0009981232986273,3.8652790037468137
709,3.3169237706312487,0.005363705766662,3.3222874763979107
710,4.624088312211539,-0.0019584328053507,4.622129879406188
711,3.866622926040394,-0.0001168754466807,3.8665060505937134
712,4.148107122092227,-0.0019071187804549,4.1462000033117725
713,5.272352776499952,0.0013229217456451,5.273675698245597
714,5.27653191260244,-0.0019186945975171,5.274613218004923
715,4.649707623698783,-0.001453070017666,4.648254553681117
716,2.7457055013599767,-0.0002412175114105,2.745464283848566
717,4.143644143453562,0.0001264022789069,4.143770545732469
718,3.064689177364452,-0.0004085489814062,3.0642806283830453
719,4.257310422843162,0.0041270643115325,4.261437487154694
720,4.569593225976332,-3.245958114028724e-05,4.569560766395192
721,5.665024928677068,-0.0023409241364067,5.662684004540662
722,2.683899924083512,-0.00137116917832,2.682528754905192
723,4.139656721137802,0.0036491105544502,4.143305831692253
724,2.810955572156683,0.0006360956897957,2.8115916678464785
725,4.130842252318205,0.0011915829902928,4.132033835308498
726,5.287370057838787,0.0027028975977234,5.290072955436511
727,3.905769118092767,-0.0007239254493001,3.905045192643467
728,5.679970716124407,-0.0019387841726743,5.6780319319517325
729,5.265427781116362,0.007051542387817,5.272479323504179
730,2.8078575887233583,0.0002962141624394,2.8081538028857977
731,3.888004162924375,0.0021160214158655,3.89012018434024
732,3.149181813072847,0.0004075266393286,3.1495893397121755
733,5.266633178454818,0.0013081105978187,5.2679412890526365
734,5.653022378506053,-0.0003680341643867,5.652654344341666
735,5.743305124774235,-0.000201217705932,5.743103907068303
736,3.8780354010375753,0.0019785918971777,3.880013992934753
737,5.272285239864432,-0.0002259426033912,5.272059297261041
738,3.892732555649792,0.0020924858495785,3.89482504149937
739,2.5231746483907926,0.0014138484752983,2.524588496866091
740,3.14210684667022,0.0012212153127642,3.1433280619829844
741,4.147771549367235,0.0015017065371303,4.149273255904365
742,4.618395512317532,-0.0012871878093232,4.617108324508209
743,5.265591910186428,6.741944437393954e-06,5.2655986521308655
744,4.141188507253268,0.0030286729694033,4.144217180222672
745,5.730907052632341,0.000123625783976,5.731030678416317
746,2.773772768799919,-5.824120988151549e-05,2.773714527590037
747,5.269804993891151,-0.0022494271489446,5.267555566742207
748,4.627837453322011,-0.002970157520183,4.624867295801828
749,5.658654235414897,-0.0004077625002913,5.658246472914605
750,4.130779358318632,0.0016432173184046,4.132422575637037
751,4.610895309745569,-0.0009278179026068,4.609967491842962
752,3.906063834120376,-0.0006833287874439,3.905380505332932
753,3.734554503503066,-6.30971793675883e-05,3.7344914063236985
754,4.653484080684452,-0.00182491919705,4.651659161487402
755,5.683938721712568,-0.0007533730403181,5.68318534867225
756,5.26758083488731,0.0037667111333892,5.271347546020699
757,2.80938690467417,0.000812947620755,2.810199852294925
758,1.6779989566072562,-0.0030417273916167,1.6749572292156394
759,5.577742621552769,0.0020697742793132,5.579812395832082
760,5.277064859339113,0.0048835984541959,5.281948457793309
761,4.650896714527224,-0.0015261121938365,4.649370602333388
762,4.652426667868696,-0.003099947455027,4.649326720413669
763,5.270201813068164,0.0012620993463645,5.271463912414529
764,3.870002600079788,-0.000730078112797,3.869272521966991
765,2.7270259546133087,-0.0011608448947644,2.725865109718544
766,4.130868262173168,0.0021273083610626,4.132995570534231
767,5.734827211090909,-0.000284440871205,5.734542770219704
768,5.269225019789543,0.0050479481861192,5.274272967975662
769,3.9863047399203353,-0.0013462093181892,3.984958530602146
770,3.8863376759088446,0.0049707742468996,3.891308450155744
771,4.14035953870944,0.0004747929236081,4.140834331633048
772,5.67614196589226,-0.0004517426532828,5.675690223238977
773,3.886694805314594,0.0020768631062608,3.888771668420855
774,5.266579891194752,0.0012494835961192,5.267829374790871
775,5.26688414697257,0.0031026106989155,5.269986757671486
776,6.810953583076326,-0.0004227226800779,6.810530860396248
777,3.750425968637723,0.0034076215167768,3.7538335901545
778,4.141933266342242,0.0041166257985238,4.146049892140766
779,4.566107250388276,-0.0015065098626347,4.564600740525641
780,3.833841417439508,0.0023906948895593,3.836232112329068
781,4.563565675353139,-0.0012936028336554,4.562272072519484
782,4.568130912597253,0.0016724314476395,4.569803344044892
783,5.269677196656982,0.0006258315782048,5.270303028235187
784,5.269564490848168,0.002693934188727,5.272258425036895
785,3.866138225649944,0.003112602548434,3.8692508281983775
786,4.651484428127059,-0.0023897442958755,4.649094683831184
787,3.337714523081015,-0.0002822625764267,3.3374322605045883
788,5.2813797658390005,-0.0015308130833542,5.279848952755646
789,1.645285592665264,-3.93744053965861e-05,1.6452462182598673
790,4.864112065849795,0.0001387897381164,4.864250855587912
791,5.272924583184837,0.0013022136805513,5.274226796865388
792,3.8389973387937015,0.0013848623420482,3.84038220113575
793,3.889715932450148,2.355153320721115e-05,3.8897394839833552
794,2.731045279141803,0.0004529349394353,2.7314982140812383
795,4.654807358971983,-0.0024795717128967,4.652327787259086
796,5.671694074901279,-0.001598448328373,5.6700956265729054
797,2.7287253655482697,-0.0002167129610537,2.728508652587216
798,4.580860848477391,-0.0013407427943032,4.579520105683088
799,5.25955583216102,0.0018458017895603,5.26140163395058
800,3.8734980490781368,0.0052452332964172,3.878743282374554
801,4.1427303063747125,0.0038826887903731,4.146612995165086
802,5.668266335620984,-0.0015690844427496,5.666697251178235
803,5.671509632904874,-0.0013226724717636,5.67018696043311
804,4.6883616970539865,-0.0001353348869113,4.688226362167075
805,3.8971086899177534,-0.0001366658378501,3.896972024079904
806,4.617720569710462,0.0042920159547303,4.622012585665193
807,3.868939467011872,0.0010420269871307,3.8699814939990023
808,2.6883441869048603,6.003363287021557e-05,2.6884042205377305
809,5.27547790044272,0.0023190076416668,5.277796908084387
810,4.5614476018913415,-0.0015812973706275,4.559866304520714
811,5.673945560931081,-0.0005516676237995,5.673393893307281
812,3.988310448677707,1.766814776082981e-05,3.988328116825468
813,6.987328432688059,-0.0016435630277271,6.985684869660332
814,5.270881317606316,0.0007067342409978,5.2715880518473135
815,3.888842105382828,0.0014963539642351,3.8903384593470633
816,3.939181261351882,0.0003520292715624,3.939533290623445
817,3.889349419256993,0.0010599532875747,3.890409372544568
818,5.807235817393467,-0.000691466527174,5.806544350866293
819,5.668464206480335,-0.0009682059143916,5.667496000565944
820,3.8965702751088376,0.0034421093233145,3.900012384432152
821,4.626903768246695,-0.0021706357906765,4.624733132456019
822,4.545513686340595,0.0012156002556729,4.546729286596268
823,3.725659286928929,0.0009346603864042,3.726593947315333
824,4.1367567336762985,0.0040798357288966,4.140836569405195
825,5.663130603193297,-0.0007030386420492,5.662427564551248
826,4.144102659153143,0.0039043191121859,4.148006978265329
827,5.280638318108066,0.0016912288543604,5.282329546962426
828,2.3533511813683905,-0.0019380477506967,2.3514131336176938
829,5.670432556602723,-0.0015948296704486,5.668837726932274
830,5.671681429513699,-0.0008631053340142,5.670818324179685
831,5.284317709979369,0.0001445189860262,5.284462228965396
832,6.686241357942322,-0.0007219727022018,6.68551938524012
833,5.271842996234399,0.0004419032325113,5.272284899466911
834,5.273444763981029,0.0024345254510578,5.275879289432087
835,2.518742873900031,0.0034902529326075,2.5222331268326386
836,5.654666049125671,-0.0020874472310072,5.652578601894664
837,5.261404467275886,0.007601302374768,5.269005769650654
838,5.268031874996124,0.0062425503335266,5.274274425329651
839,4.146653750770213,-0.0019973631092256,4.144656387660987
840,4.129840045414783,0.0024615174956519,4.132301562910435
841,2.8096951652266977,-0.0003697188797548,2.809325446346943
842,4.131944887864416,0.0002574507768908,4.1322023386413065
843,3.8674517796874905,-8.11028683411763e-05,3.867370676819149
844,4.072448910516524,0.0021836439189364,4.0746325544354605
845,5.27019551594838,-0.0005412187715201,5.26965429717686
846,3.847035874002543,0.0014505928019303,3.8484864668044736
847,4.683676071767094,0.0003506882199157,4.68402675998701
848,4.145997874122877,0.0007249380949758,4.1467228122178525
849,4.649925799361037,-0.0021825545115188,4.647743244849519
850,5.672068056357063,-0.0007621396349044,5.671305916722158
851,5.267534659057565,0.0049667169392062,5.272501375996772
852,4.146308140379846,-0.0017426946844505,4.144565445695395
853,3.06309881950342,0.0008998571380409,3.063998676641461
854,4.1814158721753,0.002939254570748,4.184355126746048
855,5.279806866674493,0.0040810691016961,5.283887935776189
856,2.7876191897572937,0.0004801753067518,2.788099365064045
857,4.693300287453603,-2.5653533800351624e-05,4.693274633919803
858,4.746973052286124,0.0032236237013751,4.7501966759875
859,3.988309830367124,7.167806126417986e-06,3.98831699817325
860,4.549885987792058,5.888251702579339e-05,4.549944870309084
861,5.581420496061092,-0.0013302006852597,5.5800902953758325
862,5.662019271907138,0.0002820173646824,5.66230128927182
863,6.803327530360008,-0.0008887310900291,6.802438799269979
864,3.899290619297116,0.0027575122245444,3.90204813152166
865,3.902330514647952,-8.17558701964316e-05,3.902248758777756
866,4.255860662381275,0.0001190232515195,4.255979685632795
867,4.544737536359182,-0.0005399629323044,4.544197573426878
868,4.650671442185873,-0.0021124328431572,4.648559009342716
869,5.275310667028236,0.0009900980119752,5.276300765040212
870,4.6560395332269255,-0.0010091280959922,4.655030405130933
871,3.8256937553220265,0.0017251276687577,3.827418882990784
872,4.87015466068557,0.0009698337432002,4.87112449442877
873,5.272741318847467,-0.0003836093748876,5.27235770947258
874,2.523611836383804,-0.0005790307409618,2.523032805642842
875,3.866028841315419,0.0007861684930041,3.8668150098084233
876,3.868447655360713,-8.084090241133879e-05,3.8683668144583017
877,3.902886843658482,0.0010637116317475,3.90395055529023
878,5.271793856134323,0.0015387211810633,5.2733325773153865
879,3.872583470321164,0.0036773499197977,3.8762608202409616
880,4.687450951649277,-0.0002020554622585,4.687248896187018
881,3.898478996157433,9.98164167356208e-05,3.898578812574169
882,3.987095169500892,-0.0009345706838654,3.986160598817026
883,5.258813563725932,0.002423684427443,5.261237248153375
884,5.291237188930378,-0.0013176760249287,5.289919512905449
885,4.181785758058769,0.0058952756319854,4.187681033690755
886,5.270385939073961,-0.0018754906948501,5.268510448379111
887,2.729001063248491,-0.0008808414991978,2.7281202217492933
888,5.65924606394773,-0.0025440153651636,5.656702048582567
889,4.627736067285296,-0.002439573745347,4.625296493539949
890,3.825877742978484,0.0017126550560746,3.827590398034559
891,4.622296735895672,-0.0014162432640194,4.6208804926316525
892,3.894300683240246,-0.0001262213212669,3.894174461918979
893,5.675780026266834,-0.0006645430961267,5.675115483170707
894,4.656289727742079,-0.0019936315292721,4.654296096212807
895,2.7754446419627232,-0.000494295432583,2.77495034653014
896,5.656813846848003,-0.002660520550993,5.65415332629701
897,3.865822131284133,-0.0004505362237665,3.865371595060367
898,3.955501382613349,0.0021923770849134,3.9576937596982624
899,4.570080072377229,0.0010357219501795,4.571115794327408
900,2.7267837863713744,-0.0006513326273669,2.7261324537440075
901,4.543513007261373,0.0002461914156324,4.543759198677005
902,5.310289101283134,-0.0024527950232684,5.3078363062598655
903,4.129493710235353,0.001123994767509,4.130617705002862
904,4.863466331389725,0.0010072074624627,4.864473538852188
905,4.003364471256365,0.0019526262289488,4.005317097485314
906,3.0766334196386005,0.0012237000626491,3.0778571197012496
907,3.1188184471493727,-0.0006874442807074,3.1181310028686653
908,2.5199725307391514,0.0018635031953539,2.5218360339345054
909,3.064002502668252,0.0006658291392156,3.064668331807468
910,5.274336968891939,-0.0014941920400115,5.272842776851928
912,5.266557579460903,0.006122759934767,5.27268033939567
913,4.687802401076352,-0.0010199582529804,4.686782442823372
914,5.660647143063688,-0.0017527769388401,5.658894366124848
915,4.279505930378056,-4.790385386677088e-05,4.279458026524189
916,5.273000330131463,-0.0006768679176438,5.272323462213819
917,4.735973450910366,-0.0012476446810811,4.734725806229285
918,3.827673459168128,0.0009651929839478,3.828638652152076
919,4.13575533520922,0.0058707742435384,4.141626109452758
920,4.8621773916521125,-1.5357410285687934e-05,4.862162034241827
921,5.268197781198653,0.0011549567297155,5.269352737928369
922,1.6621993318106458,-0.001733990070738,1.6604653417399078
923,3.868170673628013,0.0004091922597826,3.868579865887796
924,5.66839362785792,-0.0009756866757193,5.667417941182201
925,2.7308353491089186,-0.0003643565892375,2.730470992519681
926,5.060301293075636,-0.001935155876545,5.058366137199091
927,5.271389257387918,-0.0022020295154998,5.269187227872418
928,3.875479429689557,0.0006280865557517,3.876107516245309
929,3.250451280647445,-0.0019380133719923,3.2485132672754524
930,2.724162178803482,-0.0024216015869455,2.7217405772165364
931,3.899299725728138,-0.0001800659466049,3.899119659781533
932,5.392469584625491,-0.0022616059778606,5.390207978647631
933,4.654360088271192,-0.0014639115709957,4.652896176700196
934,3.871300291466902,0.0049868893430833,3.876287180809985
935,5.675917080334191,-0.0005163626545936,5.675400717679597
936,2.577566484668493,-0.000292130125155,2.577274354543338
937,5.30848607521842,0.0030678443676723,5.311553919586093
938,6.811188808243159,-0.0007846184513056,6.8104041897918535
939,5.28006502965229,0.0027711289943201,5.28283615864661
940,5.523879622893634,-0.0001456553408942,5.52373396755274
941,5.34631483191326,-0.0012593984140583,5.345055433499201
942,4.652671266916888,-0.0007108175104679,4.65196044940642
943,4.640395958662014,-0.0026402800400671,4.6377556786219465
944,4.688806372304786,0.0002286909333619,4.689035063238148
945,2.724912492026167,-0.0008819585919646,2.7240305334342025
946,5.2696562172643,0.0068621272047426,5.276518344469043
947,4.639734458467199,-0.0017833233724751,4.637951135094724
948,4.68797761292689,-0.0016852623111418,4.686292350615748
949,5.267717956485868,0.0051034971452423,5.27282145363111
950,3.1164046326558825,0.0021198914616498,3.1185245241175323
951,2.7311339987428465,-0.0002920800441525,2.730841918698694
952,4.1542995069292985,0.00506891148488,4.159368418414179
953,3.8772371296816033,0.002320390491814,3.879557520173418
954,3.8820260078716657,0.0038597749327529,3.885885782804418
955,3.887572981034314,0.0031145828950371,3.890687563929351
956,2.531257920893797,0.0008773337992273,2.5321352546930243
957,5.271520246945226,0.0032566706341512,5.274776917579377
958,5.668235889354564,-0.0023802488014883,5.665855640553076
959,4.2563588418026495,0.0020059902703994,4.258364832073049
960,4.645869470228464,-0.0018724450706972,4.643997025157766
961,3.05159096645896,0.0005724259796018,3.052163392438562
962,5.272233695305776,0.0041026664109509,5.276336361716727
963,4.549030880900267,-0.000876765321367,4.5481541155789
964,4.150551242274263,0.0033093837279398,4.153860626002203
965,3.1964835970887204,-0.0005565437932961,3.1959270532954243
966,5.6741835227465565,-0.000509399388612,5.673674123357944
967,4.257302157295847,0.0019540760506799,4.259256233346527
968,5.460600356025772,-0.0010033423903621,5.45959701363541
969,5.657602609857671,-0.0021171590482307,5.65548545080944
970,3.885494290242537,0.0005280556559554,3.8860223458984926
971,3.913385677083436,0.0019557966344372,3.9153414737178736
972,3.156204806244141,-0.0010687791143375,3.155136027129803
973,6.77671737938547,-0.0012801561872883,6.775437223198182
974,2.8133152665828103,0.0028350436332669,2.816150310216077
975,3.889354825037522,0.0005568145789318,3.8899116396164537
976,5.665590151324931,-0.0019888673996462,5.663601283925285
977,4.680674620786402,0.0040349372159518,4.6847095580023534
978,5.66095410769756,-0.0022299175872539,5.658724190110306
979,3.831908337664295,0.0041558164580877,3.836064154122383
980,2.5295405118836083,0.0014358672976069,2.530976379181215
981,3.3000298219154978,0.0003884484601037,3.300418270375601
982,2.7414732007812628,-0.0002230983341622,2.7412501024471005
983,5.270110632759682,0.0008775409190491,5.270988173678731
984,3.8842577010966544,0.0012607269099476,3.885518428006602
985,3.88334198499777,0.0010253434672726,3.884367328465043
986,5.645875177832785,-0.0015855869113146,5.644289590921471
987,5.662879448847281,-0.0027421952732211,5.66013725357406
988,2.5272246218425014,0.0027973103719798,2.530021932214481
989,5.660244048312567,-0.0017990045723834,5.658445043740183
990,3.825016809738148,0.0002084287292127,3.825225238467361
991,2.728115595009861,-0.0008437592328185,2.7272718357770422
992,3.894814016604183,0.0033082986322234,3.898122315236407
993,5.283889717704696,-4.51328875428203e-05,5.283844584817153
994,4.653685976068809,-0.0012340513699502,4.652451924698859
995,5.277511969888899,-0.0002647506219837,5.277247219266915
996,5.664722602179012,-0.0013186441582035,5.663403958020808
997,4.5163916199838585,0.003117002057829,4.519508622041688
998,3.06143039761597,0.0007406465426331,3.062171044158603
999,5.743395527558903,-0.0001676536192718,5.743227873939631
